[
  {
    "name": "Process Start",
    "start": 1625193112146,
    "end": 1625193113262,
    "duration": 1116,
    "pid": 4444,
    "index": 0
  },
  {
    "name": "Application Start",
    "start": 1625193113262,
    "end": 1625193114921,
    "duration": 1659,
    "pid": 4444,
    "index": 1
  },
  {
    "name": "Load Plugin",
    "start": 1625193113272,
    "end": 1625193113295,
    "duration": 23,
    "pid": 4444,
    "index": 2
  },
  {
    "name": "Load Config",
    "start": 1625193113295,
    "end": 1625193113364,
    "duration": 69,
    "pid": 4444,
    "index": 3
  },
  {
    "name": "Require(0) config/config.default.js",
    "start": 1625193113296,
    "end": 1625193113332,
    "duration": 36,
    "pid": 4444,
    "index": 4
  },
  {
    "name": "Require(1) config/config.local.js",
    "start": 1625193113334,
    "end": 1625193113334,
    "duration": 0,
    "pid": 4444,
    "index": 5
  },
  {
    "name": "Require(2) node_modules/egg-session/config/config.default.js",
    "start": 1625193113337,
    "end": 1625193113337,
    "duration": 0,
    "pid": 4444,
    "index": 6
  },
  {
    "name": "Require(3) node_modules/egg-security/config/config.default.js",
    "start": 1625193113338,
    "end": 1625193113338,
    "duration": 0,
    "pid": 4444,
    "index": 7
  },
  {
    "name": "Require(4) node_modules/egg-jsonp/config/config.default.js",
    "start": 1625193113339,
    "end": 1625193113339,
    "duration": 0,
    "pid": 4444,
    "index": 8
  },
  {
    "name": "Require(5) node_modules/egg-onerror/config/config.default.js",
    "start": 1625193113340,
    "end": 1625193113340,
    "duration": 0,
    "pid": 4444,
    "index": 9
  },
  {
    "name": "Require(6) node_modules/egg-i18n/config/config.default.js",
    "start": 1625193113340,
    "end": 1625193113341,
    "duration": 1,
    "pid": 4444,
    "index": 10
  },
  {
    "name": "Require(7) node_modules/egg-watcher/config/config.default.js",
    "start": 1625193113341,
    "end": 1625193113341,
    "duration": 0,
    "pid": 4444,
    "index": 11
  },
  {
    "name": "Require(8) node_modules/egg-schedule/config/config.default.js",
    "start": 1625193113342,
    "end": 1625193113342,
    "duration": 0,
    "pid": 4444,
    "index": 12
  },
  {
    "name": "Require(9) node_modules/egg-multipart/config/config.default.js",
    "start": 1625193113343,
    "end": 1625193113343,
    "duration": 0,
    "pid": 4444,
    "index": 13
  },
  {
    "name": "Require(10) node_modules/egg-development/config/config.default.js",
    "start": 1625193113344,
    "end": 1625193113344,
    "duration": 0,
    "pid": 4444,
    "index": 14
  },
  {
    "name": "Require(11) node_modules/egg-logrotator/config/config.default.js",
    "start": 1625193113345,
    "end": 1625193113345,
    "duration": 0,
    "pid": 4444,
    "index": 15
  },
  {
    "name": "Require(12) node_modules/egg-static/config/config.default.js",
    "start": 1625193113346,
    "end": 1625193113346,
    "duration": 0,
    "pid": 4444,
    "index": 16
  },
  {
    "name": "Require(13) node_modules/egg-view/config/config.default.js",
    "start": 1625193113346,
    "end": 1625193113347,
    "duration": 1,
    "pid": 4444,
    "index": 17
  },
  {
    "name": "Require(14) node_modules/egg-jwt/config/config.default.js",
    "start": 1625193113349,
    "end": 1625193113350,
    "duration": 1,
    "pid": 4444,
    "index": 18
  },
  {
    "name": "Require(15) node_modules/egg-cors/config/config.default.js",
    "start": 1625193113352,
    "end": 1625193113353,
    "duration": 1,
    "pid": 4444,
    "index": 19
  },
  {
    "name": "Require(16) node_modules/egg-view-ejs/config/config.default.js",
    "start": 1625193113354,
    "end": 1625193113354,
    "duration": 0,
    "pid": 4444,
    "index": 20
  },
  {
    "name": "Require(17) node_modules/egg/config/config.default.js",
    "start": 1625193113355,
    "end": 1625193113355,
    "duration": 0,
    "pid": 4444,
    "index": 21
  },
  {
    "name": "Require(18) config/config.default.js",
    "start": 1625193113357,
    "end": 1625193113357,
    "duration": 0,
    "pid": 4444,
    "index": 22
  },
  {
    "name": "Require(19) node_modules/egg-security/config/config.local.js",
    "start": 1625193113357,
    "end": 1625193113358,
    "duration": 1,
    "pid": 4444,
    "index": 23
  },
  {
    "name": "Require(20) node_modules/egg-watcher/config/config.local.js",
    "start": 1625193113359,
    "end": 1625193113359,
    "duration": 0,
    "pid": 4444,
    "index": 24
  },
  {
    "name": "Require(21) node_modules/egg-view/config/config.local.js",
    "start": 1625193113361,
    "end": 1625193113362,
    "duration": 1,
    "pid": 4444,
    "index": 25
  },
  {
    "name": "Require(22) node_modules/egg-view-ejs/config/config.local.js",
    "start": 1625193113363,
    "end": 1625193113363,
    "duration": 0,
    "pid": 4444,
    "index": 26
  },
  {
    "name": "Require(23) node_modules/egg/config/config.local.js",
    "start": 1625193113363,
    "end": 1625193113363,
    "duration": 0,
    "pid": 4444,
    "index": 27
  },
  {
    "name": "Require(24) config/config.local.js",
    "start": 1625193113364,
    "end": 1625193113364,
    "duration": 0,
    "pid": 4444,
    "index": 28
  },
  {
    "name": "Load extend/application.js",
    "start": 1625193113373,
    "end": 1625193113453,
    "duration": 80,
    "pid": 4444,
    "index": 29
  },
  {
    "name": "Require(25) node_modules/egg-session/app/extend/application.js",
    "start": 1625193113373,
    "end": 1625193113374,
    "duration": 1,
    "pid": 4444,
    "index": 30
  },
  {
    "name": "Require(26) node_modules/egg-security/app/extend/application.js",
    "start": 1625193113374,
    "end": 1625193113375,
    "duration": 1,
    "pid": 4444,
    "index": 31
  },
  {
    "name": "Require(27) node_modules/egg-jsonp/app/extend/application.js",
    "start": 1625193113376,
    "end": 1625193113377,
    "duration": 1,
    "pid": 4444,
    "index": 32
  },
  {
    "name": "Require(28) node_modules/egg-logrotator/app/extend/application.js",
    "start": 1625193113380,
    "end": 1625193113383,
    "duration": 3,
    "pid": 4444,
    "index": 33
  },
  {
    "name": "Require(29) node_modules/egg-view/app/extend/application.js",
    "start": 1625193113385,
    "end": 1625193113386,
    "duration": 1,
    "pid": 4444,
    "index": 34
  },
  {
    "name": "Require(30) node_modules/egg-jwt/app/extend/application.js",
    "start": 1625193113387,
    "end": 1625193113445,
    "duration": 58,
    "pid": 4444,
    "index": 35
  },
  {
    "name": "Load extend/request.js",
    "start": 1625193113453,
    "end": 1625193113469,
    "duration": 16,
    "pid": 4444,
    "index": 36
  },
  {
    "name": "Require(31) node_modules/egg/app/extend/request.js",
    "start": 1625193113459,
    "end": 1625193113460,
    "duration": 1,
    "pid": 4444,
    "index": 37
  },
  {
    "name": "Load extend/response.js",
    "start": 1625193113470,
    "end": 1625193113490,
    "duration": 20,
    "pid": 4444,
    "index": 38
  },
  {
    "name": "Require(32) node_modules/egg/app/extend/response.js",
    "start": 1625193113480,
    "end": 1625193113483,
    "duration": 3,
    "pid": 4444,
    "index": 39
  },
  {
    "name": "Load extend/context.js",
    "start": 1625193113490,
    "end": 1625193113564,
    "duration": 74,
    "pid": 4444,
    "index": 40
  },
  {
    "name": "Require(33) node_modules/egg-security/app/extend/context.js",
    "start": 1625193113491,
    "end": 1625193113503,
    "duration": 12,
    "pid": 4444,
    "index": 41
  },
  {
    "name": "Require(34) node_modules/egg-jsonp/app/extend/context.js",
    "start": 1625193113503,
    "end": 1625193113505,
    "duration": 2,
    "pid": 4444,
    "index": 42
  },
  {
    "name": "Require(35) node_modules/egg-i18n/app/extend/context.js",
    "start": 1625193113506,
    "end": 1625193113506,
    "duration": 0,
    "pid": 4444,
    "index": 43
  },
  {
    "name": "Require(36) node_modules/egg-multipart/app/extend/context.js",
    "start": 1625193113508,
    "end": 1625193113553,
    "duration": 45,
    "pid": 4444,
    "index": 44
  },
  {
    "name": "Require(37) node_modules/egg-view/app/extend/context.js",
    "start": 1625193113554,
    "end": 1625193113555,
    "duration": 1,
    "pid": 4444,
    "index": 45
  },
  {
    "name": "Require(38) node_modules/egg/app/extend/context.js",
    "start": 1625193113556,
    "end": 1625193113557,
    "duration": 1,
    "pid": 4444,
    "index": 46
  },
  {
    "name": "Require(39) app/extend/context.js",
    "start": 1625193113558,
    "end": 1625193113558,
    "duration": 0,
    "pid": 4444,
    "index": 47
  },
  {
    "name": "Load extend/helper.js",
    "start": 1625193113564,
    "end": 1625193113594,
    "duration": 30,
    "pid": 4444,
    "index": 48
  },
  {
    "name": "Require(40) node_modules/egg-security/app/extend/helper.js",
    "start": 1625193113565,
    "end": 1625193113583,
    "duration": 18,
    "pid": 4444,
    "index": 49
  },
  {
    "name": "Require(41) node_modules/egg/app/extend/helper.js",
    "start": 1625193113588,
    "end": 1625193113588,
    "duration": 0,
    "pid": 4444,
    "index": 50
  },
  {
    "name": "Load app.js",
    "start": 1625193113595,
    "end": 1625193113644,
    "duration": 49,
    "pid": 4444,
    "index": 51
  },
  {
    "name": "Require(42) node_modules/egg-session/app.js",
    "start": 1625193113595,
    "end": 1625193113596,
    "duration": 1,
    "pid": 4444,
    "index": 52
  },
  {
    "name": "Require(43) node_modules/egg-security/app.js",
    "start": 1625193113596,
    "end": 1625193113598,
    "duration": 2,
    "pid": 4444,
    "index": 53
  },
  {
    "name": "Require(44) node_modules/egg-onerror/app.js",
    "start": 1625193113599,
    "end": 1625193113607,
    "duration": 8,
    "pid": 4444,
    "index": 54
  },
  {
    "name": "Require(45) node_modules/egg-i18n/app.js",
    "start": 1625193113608,
    "end": 1625193113629,
    "duration": 21,
    "pid": 4444,
    "index": 55
  },
  {
    "name": "Require(46) node_modules/egg-watcher/app.js",
    "start": 1625193113630,
    "end": 1625193113634,
    "duration": 4,
    "pid": 4444,
    "index": 56
  },
  {
    "name": "Require(47) node_modules/egg-schedule/app.js",
    "start": 1625193113635,
    "end": 1625193113636,
    "duration": 1,
    "pid": 4444,
    "index": 57
  },
  {
    "name": "Require(48) node_modules/egg-multipart/app.js",
    "start": 1625193113636,
    "end": 1625193113637,
    "duration": 1,
    "pid": 4444,
    "index": 58
  },
  {
    "name": "Require(49) node_modules/egg-development/app.js",
    "start": 1625193113637,
    "end": 1625193113637,
    "duration": 0,
    "pid": 4444,
    "index": 59
  },
  {
    "name": "Require(50) node_modules/egg-logrotator/app.js",
    "start": 1625193113638,
    "end": 1625193113638,
    "duration": 0,
    "pid": 4444,
    "index": 60
  },
  {
    "name": "Require(51) node_modules/egg-static/app.js",
    "start": 1625193113638,
    "end": 1625193113639,
    "duration": 1,
    "pid": 4444,
    "index": 61
  },
  {
    "name": "Require(52) node_modules/egg-jwt/app.js",
    "start": 1625193113640,
    "end": 1625193113640,
    "duration": 0,
    "pid": 4444,
    "index": 62
  },
  {
    "name": "Require(53) node_modules/egg-cors/app.js",
    "start": 1625193113641,
    "end": 1625193113641,
    "duration": 0,
    "pid": 4444,
    "index": 63
  },
  {
    "name": "Require(54) node_modules/egg-view-ejs/app.js",
    "start": 1625193113642,
    "end": 1625193113642,
    "duration": 0,
    "pid": 4444,
    "index": 64
  },
  {
    "name": "Require(55) app.js",
    "start": 1625193113643,
    "end": 1625193113644,
    "duration": 1,
    "pid": 4444,
    "index": 65
  },
  {
    "name": "Before Start in node_modules/egg-watcher/lib/init.js:15:14",
    "start": 1625193113654,
    "end": 1625193114919,
    "duration": 1265,
    "pid": 4444,
    "index": 66
  },
  {
    "name": "Did Load in app.js:didLoad",
    "start": 1625193113685,
    "end": 1625193114903,
    "duration": 1218,
    "pid": 4444,
    "index": 67
  },
  {
    "name": "Load Service",
    "start": 1625193113685,
    "end": 1625193113760,
    "duration": 75,
    "pid": 4444,
    "index": 68
  },
  {
    "name": "Load \"service\" to Context",
    "start": 1625193113685,
    "end": 1625193113760,
    "duration": 75,
    "pid": 4444,
    "index": 69
  },
  {
    "name": "Load Middleware",
    "start": 1625193113760,
    "end": 1625193113952,
    "duration": 192,
    "pid": 4444,
    "index": 70
  },
  {
    "name": "Load \"middlewares\" to Application",
    "start": 1625193113761,
    "end": 1625193113925,
    "duration": 164,
    "pid": 4444,
    "index": 71
  },
  {
    "name": "Load Controller",
    "start": 1625193113953,
    "end": 1625193113959,
    "duration": 6,
    "pid": 4444,
    "index": 72
  },
  {
    "name": "Load \"controller\" to Application",
    "start": 1625193113953,
    "end": 1625193113959,
    "duration": 6,
    "pid": 4444,
    "index": 73
  },
  {
    "name": "Load Router",
    "start": 1625193113959,
    "end": 1625193113970,
    "duration": 11,
    "pid": 4444,
    "index": 74
  },
  {
    "name": "Require(56) app/router/index.js",
    "start": 1625193113961,
    "end": 1625193113961,
    "duration": 0,
    "pid": 4444,
    "index": 75
  },
  {
    "name": "Before Start in node_modules/egg-core/lib/egg.js:303:10",
    "start": 1625193113962,
    "end": 1625193114903,
    "duration": 941,
    "pid": 4444,
    "index": 76
  },
  {
    "name": "Will Ready in app.js:willReady",
    "start": 1625193114920,
    "end": 1625193114921,
    "duration": 1,
    "pid": 4444,
    "index": 77
  }
]