[
  {
    "name": "Process Start",
    "start": 1627608237252,
    "end": 1627608238126,
    "duration": 874,
    "pid": 10696,
    "index": 0
  },
  {
    "name": "Application Start",
    "start": 1627608238127,
    "end": 1627608239749,
    "duration": 1622,
    "pid": 10696,
    "index": 1
  },
  {
    "name": "Load Plugin",
    "start": 1627608238131,
    "end": 1627608238153,
    "duration": 22,
    "pid": 10696,
    "index": 2
  },
  {
    "name": "Load Config",
    "start": 1627608238154,
    "end": 1627608238219,
    "duration": 65,
    "pid": 10696,
    "index": 3
  },
  {
    "name": "Require(0) config/config.default.js",
    "start": 1627608238155,
    "end": 1627608238191,
    "duration": 36,
    "pid": 10696,
    "index": 4
  },
  {
    "name": "Require(1) config/config.prod.js",
    "start": 1627608238192,
    "end": 1627608238193,
    "duration": 1,
    "pid": 10696,
    "index": 5
  },
  {
    "name": "Require(2) node_modules/egg-session/config/config.default.js",
    "start": 1627608238194,
    "end": 1627608238194,
    "duration": 0,
    "pid": 10696,
    "index": 6
  },
  {
    "name": "Require(3) node_modules/egg-security/config/config.default.js",
    "start": 1627608238195,
    "end": 1627608238195,
    "duration": 0,
    "pid": 10696,
    "index": 7
  },
  {
    "name": "Require(4) node_modules/egg-jsonp/config/config.default.js",
    "start": 1627608238196,
    "end": 1627608238196,
    "duration": 0,
    "pid": 10696,
    "index": 8
  },
  {
    "name": "Require(5) node_modules/egg-onerror/config/config.default.js",
    "start": 1627608238197,
    "end": 1627608238197,
    "duration": 0,
    "pid": 10696,
    "index": 9
  },
  {
    "name": "Require(6) node_modules/egg-i18n/config/config.default.js",
    "start": 1627608238198,
    "end": 1627608238198,
    "duration": 0,
    "pid": 10696,
    "index": 10
  },
  {
    "name": "Require(7) node_modules/egg-watcher/config/config.default.js",
    "start": 1627608238199,
    "end": 1627608238200,
    "duration": 1,
    "pid": 10696,
    "index": 11
  },
  {
    "name": "Require(8) node_modules/egg-schedule/config/config.default.js",
    "start": 1627608238200,
    "end": 1627608238201,
    "duration": 1,
    "pid": 10696,
    "index": 12
  },
  {
    "name": "Require(9) node_modules/egg-multipart/config/config.default.js",
    "start": 1627608238202,
    "end": 1627608238202,
    "duration": 0,
    "pid": 10696,
    "index": 13
  },
  {
    "name": "Require(10) node_modules/egg-logrotator/config/config.default.js",
    "start": 1627608238203,
    "end": 1627608238203,
    "duration": 0,
    "pid": 10696,
    "index": 14
  },
  {
    "name": "Require(11) node_modules/egg-static/config/config.default.js",
    "start": 1627608238204,
    "end": 1627608238205,
    "duration": 1,
    "pid": 10696,
    "index": 15
  },
  {
    "name": "Require(12) node_modules/egg-view/config/config.default.js",
    "start": 1627608238207,
    "end": 1627608238207,
    "duration": 0,
    "pid": 10696,
    "index": 16
  },
  {
    "name": "Require(13) node_modules/egg-jwt/config/config.default.js",
    "start": 1627608238208,
    "end": 1627608238208,
    "duration": 0,
    "pid": 10696,
    "index": 17
  },
  {
    "name": "Require(14) node_modules/egg-cors/config/config.default.js",
    "start": 1627608238209,
    "end": 1627608238209,
    "duration": 0,
    "pid": 10696,
    "index": 18
  },
  {
    "name": "Require(15) node_modules/egg-view-ejs/config/config.default.js",
    "start": 1627608238210,
    "end": 1627608238210,
    "duration": 0,
    "pid": 10696,
    "index": 19
  },
  {
    "name": "Require(16) node_modules/egg/config/config.default.js",
    "start": 1627608238211,
    "end": 1627608238211,
    "duration": 0,
    "pid": 10696,
    "index": 20
  },
  {
    "name": "Require(17) config/config.default.js",
    "start": 1627608238213,
    "end": 1627608238213,
    "duration": 0,
    "pid": 10696,
    "index": 21
  },
  {
    "name": "Require(18) node_modules/egg-static/config/config.prod.js",
    "start": 1627608238217,
    "end": 1627608238217,
    "duration": 0,
    "pid": 10696,
    "index": 22
  },
  {
    "name": "Require(19) config/config.prod.js",
    "start": 1627608238219,
    "end": 1627608238219,
    "duration": 0,
    "pid": 10696,
    "index": 23
  },
  {
    "name": "Load extend/application.js",
    "start": 1627608238226,
    "end": 1627608238295,
    "duration": 69,
    "pid": 10696,
    "index": 24
  },
  {
    "name": "Require(20) node_modules/egg-session/app/extend/application.js",
    "start": 1627608238227,
    "end": 1627608238228,
    "duration": 1,
    "pid": 10696,
    "index": 25
  },
  {
    "name": "Require(21) node_modules/egg-security/app/extend/application.js",
    "start": 1627608238228,
    "end": 1627608238229,
    "duration": 1,
    "pid": 10696,
    "index": 26
  },
  {
    "name": "Require(22) node_modules/egg-jsonp/app/extend/application.js",
    "start": 1627608238230,
    "end": 1627608238232,
    "duration": 2,
    "pid": 10696,
    "index": 27
  },
  {
    "name": "Require(23) node_modules/egg-logrotator/app/extend/application.js",
    "start": 1627608238235,
    "end": 1627608238237,
    "duration": 2,
    "pid": 10696,
    "index": 28
  },
  {
    "name": "Require(24) node_modules/egg-view/app/extend/application.js",
    "start": 1627608238238,
    "end": 1627608238240,
    "duration": 2,
    "pid": 10696,
    "index": 29
  },
  {
    "name": "Require(25) node_modules/egg-jwt/app/extend/application.js",
    "start": 1627608238240,
    "end": 1627608238288,
    "duration": 48,
    "pid": 10696,
    "index": 30
  },
  {
    "name": "Load extend/request.js",
    "start": 1627608238295,
    "end": 1627608238310,
    "duration": 15,
    "pid": 10696,
    "index": 31
  },
  {
    "name": "Require(26) node_modules/egg/app/extend/request.js",
    "start": 1627608238301,
    "end": 1627608238302,
    "duration": 1,
    "pid": 10696,
    "index": 32
  },
  {
    "name": "Load extend/response.js",
    "start": 1627608238310,
    "end": 1627608238325,
    "duration": 15,
    "pid": 10696,
    "index": 33
  },
  {
    "name": "Require(27) node_modules/egg/app/extend/response.js",
    "start": 1627608238316,
    "end": 1627608238319,
    "duration": 3,
    "pid": 10696,
    "index": 34
  },
  {
    "name": "Load extend/context.js",
    "start": 1627608238325,
    "end": 1627608238403,
    "duration": 78,
    "pid": 10696,
    "index": 35
  },
  {
    "name": "Require(28) node_modules/egg-security/app/extend/context.js",
    "start": 1627608238326,
    "end": 1627608238339,
    "duration": 13,
    "pid": 10696,
    "index": 36
  },
  {
    "name": "Require(29) node_modules/egg-jsonp/app/extend/context.js",
    "start": 1627608238339,
    "end": 1627608238341,
    "duration": 2,
    "pid": 10696,
    "index": 37
  },
  {
    "name": "Require(30) node_modules/egg-i18n/app/extend/context.js",
    "start": 1627608238342,
    "end": 1627608238342,
    "duration": 0,
    "pid": 10696,
    "index": 38
  },
  {
    "name": "Require(31) node_modules/egg-multipart/app/extend/context.js",
    "start": 1627608238343,
    "end": 1627608238391,
    "duration": 48,
    "pid": 10696,
    "index": 39
  },
  {
    "name": "Require(32) node_modules/egg-view/app/extend/context.js",
    "start": 1627608238392,
    "end": 1627608238393,
    "duration": 1,
    "pid": 10696,
    "index": 40
  },
  {
    "name": "Require(33) node_modules/egg/app/extend/context.js",
    "start": 1627608238395,
    "end": 1627608238396,
    "duration": 1,
    "pid": 10696,
    "index": 41
  },
  {
    "name": "Require(34) app/extend/context.js",
    "start": 1627608238396,
    "end": 1627608238397,
    "duration": 1,
    "pid": 10696,
    "index": 42
  },
  {
    "name": "Load extend/helper.js",
    "start": 1627608238403,
    "end": 1627608238434,
    "duration": 31,
    "pid": 10696,
    "index": 43
  },
  {
    "name": "Require(35) node_modules/egg-security/app/extend/helper.js",
    "start": 1627608238404,
    "end": 1627608238422,
    "duration": 18,
    "pid": 10696,
    "index": 44
  },
  {
    "name": "Require(36) node_modules/egg/app/extend/helper.js",
    "start": 1627608238427,
    "end": 1627608238428,
    "duration": 1,
    "pid": 10696,
    "index": 45
  },
  {
    "name": "Load app.js",
    "start": 1627608238434,
    "end": 1627608238483,
    "duration": 49,
    "pid": 10696,
    "index": 46
  },
  {
    "name": "Require(37) node_modules/egg-session/app.js",
    "start": 1627608238435,
    "end": 1627608238435,
    "duration": 0,
    "pid": 10696,
    "index": 47
  },
  {
    "name": "Require(38) node_modules/egg-security/app.js",
    "start": 1627608238436,
    "end": 1627608238437,
    "duration": 1,
    "pid": 10696,
    "index": 48
  },
  {
    "name": "Require(39) node_modules/egg-onerror/app.js",
    "start": 1627608238438,
    "end": 1627608238447,
    "duration": 9,
    "pid": 10696,
    "index": 49
  },
  {
    "name": "Require(40) node_modules/egg-i18n/app.js",
    "start": 1627608238447,
    "end": 1627608238468,
    "duration": 21,
    "pid": 10696,
    "index": 50
  },
  {
    "name": "Require(41) node_modules/egg-watcher/app.js",
    "start": 1627608238469,
    "end": 1627608238473,
    "duration": 4,
    "pid": 10696,
    "index": 51
  },
  {
    "name": "Require(42) node_modules/egg-schedule/app.js",
    "start": 1627608238473,
    "end": 1627608238475,
    "duration": 2,
    "pid": 10696,
    "index": 52
  },
  {
    "name": "Require(43) node_modules/egg-multipart/app.js",
    "start": 1627608238475,
    "end": 1627608238476,
    "duration": 1,
    "pid": 10696,
    "index": 53
  },
  {
    "name": "Require(44) node_modules/egg-logrotator/app.js",
    "start": 1627608238476,
    "end": 1627608238477,
    "duration": 1,
    "pid": 10696,
    "index": 54
  },
  {
    "name": "Require(45) node_modules/egg-static/app.js",
    "start": 1627608238477,
    "end": 1627608238477,
    "duration": 0,
    "pid": 10696,
    "index": 55
  },
  {
    "name": "Require(46) node_modules/egg-jwt/app.js",
    "start": 1627608238479,
    "end": 1627608238479,
    "duration": 0,
    "pid": 10696,
    "index": 56
  },
  {
    "name": "Require(47) node_modules/egg-cors/app.js",
    "start": 1627608238479,
    "end": 1627608238480,
    "duration": 1,
    "pid": 10696,
    "index": 57
  },
  {
    "name": "Require(48) node_modules/egg-view-ejs/app.js",
    "start": 1627608238480,
    "end": 1627608238480,
    "duration": 0,
    "pid": 10696,
    "index": 58
  },
  {
    "name": "Require(49) app.js",
    "start": 1627608238482,
    "end": 1627608238483,
    "duration": 1,
    "pid": 10696,
    "index": 59
  },
  {
    "name": "Before Start in node_modules/egg-watcher/lib/init.js:15:14",
    "start": 1627608238494,
    "end": 1627608239746,
    "duration": 1252,
    "pid": 10696,
    "index": 60
  },
  {
    "name": "Did Load in app.js:didLoad",
    "start": 1627608238532,
    "end": 1627608239720,
    "duration": 1188,
    "pid": 10696,
    "index": 61
  },
  {
    "name": "Load Service",
    "start": 1627608238532,
    "end": 1627608238602,
    "duration": 70,
    "pid": 10696,
    "index": 62
  },
  {
    "name": "Load \"service\" to Context",
    "start": 1627608238532,
    "end": 1627608238602,
    "duration": 70,
    "pid": 10696,
    "index": 63
  },
  {
    "name": "Load Middleware",
    "start": 1627608238602,
    "end": 1627608238762,
    "duration": 160,
    "pid": 10696,
    "index": 64
  },
  {
    "name": "Load \"middlewares\" to Application",
    "start": 1627608238602,
    "end": 1627608238737,
    "duration": 135,
    "pid": 10696,
    "index": 65
  },
  {
    "name": "Load Controller",
    "start": 1627608238762,
    "end": 1627608238770,
    "duration": 8,
    "pid": 10696,
    "index": 66
  },
  {
    "name": "Load \"controller\" to Application",
    "start": 1627608238762,
    "end": 1627608238770,
    "duration": 8,
    "pid": 10696,
    "index": 67
  },
  {
    "name": "Load Router",
    "start": 1627608238770,
    "end": 1627608238779,
    "duration": 9,
    "pid": 10696,
    "index": 68
  },
  {
    "name": "Require(50) app/router/index.js",
    "start": 1627608238771,
    "end": 1627608238772,
    "duration": 1,
    "pid": 10696,
    "index": 69
  },
  {
    "name": "Before Start in node_modules/egg-core/lib/egg.js:303:10",
    "start": 1627608238773,
    "end": 1627608239720,
    "duration": 947,
    "pid": 10696,
    "index": 70
  },
  {
    "name": "Will Ready in app.js:willReady",
    "start": 1627608239748,
    "end": 1627608239749,
    "duration": 1,
    "pid": 10696,
    "index": 71
  }
]