[
  {
    "name": "Process Start",
    "start": 1629270773947,
    "end": 1629270774913,
    "duration": 966,
    "pid": 2120,
    "index": 0
  },
  {
    "name": "Application Start",
    "start": 1629270774913,
    "end": 1629270776488,
    "duration": 1575,
    "pid": 2120,
    "index": 1
  },
  {
    "name": "Load Plugin",
    "start": 1629270774921,
    "end": 1629270774944,
    "duration": 23,
    "pid": 2120,
    "index": 2
  },
  {
    "name": "Load Config",
    "start": 1629270774945,
    "end": 1629270775008,
    "duration": 63,
    "pid": 2120,
    "index": 3
  },
  {
    "name": "Require(0) config/config.default.js",
    "start": 1629270774946,
    "end": 1629270774980,
    "duration": 34,
    "pid": 2120,
    "index": 4
  },
  {
    "name": "Require(1) config/config.prod.js",
    "start": 1629270774981,
    "end": 1629270774982,
    "duration": 1,
    "pid": 2120,
    "index": 5
  },
  {
    "name": "Require(2) node_modules/egg-session/config/config.default.js",
    "start": 1629270774984,
    "end": 1629270774985,
    "duration": 1,
    "pid": 2120,
    "index": 6
  },
  {
    "name": "Require(3) node_modules/egg-security/config/config.default.js",
    "start": 1629270774985,
    "end": 1629270774986,
    "duration": 1,
    "pid": 2120,
    "index": 7
  },
  {
    "name": "Require(4) node_modules/egg-jsonp/config/config.default.js",
    "start": 1629270774987,
    "end": 1629270774987,
    "duration": 0,
    "pid": 2120,
    "index": 8
  },
  {
    "name": "Require(5) node_modules/egg-onerror/config/config.default.js",
    "start": 1629270774987,
    "end": 1629270774988,
    "duration": 1,
    "pid": 2120,
    "index": 9
  },
  {
    "name": "Require(6) node_modules/egg-i18n/config/config.default.js",
    "start": 1629270774988,
    "end": 1629270774988,
    "duration": 0,
    "pid": 2120,
    "index": 10
  },
  {
    "name": "Require(7) node_modules/egg-watcher/config/config.default.js",
    "start": 1629270774989,
    "end": 1629270774989,
    "duration": 0,
    "pid": 2120,
    "index": 11
  },
  {
    "name": "Require(8) node_modules/egg-schedule/config/config.default.js",
    "start": 1629270774990,
    "end": 1629270774990,
    "duration": 0,
    "pid": 2120,
    "index": 12
  },
  {
    "name": "Require(9) node_modules/egg-multipart/config/config.default.js",
    "start": 1629270774991,
    "end": 1629270774991,
    "duration": 0,
    "pid": 2120,
    "index": 13
  },
  {
    "name": "Require(10) node_modules/egg-logrotator/config/config.default.js",
    "start": 1629270774992,
    "end": 1629270774992,
    "duration": 0,
    "pid": 2120,
    "index": 14
  },
  {
    "name": "Require(11) node_modules/egg-static/config/config.default.js",
    "start": 1629270774992,
    "end": 1629270774993,
    "duration": 1,
    "pid": 2120,
    "index": 15
  },
  {
    "name": "Require(12) node_modules/egg-view/config/config.default.js",
    "start": 1629270774994,
    "end": 1629270774994,
    "duration": 0,
    "pid": 2120,
    "index": 16
  },
  {
    "name": "Require(13) node_modules/egg-jwt/config/config.default.js",
    "start": 1629270774995,
    "end": 1629270774995,
    "duration": 0,
    "pid": 2120,
    "index": 17
  },
  {
    "name": "Require(14) node_modules/egg-cors/config/config.default.js",
    "start": 1629270774996,
    "end": 1629270774996,
    "duration": 0,
    "pid": 2120,
    "index": 18
  },
  {
    "name": "Require(15) node_modules/egg-view-ejs/config/config.default.js",
    "start": 1629270774996,
    "end": 1629270774997,
    "duration": 1,
    "pid": 2120,
    "index": 19
  },
  {
    "name": "Require(16) node_modules/egg/config/config.default.js",
    "start": 1629270774997,
    "end": 1629270774998,
    "duration": 1,
    "pid": 2120,
    "index": 20
  },
  {
    "name": "Require(17) config/config.default.js",
    "start": 1629270775001,
    "end": 1629270775001,
    "duration": 0,
    "pid": 2120,
    "index": 21
  },
  {
    "name": "Require(18) node_modules/egg-static/config/config.prod.js",
    "start": 1629270775006,
    "end": 1629270775006,
    "duration": 0,
    "pid": 2120,
    "index": 22
  },
  {
    "name": "Require(19) config/config.prod.js",
    "start": 1629270775008,
    "end": 1629270775008,
    "duration": 0,
    "pid": 2120,
    "index": 23
  },
  {
    "name": "Load extend/application.js",
    "start": 1629270775014,
    "end": 1629270775080,
    "duration": 66,
    "pid": 2120,
    "index": 24
  },
  {
    "name": "Require(20) node_modules/egg-session/app/extend/application.js",
    "start": 1629270775015,
    "end": 1629270775016,
    "duration": 1,
    "pid": 2120,
    "index": 25
  },
  {
    "name": "Require(21) node_modules/egg-security/app/extend/application.js",
    "start": 1629270775017,
    "end": 1629270775018,
    "duration": 1,
    "pid": 2120,
    "index": 26
  },
  {
    "name": "Require(22) node_modules/egg-jsonp/app/extend/application.js",
    "start": 1629270775019,
    "end": 1629270775020,
    "duration": 1,
    "pid": 2120,
    "index": 27
  },
  {
    "name": "Require(23) node_modules/egg-logrotator/app/extend/application.js",
    "start": 1629270775022,
    "end": 1629270775023,
    "duration": 1,
    "pid": 2120,
    "index": 28
  },
  {
    "name": "Require(24) node_modules/egg-view/app/extend/application.js",
    "start": 1629270775025,
    "end": 1629270775027,
    "duration": 2,
    "pid": 2120,
    "index": 29
  },
  {
    "name": "Require(25) node_modules/egg-jwt/app/extend/application.js",
    "start": 1629270775028,
    "end": 1629270775074,
    "duration": 46,
    "pid": 2120,
    "index": 30
  },
  {
    "name": "Load extend/request.js",
    "start": 1629270775081,
    "end": 1629270775094,
    "duration": 13,
    "pid": 2120,
    "index": 31
  },
  {
    "name": "Require(26) node_modules/egg/app/extend/request.js",
    "start": 1629270775086,
    "end": 1629270775087,
    "duration": 1,
    "pid": 2120,
    "index": 32
  },
  {
    "name": "Load extend/response.js",
    "start": 1629270775094,
    "end": 1629270775108,
    "duration": 14,
    "pid": 2120,
    "index": 33
  },
  {
    "name": "Require(27) node_modules/egg/app/extend/response.js",
    "start": 1629270775100,
    "end": 1629270775102,
    "duration": 2,
    "pid": 2120,
    "index": 34
  },
  {
    "name": "Load extend/context.js",
    "start": 1629270775108,
    "end": 1629270775181,
    "duration": 73,
    "pid": 2120,
    "index": 35
  },
  {
    "name": "Require(28) node_modules/egg-security/app/extend/context.js",
    "start": 1629270775108,
    "end": 1629270775125,
    "duration": 17,
    "pid": 2120,
    "index": 36
  },
  {
    "name": "Require(29) node_modules/egg-jsonp/app/extend/context.js",
    "start": 1629270775125,
    "end": 1629270775127,
    "duration": 2,
    "pid": 2120,
    "index": 37
  },
  {
    "name": "Require(30) node_modules/egg-i18n/app/extend/context.js",
    "start": 1629270775128,
    "end": 1629270775128,
    "duration": 0,
    "pid": 2120,
    "index": 38
  },
  {
    "name": "Require(31) node_modules/egg-multipart/app/extend/context.js",
    "start": 1629270775129,
    "end": 1629270775171,
    "duration": 42,
    "pid": 2120,
    "index": 39
  },
  {
    "name": "Require(32) node_modules/egg-view/app/extend/context.js",
    "start": 1629270775172,
    "end": 1629270775173,
    "duration": 1,
    "pid": 2120,
    "index": 40
  },
  {
    "name": "Require(33) node_modules/egg/app/extend/context.js",
    "start": 1629270775174,
    "end": 1629270775175,
    "duration": 1,
    "pid": 2120,
    "index": 41
  },
  {
    "name": "Require(34) app/extend/context.js",
    "start": 1629270775176,
    "end": 1629270775176,
    "duration": 0,
    "pid": 2120,
    "index": 42
  },
  {
    "name": "Load extend/helper.js",
    "start": 1629270775181,
    "end": 1629270775210,
    "duration": 29,
    "pid": 2120,
    "index": 43
  },
  {
    "name": "Require(35) node_modules/egg-security/app/extend/helper.js",
    "start": 1629270775181,
    "end": 1629270775201,
    "duration": 20,
    "pid": 2120,
    "index": 44
  },
  {
    "name": "Require(36) node_modules/egg/app/extend/helper.js",
    "start": 1629270775205,
    "end": 1629270775205,
    "duration": 0,
    "pid": 2120,
    "index": 45
  },
  {
    "name": "Load app.js",
    "start": 1629270775210,
    "end": 1629270775254,
    "duration": 44,
    "pid": 2120,
    "index": 46
  },
  {
    "name": "Require(37) node_modules/egg-session/app.js",
    "start": 1629270775210,
    "end": 1629270775211,
    "duration": 1,
    "pid": 2120,
    "index": 47
  },
  {
    "name": "Require(38) node_modules/egg-security/app.js",
    "start": 1629270775211,
    "end": 1629270775212,
    "duration": 1,
    "pid": 2120,
    "index": 48
  },
  {
    "name": "Require(39) node_modules/egg-onerror/app.js",
    "start": 1629270775213,
    "end": 1629270775221,
    "duration": 8,
    "pid": 2120,
    "index": 49
  },
  {
    "name": "Require(40) node_modules/egg-i18n/app.js",
    "start": 1629270775222,
    "end": 1629270775241,
    "duration": 19,
    "pid": 2120,
    "index": 50
  },
  {
    "name": "Require(41) node_modules/egg-watcher/app.js",
    "start": 1629270775241,
    "end": 1629270775244,
    "duration": 3,
    "pid": 2120,
    "index": 51
  },
  {
    "name": "Require(42) node_modules/egg-schedule/app.js",
    "start": 1629270775245,
    "end": 1629270775246,
    "duration": 1,
    "pid": 2120,
    "index": 52
  },
  {
    "name": "Require(43) node_modules/egg-multipart/app.js",
    "start": 1629270775247,
    "end": 1629270775247,
    "duration": 0,
    "pid": 2120,
    "index": 53
  },
  {
    "name": "Require(44) node_modules/egg-logrotator/app.js",
    "start": 1629270775248,
    "end": 1629270775248,
    "duration": 0,
    "pid": 2120,
    "index": 54
  },
  {
    "name": "Require(45) node_modules/egg-static/app.js",
    "start": 1629270775249,
    "end": 1629270775249,
    "duration": 0,
    "pid": 2120,
    "index": 55
  },
  {
    "name": "Require(46) node_modules/egg-jwt/app.js",
    "start": 1629270775250,
    "end": 1629270775250,
    "duration": 0,
    "pid": 2120,
    "index": 56
  },
  {
    "name": "Require(47) node_modules/egg-cors/app.js",
    "start": 1629270775251,
    "end": 1629270775251,
    "duration": 0,
    "pid": 2120,
    "index": 57
  },
  {
    "name": "Require(48) node_modules/egg-view-ejs/app.js",
    "start": 1629270775251,
    "end": 1629270775252,
    "duration": 1,
    "pid": 2120,
    "index": 58
  },
  {
    "name": "Require(49) app.js",
    "start": 1629270775253,
    "end": 1629270775253,
    "duration": 0,
    "pid": 2120,
    "index": 59
  },
  {
    "name": "Before Start in node_modules/egg-watcher/lib/init.js:15:14",
    "start": 1629270775265,
    "end": 1629270776487,
    "duration": 1222,
    "pid": 2120,
    "index": 60
  },
  {
    "name": "Did Load in app.js:didLoad",
    "start": 1629270775308,
    "end": 1629270776474,
    "duration": 1166,
    "pid": 2120,
    "index": 61
  },
  {
    "name": "Load Service",
    "start": 1629270775308,
    "end": 1629270775374,
    "duration": 66,
    "pid": 2120,
    "index": 62
  },
  {
    "name": "Load \"service\" to Context",
    "start": 1629270775308,
    "end": 1629270775374,
    "duration": 66,
    "pid": 2120,
    "index": 63
  },
  {
    "name": "Load Middleware",
    "start": 1629270775374,
    "end": 1629270775526,
    "duration": 152,
    "pid": 2120,
    "index": 64
  },
  {
    "name": "Load \"middlewares\" to Application",
    "start": 1629270775374,
    "end": 1629270775503,
    "duration": 129,
    "pid": 2120,
    "index": 65
  },
  {
    "name": "Load Controller",
    "start": 1629270775526,
    "end": 1629270775535,
    "duration": 9,
    "pid": 2120,
    "index": 66
  },
  {
    "name": "Load \"controller\" to Application",
    "start": 1629270775526,
    "end": 1629270775533,
    "duration": 7,
    "pid": 2120,
    "index": 67
  },
  {
    "name": "Load Router",
    "start": 1629270775535,
    "end": 1629270775541,
    "duration": 6,
    "pid": 2120,
    "index": 68
  },
  {
    "name": "Require(50) app/router/index.js",
    "start": 1629270775537,
    "end": 1629270775537,
    "duration": 0,
    "pid": 2120,
    "index": 69
  },
  {
    "name": "Before Start in node_modules/egg-core/lib/egg.js:303:10",
    "start": 1629270775537,
    "end": 1629270776474,
    "duration": 937,
    "pid": 2120,
    "index": 70
  },
  {
    "name": "Will Ready in app.js:willReady",
    "start": 1629270776487,
    "end": 1629270776488,
    "duration": 1,
    "pid": 2120,
    "index": 71
  }
]