[
  {
    "name": "Process Start",
    "start": 1625196205279,
    "end": 1625196206314,
    "duration": 1035,
    "pid": 12056,
    "index": 0
  },
  {
    "name": "Application Start",
    "start": 1625196206315,
    "end": 1625196207918,
    "duration": 1603,
    "pid": 12056,
    "index": 1
  },
  {
    "name": "Load Plugin",
    "start": 1625196206323,
    "end": 1625196206346,
    "duration": 23,
    "pid": 12056,
    "index": 2
  },
  {
    "name": "Load Config",
    "start": 1625196206346,
    "end": 1625196206420,
    "duration": 74,
    "pid": 12056,
    "index": 3
  },
  {
    "name": "Require(0) config/config.default.js",
    "start": 1625196206347,
    "end": 1625196206387,
    "duration": 40,
    "pid": 12056,
    "index": 4
  },
  {
    "name": "Require(1) config/config.local.js",
    "start": 1625196206388,
    "end": 1625196206389,
    "duration": 1,
    "pid": 12056,
    "index": 5
  },
  {
    "name": "Require(2) node_modules/egg-session/config/config.default.js",
    "start": 1625196206389,
    "end": 1625196206390,
    "duration": 1,
    "pid": 12056,
    "index": 6
  },
  {
    "name": "Require(3) node_modules/egg-security/config/config.default.js",
    "start": 1625196206390,
    "end": 1625196206391,
    "duration": 1,
    "pid": 12056,
    "index": 7
  },
  {
    "name": "Require(4) node_modules/egg-jsonp/config/config.default.js",
    "start": 1625196206392,
    "end": 1625196206393,
    "duration": 1,
    "pid": 12056,
    "index": 8
  },
  {
    "name": "Require(5) node_modules/egg-onerror/config/config.default.js",
    "start": 1625196206394,
    "end": 1625196206394,
    "duration": 0,
    "pid": 12056,
    "index": 9
  },
  {
    "name": "Require(6) node_modules/egg-i18n/config/config.default.js",
    "start": 1625196206396,
    "end": 1625196206396,
    "duration": 0,
    "pid": 12056,
    "index": 10
  },
  {
    "name": "Require(7) node_modules/egg-watcher/config/config.default.js",
    "start": 1625196206397,
    "end": 1625196206397,
    "duration": 0,
    "pid": 12056,
    "index": 11
  },
  {
    "name": "Require(8) node_modules/egg-schedule/config/config.default.js",
    "start": 1625196206398,
    "end": 1625196206398,
    "duration": 0,
    "pid": 12056,
    "index": 12
  },
  {
    "name": "Require(9) node_modules/egg-multipart/config/config.default.js",
    "start": 1625196206399,
    "end": 1625196206399,
    "duration": 0,
    "pid": 12056,
    "index": 13
  },
  {
    "name": "Require(10) node_modules/egg-development/config/config.default.js",
    "start": 1625196206400,
    "end": 1625196206400,
    "duration": 0,
    "pid": 12056,
    "index": 14
  },
  {
    "name": "Require(11) node_modules/egg-logrotator/config/config.default.js",
    "start": 1625196206401,
    "end": 1625196206401,
    "duration": 0,
    "pid": 12056,
    "index": 15
  },
  {
    "name": "Require(12) node_modules/egg-static/config/config.default.js",
    "start": 1625196206402,
    "end": 1625196206402,
    "duration": 0,
    "pid": 12056,
    "index": 16
  },
  {
    "name": "Require(13) node_modules/egg-view/config/config.default.js",
    "start": 1625196206403,
    "end": 1625196206403,
    "duration": 0,
    "pid": 12056,
    "index": 17
  },
  {
    "name": "Require(14) node_modules/egg-jwt/config/config.default.js",
    "start": 1625196206403,
    "end": 1625196206404,
    "duration": 1,
    "pid": 12056,
    "index": 18
  },
  {
    "name": "Require(15) node_modules/egg-cors/config/config.default.js",
    "start": 1625196206404,
    "end": 1625196206405,
    "duration": 1,
    "pid": 12056,
    "index": 19
  },
  {
    "name": "Require(16) node_modules/egg-view-ejs/config/config.default.js",
    "start": 1625196206405,
    "end": 1625196206405,
    "duration": 0,
    "pid": 12056,
    "index": 20
  },
  {
    "name": "Require(17) node_modules/egg/config/config.default.js",
    "start": 1625196206406,
    "end": 1625196206407,
    "duration": 1,
    "pid": 12056,
    "index": 21
  },
  {
    "name": "Require(18) config/config.default.js",
    "start": 1625196206409,
    "end": 1625196206409,
    "duration": 0,
    "pid": 12056,
    "index": 22
  },
  {
    "name": "Require(19) node_modules/egg-security/config/config.local.js",
    "start": 1625196206412,
    "end": 1625196206413,
    "duration": 1,
    "pid": 12056,
    "index": 23
  },
  {
    "name": "Require(20) node_modules/egg-watcher/config/config.local.js",
    "start": 1625196206415,
    "end": 1625196206415,
    "duration": 0,
    "pid": 12056,
    "index": 24
  },
  {
    "name": "Require(21) node_modules/egg-view/config/config.local.js",
    "start": 1625196206418,
    "end": 1625196206418,
    "duration": 0,
    "pid": 12056,
    "index": 25
  },
  {
    "name": "Require(22) node_modules/egg-view-ejs/config/config.local.js",
    "start": 1625196206419,
    "end": 1625196206419,
    "duration": 0,
    "pid": 12056,
    "index": 26
  },
  {
    "name": "Require(23) node_modules/egg/config/config.local.js",
    "start": 1625196206420,
    "end": 1625196206420,
    "duration": 0,
    "pid": 12056,
    "index": 27
  },
  {
    "name": "Require(24) config/config.local.js",
    "start": 1625196206420,
    "end": 1625196206420,
    "duration": 0,
    "pid": 12056,
    "index": 28
  },
  {
    "name": "Load extend/application.js",
    "start": 1625196206425,
    "end": 1625196206513,
    "duration": 88,
    "pid": 12056,
    "index": 29
  },
  {
    "name": "Require(25) node_modules/egg-session/app/extend/application.js",
    "start": 1625196206426,
    "end": 1625196206426,
    "duration": 0,
    "pid": 12056,
    "index": 30
  },
  {
    "name": "Require(26) node_modules/egg-security/app/extend/application.js",
    "start": 1625196206427,
    "end": 1625196206430,
    "duration": 3,
    "pid": 12056,
    "index": 31
  },
  {
    "name": "Require(27) node_modules/egg-jsonp/app/extend/application.js",
    "start": 1625196206433,
    "end": 1625196206436,
    "duration": 3,
    "pid": 12056,
    "index": 32
  },
  {
    "name": "Require(28) node_modules/egg-logrotator/app/extend/application.js",
    "start": 1625196206440,
    "end": 1625196206441,
    "duration": 1,
    "pid": 12056,
    "index": 33
  },
  {
    "name": "Require(29) node_modules/egg-view/app/extend/application.js",
    "start": 1625196206442,
    "end": 1625196206446,
    "duration": 4,
    "pid": 12056,
    "index": 34
  },
  {
    "name": "Require(30) node_modules/egg-jwt/app/extend/application.js",
    "start": 1625196206447,
    "end": 1625196206504,
    "duration": 57,
    "pid": 12056,
    "index": 35
  },
  {
    "name": "Load extend/request.js",
    "start": 1625196206514,
    "end": 1625196206533,
    "duration": 19,
    "pid": 12056,
    "index": 36
  },
  {
    "name": "Require(31) node_modules/egg/app/extend/request.js",
    "start": 1625196206520,
    "end": 1625196206523,
    "duration": 3,
    "pid": 12056,
    "index": 37
  },
  {
    "name": "Load extend/response.js",
    "start": 1625196206533,
    "end": 1625196206549,
    "duration": 16,
    "pid": 12056,
    "index": 38
  },
  {
    "name": "Require(32) node_modules/egg/app/extend/response.js",
    "start": 1625196206539,
    "end": 1625196206541,
    "duration": 2,
    "pid": 12056,
    "index": 39
  },
  {
    "name": "Load extend/context.js",
    "start": 1625196206549,
    "end": 1625196206622,
    "duration": 73,
    "pid": 12056,
    "index": 40
  },
  {
    "name": "Require(33) node_modules/egg-security/app/extend/context.js",
    "start": 1625196206550,
    "end": 1625196206560,
    "duration": 10,
    "pid": 12056,
    "index": 41
  },
  {
    "name": "Require(34) node_modules/egg-jsonp/app/extend/context.js",
    "start": 1625196206560,
    "end": 1625196206564,
    "duration": 4,
    "pid": 12056,
    "index": 42
  },
  {
    "name": "Require(35) node_modules/egg-i18n/app/extend/context.js",
    "start": 1625196206565,
    "end": 1625196206565,
    "duration": 0,
    "pid": 12056,
    "index": 43
  },
  {
    "name": "Require(36) node_modules/egg-multipart/app/extend/context.js",
    "start": 1625196206566,
    "end": 1625196206610,
    "duration": 44,
    "pid": 12056,
    "index": 44
  },
  {
    "name": "Require(37) node_modules/egg-view/app/extend/context.js",
    "start": 1625196206612,
    "end": 1625196206613,
    "duration": 1,
    "pid": 12056,
    "index": 45
  },
  {
    "name": "Require(38) node_modules/egg/app/extend/context.js",
    "start": 1625196206614,
    "end": 1625196206615,
    "duration": 1,
    "pid": 12056,
    "index": 46
  },
  {
    "name": "Require(39) app/extend/context.js",
    "start": 1625196206616,
    "end": 1625196206616,
    "duration": 0,
    "pid": 12056,
    "index": 47
  },
  {
    "name": "Load extend/helper.js",
    "start": 1625196206622,
    "end": 1625196206655,
    "duration": 33,
    "pid": 12056,
    "index": 48
  },
  {
    "name": "Require(40) node_modules/egg-security/app/extend/helper.js",
    "start": 1625196206622,
    "end": 1625196206641,
    "duration": 19,
    "pid": 12056,
    "index": 49
  },
  {
    "name": "Require(41) node_modules/egg/app/extend/helper.js",
    "start": 1625196206649,
    "end": 1625196206649,
    "duration": 0,
    "pid": 12056,
    "index": 50
  },
  {
    "name": "Load app.js",
    "start": 1625196206655,
    "end": 1625196206705,
    "duration": 50,
    "pid": 12056,
    "index": 51
  },
  {
    "name": "Require(42) node_modules/egg-session/app.js",
    "start": 1625196206656,
    "end": 1625196206656,
    "duration": 0,
    "pid": 12056,
    "index": 52
  },
  {
    "name": "Require(43) node_modules/egg-security/app.js",
    "start": 1625196206656,
    "end": 1625196206658,
    "duration": 2,
    "pid": 12056,
    "index": 53
  },
  {
    "name": "Require(44) node_modules/egg-onerror/app.js",
    "start": 1625196206659,
    "end": 1625196206669,
    "duration": 10,
    "pid": 12056,
    "index": 54
  },
  {
    "name": "Require(45) node_modules/egg-i18n/app.js",
    "start": 1625196206669,
    "end": 1625196206689,
    "duration": 20,
    "pid": 12056,
    "index": 55
  },
  {
    "name": "Require(46) node_modules/egg-watcher/app.js",
    "start": 1625196206690,
    "end": 1625196206694,
    "duration": 4,
    "pid": 12056,
    "index": 56
  },
  {
    "name": "Require(47) node_modules/egg-schedule/app.js",
    "start": 1625196206695,
    "end": 1625196206697,
    "duration": 2,
    "pid": 12056,
    "index": 57
  },
  {
    "name": "Require(48) node_modules/egg-multipart/app.js",
    "start": 1625196206697,
    "end": 1625196206698,
    "duration": 1,
    "pid": 12056,
    "index": 58
  },
  {
    "name": "Require(49) node_modules/egg-development/app.js",
    "start": 1625196206698,
    "end": 1625196206698,
    "duration": 0,
    "pid": 12056,
    "index": 59
  },
  {
    "name": "Require(50) node_modules/egg-logrotator/app.js",
    "start": 1625196206699,
    "end": 1625196206699,
    "duration": 0,
    "pid": 12056,
    "index": 60
  },
  {
    "name": "Require(51) node_modules/egg-static/app.js",
    "start": 1625196206699,
    "end": 1625196206699,
    "duration": 0,
    "pid": 12056,
    "index": 61
  },
  {
    "name": "Require(52) node_modules/egg-jwt/app.js",
    "start": 1625196206700,
    "end": 1625196206701,
    "duration": 1,
    "pid": 12056,
    "index": 62
  },
  {
    "name": "Require(53) node_modules/egg-cors/app.js",
    "start": 1625196206701,
    "end": 1625196206702,
    "duration": 1,
    "pid": 12056,
    "index": 63
  },
  {
    "name": "Require(54) node_modules/egg-view-ejs/app.js",
    "start": 1625196206702,
    "end": 1625196206702,
    "duration": 0,
    "pid": 12056,
    "index": 64
  },
  {
    "name": "Require(55) app.js",
    "start": 1625196206704,
    "end": 1625196206705,
    "duration": 1,
    "pid": 12056,
    "index": 65
  },
  {
    "name": "Before Start in node_modules/egg-watcher/lib/init.js:15:14",
    "start": 1625196206716,
    "end": 1625196207916,
    "duration": 1200,
    "pid": 12056,
    "index": 66
  },
  {
    "name": "Did Load in app.js:didLoad",
    "start": 1625196206750,
    "end": 1625196207908,
    "duration": 1158,
    "pid": 12056,
    "index": 67
  },
  {
    "name": "Load Service",
    "start": 1625196206750,
    "end": 1625196206813,
    "duration": 63,
    "pid": 12056,
    "index": 68
  },
  {
    "name": "Load \"service\" to Context",
    "start": 1625196206750,
    "end": 1625196206813,
    "duration": 63,
    "pid": 12056,
    "index": 69
  },
  {
    "name": "Load Middleware",
    "start": 1625196206813,
    "end": 1625196206975,
    "duration": 162,
    "pid": 12056,
    "index": 70
  },
  {
    "name": "Load \"middlewares\" to Application",
    "start": 1625196206813,
    "end": 1625196206955,
    "duration": 142,
    "pid": 12056,
    "index": 71
  },
  {
    "name": "Load Controller",
    "start": 1625196206975,
    "end": 1625196206983,
    "duration": 8,
    "pid": 12056,
    "index": 72
  },
  {
    "name": "Load \"controller\" to Application",
    "start": 1625196206975,
    "end": 1625196206983,
    "duration": 8,
    "pid": 12056,
    "index": 73
  },
  {
    "name": "Load Router",
    "start": 1625196206984,
    "end": 1625196206988,
    "duration": 4,
    "pid": 12056,
    "index": 74
  },
  {
    "name": "Require(56) app/router/index.js",
    "start": 1625196206985,
    "end": 1625196206985,
    "duration": 0,
    "pid": 12056,
    "index": 75
  },
  {
    "name": "Before Start in node_modules/egg-core/lib/egg.js:303:10",
    "start": 1625196206986,
    "end": 1625196207908,
    "duration": 922,
    "pid": 12056,
    "index": 76
  },
  {
    "name": "Will Ready in app.js:willReady",
    "start": 1625196207917,
    "end": 1625196207917,
    "duration": 0,
    "pid": 12056,
    "index": 77
  }
]