[
  {
    "name": "Process Start",
    "start": 1629272478361,
    "end": 1629272479434,
    "duration": 1073,
    "pid": 27756,
    "index": 0
  },
  {
    "name": "Application Start",
    "start": 1629272479435,
    "end": 1629272481009,
    "duration": 1574,
    "pid": 27756,
    "index": 1
  },
  {
    "name": "Load Plugin",
    "start": 1629272479441,
    "end": 1629272479464,
    "duration": 23,
    "pid": 27756,
    "index": 2
  },
  {
    "name": "Load Config",
    "start": 1629272479464,
    "end": 1629272479522,
    "duration": 58,
    "pid": 27756,
    "index": 3
  },
  {
    "name": "Require(0) config/config.default.js",
    "start": 1629272479465,
    "end": 1629272479499,
    "duration": 34,
    "pid": 27756,
    "index": 4
  },
  {
    "name": "Require(1) config/config.prod.js",
    "start": 1629272479501,
    "end": 1629272479501,
    "duration": 0,
    "pid": 27756,
    "index": 5
  },
  {
    "name": "Require(2) node_modules/egg-session/config/config.default.js",
    "start": 1629272479502,
    "end": 1629272479502,
    "duration": 0,
    "pid": 27756,
    "index": 6
  },
  {
    "name": "Require(3) node_modules/egg-security/config/config.default.js",
    "start": 1629272479503,
    "end": 1629272479503,
    "duration": 0,
    "pid": 27756,
    "index": 7
  },
  {
    "name": "Require(4) node_modules/egg-jsonp/config/config.default.js",
    "start": 1629272479504,
    "end": 1629272479504,
    "duration": 0,
    "pid": 27756,
    "index": 8
  },
  {
    "name": "Require(5) node_modules/egg-onerror/config/config.default.js",
    "start": 1629272479505,
    "end": 1629272479505,
    "duration": 0,
    "pid": 27756,
    "index": 9
  },
  {
    "name": "Require(6) node_modules/egg-i18n/config/config.default.js",
    "start": 1629272479506,
    "end": 1629272479506,
    "duration": 0,
    "pid": 27756,
    "index": 10
  },
  {
    "name": "Require(7) node_modules/egg-watcher/config/config.default.js",
    "start": 1629272479506,
    "end": 1629272479507,
    "duration": 1,
    "pid": 27756,
    "index": 11
  },
  {
    "name": "Require(8) node_modules/egg-schedule/config/config.default.js",
    "start": 1629272479507,
    "end": 1629272479507,
    "duration": 0,
    "pid": 27756,
    "index": 12
  },
  {
    "name": "Require(9) node_modules/egg-multipart/config/config.default.js",
    "start": 1629272479508,
    "end": 1629272479508,
    "duration": 0,
    "pid": 27756,
    "index": 13
  },
  {
    "name": "Require(10) node_modules/egg-logrotator/config/config.default.js",
    "start": 1629272479509,
    "end": 1629272479509,
    "duration": 0,
    "pid": 27756,
    "index": 14
  },
  {
    "name": "Require(11) node_modules/egg-static/config/config.default.js",
    "start": 1629272479510,
    "end": 1629272479510,
    "duration": 0,
    "pid": 27756,
    "index": 15
  },
  {
    "name": "Require(12) node_modules/egg-view/config/config.default.js",
    "start": 1629272479510,
    "end": 1629272479511,
    "duration": 1,
    "pid": 27756,
    "index": 16
  },
  {
    "name": "Require(13) node_modules/egg-jwt/config/config.default.js",
    "start": 1629272479511,
    "end": 1629272479511,
    "duration": 0,
    "pid": 27756,
    "index": 17
  },
  {
    "name": "Require(14) node_modules/egg-cors/config/config.default.js",
    "start": 1629272479512,
    "end": 1629272479512,
    "duration": 0,
    "pid": 27756,
    "index": 18
  },
  {
    "name": "Require(15) node_modules/egg-view-ejs/config/config.default.js",
    "start": 1629272479513,
    "end": 1629272479513,
    "duration": 0,
    "pid": 27756,
    "index": 19
  },
  {
    "name": "Require(16) node_modules/egg/config/config.default.js",
    "start": 1629272479514,
    "end": 1629272479515,
    "duration": 1,
    "pid": 27756,
    "index": 20
  },
  {
    "name": "Require(17) config/config.default.js",
    "start": 1629272479516,
    "end": 1629272479516,
    "duration": 0,
    "pid": 27756,
    "index": 21
  },
  {
    "name": "Require(18) node_modules/egg-static/config/config.prod.js",
    "start": 1629272479520,
    "end": 1629272479520,
    "duration": 0,
    "pid": 27756,
    "index": 22
  },
  {
    "name": "Require(19) config/config.prod.js",
    "start": 1629272479522,
    "end": 1629272479522,
    "duration": 0,
    "pid": 27756,
    "index": 23
  },
  {
    "name": "Load extend/application.js",
    "start": 1629272479528,
    "end": 1629272479605,
    "duration": 77,
    "pid": 27756,
    "index": 24
  },
  {
    "name": "Require(20) node_modules/egg-session/app/extend/application.js",
    "start": 1629272479531,
    "end": 1629272479533,
    "duration": 2,
    "pid": 27756,
    "index": 25
  },
  {
    "name": "Require(21) node_modules/egg-security/app/extend/application.js",
    "start": 1629272479534,
    "end": 1629272479535,
    "duration": 1,
    "pid": 27756,
    "index": 26
  },
  {
    "name": "Require(22) node_modules/egg-jsonp/app/extend/application.js",
    "start": 1629272479536,
    "end": 1629272479537,
    "duration": 1,
    "pid": 27756,
    "index": 27
  },
  {
    "name": "Require(23) node_modules/egg-logrotator/app/extend/application.js",
    "start": 1629272479539,
    "end": 1629272479540,
    "duration": 1,
    "pid": 27756,
    "index": 28
  },
  {
    "name": "Require(24) node_modules/egg-view/app/extend/application.js",
    "start": 1629272479541,
    "end": 1629272479543,
    "duration": 2,
    "pid": 27756,
    "index": 29
  },
  {
    "name": "Require(25) node_modules/egg-jwt/app/extend/application.js",
    "start": 1629272479544,
    "end": 1629272479599,
    "duration": 55,
    "pid": 27756,
    "index": 30
  },
  {
    "name": "Load extend/request.js",
    "start": 1629272479605,
    "end": 1629272479618,
    "duration": 13,
    "pid": 27756,
    "index": 31
  },
  {
    "name": "Require(26) node_modules/egg/app/extend/request.js",
    "start": 1629272479611,
    "end": 1629272479612,
    "duration": 1,
    "pid": 27756,
    "index": 32
  },
  {
    "name": "Load extend/response.js",
    "start": 1629272479618,
    "end": 1629272479631,
    "duration": 13,
    "pid": 27756,
    "index": 33
  },
  {
    "name": "Require(27) node_modules/egg/app/extend/response.js",
    "start": 1629272479623,
    "end": 1629272479626,
    "duration": 3,
    "pid": 27756,
    "index": 34
  },
  {
    "name": "Load extend/context.js",
    "start": 1629272479631,
    "end": 1629272479698,
    "duration": 67,
    "pid": 27756,
    "index": 35
  },
  {
    "name": "Require(28) node_modules/egg-security/app/extend/context.js",
    "start": 1629272479632,
    "end": 1629272479643,
    "duration": 11,
    "pid": 27756,
    "index": 36
  },
  {
    "name": "Require(29) node_modules/egg-jsonp/app/extend/context.js",
    "start": 1629272479643,
    "end": 1629272479644,
    "duration": 1,
    "pid": 27756,
    "index": 37
  },
  {
    "name": "Require(30) node_modules/egg-i18n/app/extend/context.js",
    "start": 1629272479646,
    "end": 1629272479647,
    "duration": 1,
    "pid": 27756,
    "index": 38
  },
  {
    "name": "Require(31) node_modules/egg-multipart/app/extend/context.js",
    "start": 1629272479649,
    "end": 1629272479688,
    "duration": 39,
    "pid": 27756,
    "index": 39
  },
  {
    "name": "Require(32) node_modules/egg-view/app/extend/context.js",
    "start": 1629272479689,
    "end": 1629272479690,
    "duration": 1,
    "pid": 27756,
    "index": 40
  },
  {
    "name": "Require(33) node_modules/egg/app/extend/context.js",
    "start": 1629272479692,
    "end": 1629272479693,
    "duration": 1,
    "pid": 27756,
    "index": 41
  },
  {
    "name": "Require(34) app/extend/context.js",
    "start": 1629272479693,
    "end": 1629272479693,
    "duration": 0,
    "pid": 27756,
    "index": 42
  },
  {
    "name": "Load extend/helper.js",
    "start": 1629272479698,
    "end": 1629272479726,
    "duration": 28,
    "pid": 27756,
    "index": 43
  },
  {
    "name": "Require(35) node_modules/egg-security/app/extend/helper.js",
    "start": 1629272479699,
    "end": 1629272479717,
    "duration": 18,
    "pid": 27756,
    "index": 44
  },
  {
    "name": "Require(36) node_modules/egg/app/extend/helper.js",
    "start": 1629272479721,
    "end": 1629272479721,
    "duration": 0,
    "pid": 27756,
    "index": 45
  },
  {
    "name": "Load app.js",
    "start": 1629272479726,
    "end": 1629272479771,
    "duration": 45,
    "pid": 27756,
    "index": 46
  },
  {
    "name": "Require(37) node_modules/egg-session/app.js",
    "start": 1629272479727,
    "end": 1629272479727,
    "duration": 0,
    "pid": 27756,
    "index": 47
  },
  {
    "name": "Require(38) node_modules/egg-security/app.js",
    "start": 1629272479727,
    "end": 1629272479729,
    "duration": 2,
    "pid": 27756,
    "index": 48
  },
  {
    "name": "Require(39) node_modules/egg-onerror/app.js",
    "start": 1629272479731,
    "end": 1629272479739,
    "duration": 8,
    "pid": 27756,
    "index": 49
  },
  {
    "name": "Require(40) node_modules/egg-i18n/app.js",
    "start": 1629272479739,
    "end": 1629272479757,
    "duration": 18,
    "pid": 27756,
    "index": 50
  },
  {
    "name": "Require(41) node_modules/egg-watcher/app.js",
    "start": 1629272479757,
    "end": 1629272479761,
    "duration": 4,
    "pid": 27756,
    "index": 51
  },
  {
    "name": "Require(42) node_modules/egg-schedule/app.js",
    "start": 1629272479761,
    "end": 1629272479764,
    "duration": 3,
    "pid": 27756,
    "index": 52
  },
  {
    "name": "Require(43) node_modules/egg-multipart/app.js",
    "start": 1629272479764,
    "end": 1629272479765,
    "duration": 1,
    "pid": 27756,
    "index": 53
  },
  {
    "name": "Require(44) node_modules/egg-logrotator/app.js",
    "start": 1629272479765,
    "end": 1629272479766,
    "duration": 1,
    "pid": 27756,
    "index": 54
  },
  {
    "name": "Require(45) node_modules/egg-static/app.js",
    "start": 1629272479766,
    "end": 1629272479766,
    "duration": 0,
    "pid": 27756,
    "index": 55
  },
  {
    "name": "Require(46) node_modules/egg-jwt/app.js",
    "start": 1629272479767,
    "end": 1629272479768,
    "duration": 1,
    "pid": 27756,
    "index": 56
  },
  {
    "name": "Require(47) node_modules/egg-cors/app.js",
    "start": 1629272479768,
    "end": 1629272479768,
    "duration": 0,
    "pid": 27756,
    "index": 57
  },
  {
    "name": "Require(48) node_modules/egg-view-ejs/app.js",
    "start": 1629272479769,
    "end": 1629272479769,
    "duration": 0,
    "pid": 27756,
    "index": 58
  },
  {
    "name": "Require(49) app.js",
    "start": 1629272479770,
    "end": 1629272479771,
    "duration": 1,
    "pid": 27756,
    "index": 59
  },
  {
    "name": "Before Start in node_modules/egg-watcher/lib/init.js:15:14",
    "start": 1629272479782,
    "end": 1629272481007,
    "duration": 1225,
    "pid": 27756,
    "index": 60
  },
  {
    "name": "Did Load in app.js:didLoad",
    "start": 1629272479821,
    "end": 1629272480987,
    "duration": 1166,
    "pid": 27756,
    "index": 61
  },
  {
    "name": "Load Service",
    "start": 1629272479822,
    "end": 1629272479886,
    "duration": 64,
    "pid": 27756,
    "index": 62
  },
  {
    "name": "Load \"service\" to Context",
    "start": 1629272479822,
    "end": 1629272479886,
    "duration": 64,
    "pid": 27756,
    "index": 63
  },
  {
    "name": "Load Middleware",
    "start": 1629272479886,
    "end": 1629272480028,
    "duration": 142,
    "pid": 27756,
    "index": 64
  },
  {
    "name": "Load \"middlewares\" to Application",
    "start": 1629272479886,
    "end": 1629272480005,
    "duration": 119,
    "pid": 27756,
    "index": 65
  },
  {
    "name": "Load Controller",
    "start": 1629272480029,
    "end": 1629272480039,
    "duration": 10,
    "pid": 27756,
    "index": 66
  },
  {
    "name": "Load \"controller\" to Application",
    "start": 1629272480030,
    "end": 1629272480039,
    "duration": 9,
    "pid": 27756,
    "index": 67
  },
  {
    "name": "Load Router",
    "start": 1629272480040,
    "end": 1629272480050,
    "duration": 10,
    "pid": 27756,
    "index": 68
  },
  {
    "name": "Require(50) app/router/index.js",
    "start": 1629272480041,
    "end": 1629272480042,
    "duration": 1,
    "pid": 27756,
    "index": 69
  },
  {
    "name": "Before Start in node_modules/egg-core/lib/egg.js:303:10",
    "start": 1629272480042,
    "end": 1629272480987,
    "duration": 945,
    "pid": 27756,
    "index": 70
  },
  {
    "name": "Will Ready in app.js:willReady",
    "start": 1629272481008,
    "end": 1629272481008,
    "duration": 0,
    "pid": 27756,
    "index": 71
  }
]