[
  {
    "name": "Process Start",
    "start": 1629270959089,
    "end": 1629270959957,
    "duration": 868,
    "pid": 26092,
    "index": 0
  },
  {
    "name": "Application Start",
    "start": 1629270959958,
    "end": 1629270961522,
    "duration": 1564,
    "pid": 26092,
    "index": 1
  },
  {
    "name": "Load Plugin",
    "start": 1629270959964,
    "end": 1629270959986,
    "duration": 22,
    "pid": 26092,
    "index": 2
  },
  {
    "name": "Load Config",
    "start": 1629270959986,
    "end": 1629270960052,
    "duration": 66,
    "pid": 26092,
    "index": 3
  },
  {
    "name": "Require(0) config/config.default.js",
    "start": 1629270959988,
    "end": 1629270960028,
    "duration": 40,
    "pid": 26092,
    "index": 4
  },
  {
    "name": "Require(1) config/config.prod.js",
    "start": 1629270960029,
    "end": 1629270960030,
    "duration": 1,
    "pid": 26092,
    "index": 5
  },
  {
    "name": "Require(2) node_modules/egg-session/config/config.default.js",
    "start": 1629270960030,
    "end": 1629270960031,
    "duration": 1,
    "pid": 26092,
    "index": 6
  },
  {
    "name": "Require(3) node_modules/egg-security/config/config.default.js",
    "start": 1629270960031,
    "end": 1629270960031,
    "duration": 0,
    "pid": 26092,
    "index": 7
  },
  {
    "name": "Require(4) node_modules/egg-jsonp/config/config.default.js",
    "start": 1629270960033,
    "end": 1629270960033,
    "duration": 0,
    "pid": 26092,
    "index": 8
  },
  {
    "name": "Require(5) node_modules/egg-onerror/config/config.default.js",
    "start": 1629270960034,
    "end": 1629270960034,
    "duration": 0,
    "pid": 26092,
    "index": 9
  },
  {
    "name": "Require(6) node_modules/egg-i18n/config/config.default.js",
    "start": 1629270960035,
    "end": 1629270960035,
    "duration": 0,
    "pid": 26092,
    "index": 10
  },
  {
    "name": "Require(7) node_modules/egg-watcher/config/config.default.js",
    "start": 1629270960036,
    "end": 1629270960036,
    "duration": 0,
    "pid": 26092,
    "index": 11
  },
  {
    "name": "Require(8) node_modules/egg-schedule/config/config.default.js",
    "start": 1629270960036,
    "end": 1629270960037,
    "duration": 1,
    "pid": 26092,
    "index": 12
  },
  {
    "name": "Require(9) node_modules/egg-multipart/config/config.default.js",
    "start": 1629270960037,
    "end": 1629270960037,
    "duration": 0,
    "pid": 26092,
    "index": 13
  },
  {
    "name": "Require(10) node_modules/egg-logrotator/config/config.default.js",
    "start": 1629270960038,
    "end": 1629270960038,
    "duration": 0,
    "pid": 26092,
    "index": 14
  },
  {
    "name": "Require(11) node_modules/egg-static/config/config.default.js",
    "start": 1629270960039,
    "end": 1629270960039,
    "duration": 0,
    "pid": 26092,
    "index": 15
  },
  {
    "name": "Require(12) node_modules/egg-view/config/config.default.js",
    "start": 1629270960040,
    "end": 1629270960040,
    "duration": 0,
    "pid": 26092,
    "index": 16
  },
  {
    "name": "Require(13) node_modules/egg-jwt/config/config.default.js",
    "start": 1629270960040,
    "end": 1629270960041,
    "duration": 1,
    "pid": 26092,
    "index": 17
  },
  {
    "name": "Require(14) node_modules/egg-cors/config/config.default.js",
    "start": 1629270960041,
    "end": 1629270960041,
    "duration": 0,
    "pid": 26092,
    "index": 18
  },
  {
    "name": "Require(15) node_modules/egg-view-ejs/config/config.default.js",
    "start": 1629270960042,
    "end": 1629270960042,
    "duration": 0,
    "pid": 26092,
    "index": 19
  },
  {
    "name": "Require(16) node_modules/egg/config/config.default.js",
    "start": 1629270960042,
    "end": 1629270960043,
    "duration": 1,
    "pid": 26092,
    "index": 20
  },
  {
    "name": "Require(17) config/config.default.js",
    "start": 1629270960044,
    "end": 1629270960044,
    "duration": 0,
    "pid": 26092,
    "index": 21
  },
  {
    "name": "Require(18) node_modules/egg-static/config/config.prod.js",
    "start": 1629270960049,
    "end": 1629270960050,
    "duration": 1,
    "pid": 26092,
    "index": 22
  },
  {
    "name": "Require(19) config/config.prod.js",
    "start": 1629270960052,
    "end": 1629270960052,
    "duration": 0,
    "pid": 26092,
    "index": 23
  },
  {
    "name": "Load extend/application.js",
    "start": 1629270960059,
    "end": 1629270960127,
    "duration": 68,
    "pid": 26092,
    "index": 24
  },
  {
    "name": "Require(20) node_modules/egg-session/app/extend/application.js",
    "start": 1629270960060,
    "end": 1629270960060,
    "duration": 0,
    "pid": 26092,
    "index": 25
  },
  {
    "name": "Require(21) node_modules/egg-security/app/extend/application.js",
    "start": 1629270960061,
    "end": 1629270960062,
    "duration": 1,
    "pid": 26092,
    "index": 26
  },
  {
    "name": "Require(22) node_modules/egg-jsonp/app/extend/application.js",
    "start": 1629270960063,
    "end": 1629270960065,
    "duration": 2,
    "pid": 26092,
    "index": 27
  },
  {
    "name": "Require(23) node_modules/egg-logrotator/app/extend/application.js",
    "start": 1629270960067,
    "end": 1629270960070,
    "duration": 3,
    "pid": 26092,
    "index": 28
  },
  {
    "name": "Require(24) node_modules/egg-view/app/extend/application.js",
    "start": 1629270960071,
    "end": 1629270960073,
    "duration": 2,
    "pid": 26092,
    "index": 29
  },
  {
    "name": "Require(25) node_modules/egg-jwt/app/extend/application.js",
    "start": 1629270960073,
    "end": 1629270960118,
    "duration": 45,
    "pid": 26092,
    "index": 30
  },
  {
    "name": "Load extend/request.js",
    "start": 1629270960127,
    "end": 1629270960140,
    "duration": 13,
    "pid": 26092,
    "index": 31
  },
  {
    "name": "Require(26) node_modules/egg/app/extend/request.js",
    "start": 1629270960132,
    "end": 1629270960133,
    "duration": 1,
    "pid": 26092,
    "index": 32
  },
  {
    "name": "Load extend/response.js",
    "start": 1629270960140,
    "end": 1629270960153,
    "duration": 13,
    "pid": 26092,
    "index": 33
  },
  {
    "name": "Require(27) node_modules/egg/app/extend/response.js",
    "start": 1629270960145,
    "end": 1629270960148,
    "duration": 3,
    "pid": 26092,
    "index": 34
  },
  {
    "name": "Load extend/context.js",
    "start": 1629270960154,
    "end": 1629270960219,
    "duration": 65,
    "pid": 26092,
    "index": 35
  },
  {
    "name": "Require(28) node_modules/egg-security/app/extend/context.js",
    "start": 1629270960154,
    "end": 1629270960165,
    "duration": 11,
    "pid": 26092,
    "index": 36
  },
  {
    "name": "Require(29) node_modules/egg-jsonp/app/extend/context.js",
    "start": 1629270960166,
    "end": 1629270960167,
    "duration": 1,
    "pid": 26092,
    "index": 37
  },
  {
    "name": "Require(30) node_modules/egg-i18n/app/extend/context.js",
    "start": 1629270960168,
    "end": 1629270960168,
    "duration": 0,
    "pid": 26092,
    "index": 38
  },
  {
    "name": "Require(31) node_modules/egg-multipart/app/extend/context.js",
    "start": 1629270960169,
    "end": 1629270960209,
    "duration": 40,
    "pid": 26092,
    "index": 39
  },
  {
    "name": "Require(32) node_modules/egg-view/app/extend/context.js",
    "start": 1629270960210,
    "end": 1629270960210,
    "duration": 0,
    "pid": 26092,
    "index": 40
  },
  {
    "name": "Require(33) node_modules/egg/app/extend/context.js",
    "start": 1629270960212,
    "end": 1629270960213,
    "duration": 1,
    "pid": 26092,
    "index": 41
  },
  {
    "name": "Require(34) app/extend/context.js",
    "start": 1629270960213,
    "end": 1629270960213,
    "duration": 0,
    "pid": 26092,
    "index": 42
  },
  {
    "name": "Load extend/helper.js",
    "start": 1629270960219,
    "end": 1629270960248,
    "duration": 29,
    "pid": 26092,
    "index": 43
  },
  {
    "name": "Require(35) node_modules/egg-security/app/extend/helper.js",
    "start": 1629270960220,
    "end": 1629270960239,
    "duration": 19,
    "pid": 26092,
    "index": 44
  },
  {
    "name": "Require(36) node_modules/egg/app/extend/helper.js",
    "start": 1629270960243,
    "end": 1629270960243,
    "duration": 0,
    "pid": 26092,
    "index": 45
  },
  {
    "name": "Load app.js",
    "start": 1629270960248,
    "end": 1629270960290,
    "duration": 42,
    "pid": 26092,
    "index": 46
  },
  {
    "name": "Require(37) node_modules/egg-session/app.js",
    "start": 1629270960248,
    "end": 1629270960248,
    "duration": 0,
    "pid": 26092,
    "index": 47
  },
  {
    "name": "Require(38) node_modules/egg-security/app.js",
    "start": 1629270960249,
    "end": 1629270960251,
    "duration": 2,
    "pid": 26092,
    "index": 48
  },
  {
    "name": "Require(39) node_modules/egg-onerror/app.js",
    "start": 1629270960252,
    "end": 1629270960260,
    "duration": 8,
    "pid": 26092,
    "index": 49
  },
  {
    "name": "Require(40) node_modules/egg-i18n/app.js",
    "start": 1629270960260,
    "end": 1629270960278,
    "duration": 18,
    "pid": 26092,
    "index": 50
  },
  {
    "name": "Require(41) node_modules/egg-watcher/app.js",
    "start": 1629270960278,
    "end": 1629270960282,
    "duration": 4,
    "pid": 26092,
    "index": 51
  },
  {
    "name": "Require(42) node_modules/egg-schedule/app.js",
    "start": 1629270960282,
    "end": 1629270960284,
    "duration": 2,
    "pid": 26092,
    "index": 52
  },
  {
    "name": "Require(43) node_modules/egg-multipart/app.js",
    "start": 1629270960284,
    "end": 1629270960284,
    "duration": 0,
    "pid": 26092,
    "index": 53
  },
  {
    "name": "Require(44) node_modules/egg-logrotator/app.js",
    "start": 1629270960285,
    "end": 1629270960285,
    "duration": 0,
    "pid": 26092,
    "index": 54
  },
  {
    "name": "Require(45) node_modules/egg-static/app.js",
    "start": 1629270960285,
    "end": 1629270960286,
    "duration": 1,
    "pid": 26092,
    "index": 55
  },
  {
    "name": "Require(46) node_modules/egg-jwt/app.js",
    "start": 1629270960286,
    "end": 1629270960287,
    "duration": 1,
    "pid": 26092,
    "index": 56
  },
  {
    "name": "Require(47) node_modules/egg-cors/app.js",
    "start": 1629270960287,
    "end": 1629270960287,
    "duration": 0,
    "pid": 26092,
    "index": 57
  },
  {
    "name": "Require(48) node_modules/egg-view-ejs/app.js",
    "start": 1629270960288,
    "end": 1629270960288,
    "duration": 0,
    "pid": 26092,
    "index": 58
  },
  {
    "name": "Require(49) app.js",
    "start": 1629270960289,
    "end": 1629270960289,
    "duration": 0,
    "pid": 26092,
    "index": 59
  },
  {
    "name": "Before Start in node_modules/egg-watcher/lib/init.js:15:14",
    "start": 1629270960299,
    "end": 1629270961520,
    "duration": 1221,
    "pid": 26092,
    "index": 60
  },
  {
    "name": "Did Load in app.js:didLoad",
    "start": 1629270960343,
    "end": 1629270961508,
    "duration": 1165,
    "pid": 26092,
    "index": 61
  },
  {
    "name": "Load Service",
    "start": 1629270960343,
    "end": 1629270960408,
    "duration": 65,
    "pid": 26092,
    "index": 62
  },
  {
    "name": "Load \"service\" to Context",
    "start": 1629270960343,
    "end": 1629270960408,
    "duration": 65,
    "pid": 26092,
    "index": 63
  },
  {
    "name": "Load Middleware",
    "start": 1629270960408,
    "end": 1629270960555,
    "duration": 147,
    "pid": 26092,
    "index": 64
  },
  {
    "name": "Load \"middlewares\" to Application",
    "start": 1629270960408,
    "end": 1629270960530,
    "duration": 122,
    "pid": 26092,
    "index": 65
  },
  {
    "name": "Load Controller",
    "start": 1629270960555,
    "end": 1629270960564,
    "duration": 9,
    "pid": 26092,
    "index": 66
  },
  {
    "name": "Load \"controller\" to Application",
    "start": 1629270960555,
    "end": 1629270960563,
    "duration": 8,
    "pid": 26092,
    "index": 67
  },
  {
    "name": "Load Router",
    "start": 1629270960564,
    "end": 1629270960568,
    "duration": 4,
    "pid": 26092,
    "index": 68
  },
  {
    "name": "Require(50) app/router/index.js",
    "start": 1629270960565,
    "end": 1629270960565,
    "duration": 0,
    "pid": 26092,
    "index": 69
  },
  {
    "name": "Before Start in node_modules/egg-core/lib/egg.js:303:10",
    "start": 1629270960565,
    "end": 1629270961508,
    "duration": 943,
    "pid": 26092,
    "index": 70
  },
  {
    "name": "Will Ready in app.js:willReady",
    "start": 1629270961521,
    "end": 1629270961522,
    "duration": 1,
    "pid": 26092,
    "index": 71
  }
]