[
  {
    "name": "Process Start",
    "start": 1629268934892,
    "end": 1629268935796,
    "duration": 904,
    "pid": 7080,
    "index": 0
  },
  {
    "name": "Application Start",
    "start": 1629268935797,
    "end": 1629268937545,
    "duration": 1748,
    "pid": 7080,
    "index": 1
  },
  {
    "name": "Load Plugin",
    "start": 1629268935804,
    "end": 1629268935826,
    "duration": 22,
    "pid": 7080,
    "index": 2
  },
  {
    "name": "Load Config",
    "start": 1629268935826,
    "end": 1629268935892,
    "duration": 66,
    "pid": 7080,
    "index": 3
  },
  {
    "name": "Require(0) config/config.default.js",
    "start": 1629268935827,
    "end": 1629268935867,
    "duration": 40,
    "pid": 7080,
    "index": 4
  },
  {
    "name": "Require(1) config/config.prod.js",
    "start": 1629268935869,
    "end": 1629268935870,
    "duration": 1,
    "pid": 7080,
    "index": 5
  },
  {
    "name": "Require(2) node_modules/egg-session/config/config.default.js",
    "start": 1629268935870,
    "end": 1629268935871,
    "duration": 1,
    "pid": 7080,
    "index": 6
  },
  {
    "name": "Require(3) node_modules/egg-security/config/config.default.js",
    "start": 1629268935871,
    "end": 1629268935872,
    "duration": 1,
    "pid": 7080,
    "index": 7
  },
  {
    "name": "Require(4) node_modules/egg-jsonp/config/config.default.js",
    "start": 1629268935873,
    "end": 1629268935873,
    "duration": 0,
    "pid": 7080,
    "index": 8
  },
  {
    "name": "Require(5) node_modules/egg-onerror/config/config.default.js",
    "start": 1629268935873,
    "end": 1629268935874,
    "duration": 1,
    "pid": 7080,
    "index": 9
  },
  {
    "name": "Require(6) node_modules/egg-i18n/config/config.default.js",
    "start": 1629268935874,
    "end": 1629268935874,
    "duration": 0,
    "pid": 7080,
    "index": 10
  },
  {
    "name": "Require(7) node_modules/egg-watcher/config/config.default.js",
    "start": 1629268935875,
    "end": 1629268935875,
    "duration": 0,
    "pid": 7080,
    "index": 11
  },
  {
    "name": "Require(8) node_modules/egg-schedule/config/config.default.js",
    "start": 1629268935876,
    "end": 1629268935876,
    "duration": 0,
    "pid": 7080,
    "index": 12
  },
  {
    "name": "Require(9) node_modules/egg-multipart/config/config.default.js",
    "start": 1629268935876,
    "end": 1629268935877,
    "duration": 1,
    "pid": 7080,
    "index": 13
  },
  {
    "name": "Require(10) node_modules/egg-logrotator/config/config.default.js",
    "start": 1629268935878,
    "end": 1629268935878,
    "duration": 0,
    "pid": 7080,
    "index": 14
  },
  {
    "name": "Require(11) node_modules/egg-static/config/config.default.js",
    "start": 1629268935879,
    "end": 1629268935880,
    "duration": 1,
    "pid": 7080,
    "index": 15
  },
  {
    "name": "Require(12) node_modules/egg-view/config/config.default.js",
    "start": 1629268935880,
    "end": 1629268935880,
    "duration": 0,
    "pid": 7080,
    "index": 16
  },
  {
    "name": "Require(13) node_modules/egg-jwt/config/config.default.js",
    "start": 1629268935881,
    "end": 1629268935881,
    "duration": 0,
    "pid": 7080,
    "index": 17
  },
  {
    "name": "Require(14) node_modules/egg-cors/config/config.default.js",
    "start": 1629268935882,
    "end": 1629268935882,
    "duration": 0,
    "pid": 7080,
    "index": 18
  },
  {
    "name": "Require(15) node_modules/egg-view-ejs/config/config.default.js",
    "start": 1629268935883,
    "end": 1629268935883,
    "duration": 0,
    "pid": 7080,
    "index": 19
  },
  {
    "name": "Require(16) node_modules/egg/config/config.default.js",
    "start": 1629268935884,
    "end": 1629268935884,
    "duration": 0,
    "pid": 7080,
    "index": 20
  },
  {
    "name": "Require(17) config/config.default.js",
    "start": 1629268935885,
    "end": 1629268935885,
    "duration": 0,
    "pid": 7080,
    "index": 21
  },
  {
    "name": "Require(18) node_modules/egg-static/config/config.prod.js",
    "start": 1629268935889,
    "end": 1629268935890,
    "duration": 1,
    "pid": 7080,
    "index": 22
  },
  {
    "name": "Require(19) config/config.prod.js",
    "start": 1629268935892,
    "end": 1629268935892,
    "duration": 0,
    "pid": 7080,
    "index": 23
  },
  {
    "name": "Load extend/application.js",
    "start": 1629268935899,
    "end": 1629268936004,
    "duration": 105,
    "pid": 7080,
    "index": 24
  },
  {
    "name": "Require(20) node_modules/egg-session/app/extend/application.js",
    "start": 1629268935900,
    "end": 1629268935901,
    "duration": 1,
    "pid": 7080,
    "index": 25
  },
  {
    "name": "Require(21) node_modules/egg-security/app/extend/application.js",
    "start": 1629268935902,
    "end": 1629268935905,
    "duration": 3,
    "pid": 7080,
    "index": 26
  },
  {
    "name": "Require(22) node_modules/egg-jsonp/app/extend/application.js",
    "start": 1629268935905,
    "end": 1629268935907,
    "duration": 2,
    "pid": 7080,
    "index": 27
  },
  {
    "name": "Require(23) node_modules/egg-logrotator/app/extend/application.js",
    "start": 1629268935911,
    "end": 1629268935916,
    "duration": 5,
    "pid": 7080,
    "index": 28
  },
  {
    "name": "Require(24) node_modules/egg-view/app/extend/application.js",
    "start": 1629268935918,
    "end": 1629268935921,
    "duration": 3,
    "pid": 7080,
    "index": 29
  },
  {
    "name": "Require(25) node_modules/egg-jwt/app/extend/application.js",
    "start": 1629268935922,
    "end": 1629268935994,
    "duration": 72,
    "pid": 7080,
    "index": 30
  },
  {
    "name": "Load extend/request.js",
    "start": 1629268936004,
    "end": 1629268936022,
    "duration": 18,
    "pid": 7080,
    "index": 31
  },
  {
    "name": "Require(26) node_modules/egg/app/extend/request.js",
    "start": 1629268936009,
    "end": 1629268936010,
    "duration": 1,
    "pid": 7080,
    "index": 32
  },
  {
    "name": "Load extend/response.js",
    "start": 1629268936022,
    "end": 1629268936040,
    "duration": 18,
    "pid": 7080,
    "index": 33
  },
  {
    "name": "Require(27) node_modules/egg/app/extend/response.js",
    "start": 1629268936029,
    "end": 1629268936032,
    "duration": 3,
    "pid": 7080,
    "index": 34
  },
  {
    "name": "Load extend/context.js",
    "start": 1629268936040,
    "end": 1629268936111,
    "duration": 71,
    "pid": 7080,
    "index": 35
  },
  {
    "name": "Require(28) node_modules/egg-security/app/extend/context.js",
    "start": 1629268936041,
    "end": 1629268936054,
    "duration": 13,
    "pid": 7080,
    "index": 36
  },
  {
    "name": "Require(29) node_modules/egg-jsonp/app/extend/context.js",
    "start": 1629268936054,
    "end": 1629268936056,
    "duration": 2,
    "pid": 7080,
    "index": 37
  },
  {
    "name": "Require(30) node_modules/egg-i18n/app/extend/context.js",
    "start": 1629268936057,
    "end": 1629268936057,
    "duration": 0,
    "pid": 7080,
    "index": 38
  },
  {
    "name": "Require(31) node_modules/egg-multipart/app/extend/context.js",
    "start": 1629268936058,
    "end": 1629268936101,
    "duration": 43,
    "pid": 7080,
    "index": 39
  },
  {
    "name": "Require(32) node_modules/egg-view/app/extend/context.js",
    "start": 1629268936102,
    "end": 1629268936103,
    "duration": 1,
    "pid": 7080,
    "index": 40
  },
  {
    "name": "Require(33) node_modules/egg/app/extend/context.js",
    "start": 1629268936105,
    "end": 1629268936105,
    "duration": 0,
    "pid": 7080,
    "index": 41
  },
  {
    "name": "Require(34) app/extend/context.js",
    "start": 1629268936106,
    "end": 1629268936106,
    "duration": 0,
    "pid": 7080,
    "index": 42
  },
  {
    "name": "Load extend/helper.js",
    "start": 1629268936111,
    "end": 1629268936153,
    "duration": 42,
    "pid": 7080,
    "index": 43
  },
  {
    "name": "Require(35) node_modules/egg-security/app/extend/helper.js",
    "start": 1629268936112,
    "end": 1629268936138,
    "duration": 26,
    "pid": 7080,
    "index": 44
  },
  {
    "name": "Require(36) node_modules/egg/app/extend/helper.js",
    "start": 1629268936143,
    "end": 1629268936143,
    "duration": 0,
    "pid": 7080,
    "index": 45
  },
  {
    "name": "Load app.js",
    "start": 1629268936153,
    "end": 1629268936208,
    "duration": 55,
    "pid": 7080,
    "index": 46
  },
  {
    "name": "Require(37) node_modules/egg-session/app.js",
    "start": 1629268936154,
    "end": 1629268936154,
    "duration": 0,
    "pid": 7080,
    "index": 47
  },
  {
    "name": "Require(38) node_modules/egg-security/app.js",
    "start": 1629268936154,
    "end": 1629268936156,
    "duration": 2,
    "pid": 7080,
    "index": 48
  },
  {
    "name": "Require(39) node_modules/egg-onerror/app.js",
    "start": 1629268936157,
    "end": 1629268936166,
    "duration": 9,
    "pid": 7080,
    "index": 49
  },
  {
    "name": "Require(40) node_modules/egg-i18n/app.js",
    "start": 1629268936167,
    "end": 1629268936191,
    "duration": 24,
    "pid": 7080,
    "index": 50
  },
  {
    "name": "Require(41) node_modules/egg-watcher/app.js",
    "start": 1629268936191,
    "end": 1629268936196,
    "duration": 5,
    "pid": 7080,
    "index": 51
  },
  {
    "name": "Require(42) node_modules/egg-schedule/app.js",
    "start": 1629268936197,
    "end": 1629268936199,
    "duration": 2,
    "pid": 7080,
    "index": 52
  },
  {
    "name": "Require(43) node_modules/egg-multipart/app.js",
    "start": 1629268936200,
    "end": 1629268936200,
    "duration": 0,
    "pid": 7080,
    "index": 53
  },
  {
    "name": "Require(44) node_modules/egg-logrotator/app.js",
    "start": 1629268936201,
    "end": 1629268936201,
    "duration": 0,
    "pid": 7080,
    "index": 54
  },
  {
    "name": "Require(45) node_modules/egg-static/app.js",
    "start": 1629268936201,
    "end": 1629268936202,
    "duration": 1,
    "pid": 7080,
    "index": 55
  },
  {
    "name": "Require(46) node_modules/egg-jwt/app.js",
    "start": 1629268936203,
    "end": 1629268936203,
    "duration": 0,
    "pid": 7080,
    "index": 56
  },
  {
    "name": "Require(47) node_modules/egg-cors/app.js",
    "start": 1629268936204,
    "end": 1629268936204,
    "duration": 0,
    "pid": 7080,
    "index": 57
  },
  {
    "name": "Require(48) node_modules/egg-view-ejs/app.js",
    "start": 1629268936205,
    "end": 1629268936205,
    "duration": 0,
    "pid": 7080,
    "index": 58
  },
  {
    "name": "Require(49) app.js",
    "start": 1629268936207,
    "end": 1629268936208,
    "duration": 1,
    "pid": 7080,
    "index": 59
  },
  {
    "name": "Before Start in node_modules/egg-watcher/lib/init.js:15:14",
    "start": 1629268936218,
    "end": 1629268937540,
    "duration": 1322,
    "pid": 7080,
    "index": 60
  },
  {
    "name": "Did Load in app.js:didLoad",
    "start": 1629268936266,
    "end": 1629268937517,
    "duration": 1251,
    "pid": 7080,
    "index": 61
  },
  {
    "name": "Load Service",
    "start": 1629268936266,
    "end": 1629268936355,
    "duration": 89,
    "pid": 7080,
    "index": 62
  },
  {
    "name": "Load \"service\" to Context",
    "start": 1629268936266,
    "end": 1629268936355,
    "duration": 89,
    "pid": 7080,
    "index": 63
  },
  {
    "name": "Load Middleware",
    "start": 1629268936355,
    "end": 1629268936545,
    "duration": 190,
    "pid": 7080,
    "index": 64
  },
  {
    "name": "Load \"middlewares\" to Application",
    "start": 1629268936355,
    "end": 1629268936513,
    "duration": 158,
    "pid": 7080,
    "index": 65
  },
  {
    "name": "Load Controller",
    "start": 1629268936545,
    "end": 1629268936562,
    "duration": 17,
    "pid": 7080,
    "index": 66
  },
  {
    "name": "Load \"controller\" to Application",
    "start": 1629268936545,
    "end": 1629268936556,
    "duration": 11,
    "pid": 7080,
    "index": 67
  },
  {
    "name": "Load Router",
    "start": 1629268936562,
    "end": 1629268936570,
    "duration": 8,
    "pid": 7080,
    "index": 68
  },
  {
    "name": "Require(50) app/router/index.js",
    "start": 1629268936564,
    "end": 1629268936564,
    "duration": 0,
    "pid": 7080,
    "index": 69
  },
  {
    "name": "Before Start in node_modules/egg-core/lib/egg.js:303:10",
    "start": 1629268936564,
    "end": 1629268937517,
    "duration": 953,
    "pid": 7080,
    "index": 70
  },
  {
    "name": "Will Ready in app.js:willReady",
    "start": 1629268937542,
    "end": 1629268937543,
    "duration": 1,
    "pid": 7080,
    "index": 71
  }
]