[
  {
    "name": "Process Start",
    "start": 1629271748320,
    "end": 1629271749264,
    "duration": 944,
    "pid": 24416,
    "index": 0
  },
  {
    "name": "Application Start",
    "start": 1629271749265,
    "end": 1629271750846,
    "duration": 1581,
    "pid": 24416,
    "index": 1
  },
  {
    "name": "Load Plugin",
    "start": 1629271749273,
    "end": 1629271749297,
    "duration": 24,
    "pid": 24416,
    "index": 2
  },
  {
    "name": "Load Config",
    "start": 1629271749297,
    "end": 1629271749359,
    "duration": 62,
    "pid": 24416,
    "index": 3
  },
  {
    "name": "Require(0) config/config.default.js",
    "start": 1629271749298,
    "end": 1629271749336,
    "duration": 38,
    "pid": 24416,
    "index": 4
  },
  {
    "name": "Require(1) config/config.prod.js",
    "start": 1629271749338,
    "end": 1629271749339,
    "duration": 1,
    "pid": 24416,
    "index": 5
  },
  {
    "name": "Require(2) node_modules/egg-session/config/config.default.js",
    "start": 1629271749340,
    "end": 1629271749340,
    "duration": 0,
    "pid": 24416,
    "index": 6
  },
  {
    "name": "Require(3) node_modules/egg-security/config/config.default.js",
    "start": 1629271749341,
    "end": 1629271749341,
    "duration": 0,
    "pid": 24416,
    "index": 7
  },
  {
    "name": "Require(4) node_modules/egg-jsonp/config/config.default.js",
    "start": 1629271749342,
    "end": 1629271749342,
    "duration": 0,
    "pid": 24416,
    "index": 8
  },
  {
    "name": "Require(5) node_modules/egg-onerror/config/config.default.js",
    "start": 1629271749343,
    "end": 1629271749343,
    "duration": 0,
    "pid": 24416,
    "index": 9
  },
  {
    "name": "Require(6) node_modules/egg-i18n/config/config.default.js",
    "start": 1629271749343,
    "end": 1629271749344,
    "duration": 1,
    "pid": 24416,
    "index": 10
  },
  {
    "name": "Require(7) node_modules/egg-watcher/config/config.default.js",
    "start": 1629271749344,
    "end": 1629271749344,
    "duration": 0,
    "pid": 24416,
    "index": 11
  },
  {
    "name": "Require(8) node_modules/egg-schedule/config/config.default.js",
    "start": 1629271749345,
    "end": 1629271749345,
    "duration": 0,
    "pid": 24416,
    "index": 12
  },
  {
    "name": "Require(9) node_modules/egg-multipart/config/config.default.js",
    "start": 1629271749346,
    "end": 1629271749346,
    "duration": 0,
    "pid": 24416,
    "index": 13
  },
  {
    "name": "Require(10) node_modules/egg-logrotator/config/config.default.js",
    "start": 1629271749347,
    "end": 1629271749347,
    "duration": 0,
    "pid": 24416,
    "index": 14
  },
  {
    "name": "Require(11) node_modules/egg-static/config/config.default.js",
    "start": 1629271749347,
    "end": 1629271749348,
    "duration": 1,
    "pid": 24416,
    "index": 15
  },
  {
    "name": "Require(12) node_modules/egg-view/config/config.default.js",
    "start": 1629271749348,
    "end": 1629271749348,
    "duration": 0,
    "pid": 24416,
    "index": 16
  },
  {
    "name": "Require(13) node_modules/egg-jwt/config/config.default.js",
    "start": 1629271749349,
    "end": 1629271749349,
    "duration": 0,
    "pid": 24416,
    "index": 17
  },
  {
    "name": "Require(14) node_modules/egg-cors/config/config.default.js",
    "start": 1629271749350,
    "end": 1629271749350,
    "duration": 0,
    "pid": 24416,
    "index": 18
  },
  {
    "name": "Require(15) node_modules/egg-view-ejs/config/config.default.js",
    "start": 1629271749350,
    "end": 1629271749350,
    "duration": 0,
    "pid": 24416,
    "index": 19
  },
  {
    "name": "Require(16) node_modules/egg/config/config.default.js",
    "start": 1629271749351,
    "end": 1629271749351,
    "duration": 0,
    "pid": 24416,
    "index": 20
  },
  {
    "name": "Require(17) config/config.default.js",
    "start": 1629271749352,
    "end": 1629271749352,
    "duration": 0,
    "pid": 24416,
    "index": 21
  },
  {
    "name": "Require(18) node_modules/egg-static/config/config.prod.js",
    "start": 1629271749356,
    "end": 1629271749357,
    "duration": 1,
    "pid": 24416,
    "index": 22
  },
  {
    "name": "Require(19) config/config.prod.js",
    "start": 1629271749359,
    "end": 1629271749359,
    "duration": 0,
    "pid": 24416,
    "index": 23
  },
  {
    "name": "Load extend/application.js",
    "start": 1629271749365,
    "end": 1629271749432,
    "duration": 67,
    "pid": 24416,
    "index": 24
  },
  {
    "name": "Require(20) node_modules/egg-session/app/extend/application.js",
    "start": 1629271749366,
    "end": 1629271749367,
    "duration": 1,
    "pid": 24416,
    "index": 25
  },
  {
    "name": "Require(21) node_modules/egg-security/app/extend/application.js",
    "start": 1629271749367,
    "end": 1629271749369,
    "duration": 2,
    "pid": 24416,
    "index": 26
  },
  {
    "name": "Require(22) node_modules/egg-jsonp/app/extend/application.js",
    "start": 1629271749369,
    "end": 1629271749373,
    "duration": 4,
    "pid": 24416,
    "index": 27
  },
  {
    "name": "Require(23) node_modules/egg-logrotator/app/extend/application.js",
    "start": 1629271749376,
    "end": 1629271749377,
    "duration": 1,
    "pid": 24416,
    "index": 28
  },
  {
    "name": "Require(24) node_modules/egg-view/app/extend/application.js",
    "start": 1629271749378,
    "end": 1629271749379,
    "duration": 1,
    "pid": 24416,
    "index": 29
  },
  {
    "name": "Require(25) node_modules/egg-jwt/app/extend/application.js",
    "start": 1629271749380,
    "end": 1629271749425,
    "duration": 45,
    "pid": 24416,
    "index": 30
  },
  {
    "name": "Load extend/request.js",
    "start": 1629271749432,
    "end": 1629271749446,
    "duration": 14,
    "pid": 24416,
    "index": 31
  },
  {
    "name": "Require(26) node_modules/egg/app/extend/request.js",
    "start": 1629271749438,
    "end": 1629271749439,
    "duration": 1,
    "pid": 24416,
    "index": 32
  },
  {
    "name": "Load extend/response.js",
    "start": 1629271749446,
    "end": 1629271749459,
    "duration": 13,
    "pid": 24416,
    "index": 33
  },
  {
    "name": "Require(27) node_modules/egg/app/extend/response.js",
    "start": 1629271749452,
    "end": 1629271749454,
    "duration": 2,
    "pid": 24416,
    "index": 34
  },
  {
    "name": "Load extend/context.js",
    "start": 1629271749459,
    "end": 1629271749530,
    "duration": 71,
    "pid": 24416,
    "index": 35
  },
  {
    "name": "Require(28) node_modules/egg-security/app/extend/context.js",
    "start": 1629271749459,
    "end": 1629271749472,
    "duration": 13,
    "pid": 24416,
    "index": 36
  },
  {
    "name": "Require(29) node_modules/egg-jsonp/app/extend/context.js",
    "start": 1629271749472,
    "end": 1629271749474,
    "duration": 2,
    "pid": 24416,
    "index": 37
  },
  {
    "name": "Require(30) node_modules/egg-i18n/app/extend/context.js",
    "start": 1629271749474,
    "end": 1629271749475,
    "duration": 1,
    "pid": 24416,
    "index": 38
  },
  {
    "name": "Require(31) node_modules/egg-multipart/app/extend/context.js",
    "start": 1629271749476,
    "end": 1629271749518,
    "duration": 42,
    "pid": 24416,
    "index": 39
  },
  {
    "name": "Require(32) node_modules/egg-view/app/extend/context.js",
    "start": 1629271749520,
    "end": 1629271749521,
    "duration": 1,
    "pid": 24416,
    "index": 40
  },
  {
    "name": "Require(33) node_modules/egg/app/extend/context.js",
    "start": 1629271749522,
    "end": 1629271749523,
    "duration": 1,
    "pid": 24416,
    "index": 41
  },
  {
    "name": "Require(34) app/extend/context.js",
    "start": 1629271749524,
    "end": 1629271749524,
    "duration": 0,
    "pid": 24416,
    "index": 42
  },
  {
    "name": "Load extend/helper.js",
    "start": 1629271749530,
    "end": 1629271749558,
    "duration": 28,
    "pid": 24416,
    "index": 43
  },
  {
    "name": "Require(35) node_modules/egg-security/app/extend/helper.js",
    "start": 1629271749531,
    "end": 1629271749548,
    "duration": 17,
    "pid": 24416,
    "index": 44
  },
  {
    "name": "Require(36) node_modules/egg/app/extend/helper.js",
    "start": 1629271749552,
    "end": 1629271749552,
    "duration": 0,
    "pid": 24416,
    "index": 45
  },
  {
    "name": "Load app.js",
    "start": 1629271749558,
    "end": 1629271749599,
    "duration": 41,
    "pid": 24416,
    "index": 46
  },
  {
    "name": "Require(37) node_modules/egg-session/app.js",
    "start": 1629271749559,
    "end": 1629271749559,
    "duration": 0,
    "pid": 24416,
    "index": 47
  },
  {
    "name": "Require(38) node_modules/egg-security/app.js",
    "start": 1629271749559,
    "end": 1629271749561,
    "duration": 2,
    "pid": 24416,
    "index": 48
  },
  {
    "name": "Require(39) node_modules/egg-onerror/app.js",
    "start": 1629271749562,
    "end": 1629271749568,
    "duration": 6,
    "pid": 24416,
    "index": 49
  },
  {
    "name": "Require(40) node_modules/egg-i18n/app.js",
    "start": 1629271749569,
    "end": 1629271749587,
    "duration": 18,
    "pid": 24416,
    "index": 50
  },
  {
    "name": "Require(41) node_modules/egg-watcher/app.js",
    "start": 1629271749588,
    "end": 1629271749591,
    "duration": 3,
    "pid": 24416,
    "index": 51
  },
  {
    "name": "Require(42) node_modules/egg-schedule/app.js",
    "start": 1629271749592,
    "end": 1629271749593,
    "duration": 1,
    "pid": 24416,
    "index": 52
  },
  {
    "name": "Require(43) node_modules/egg-multipart/app.js",
    "start": 1629271749593,
    "end": 1629271749594,
    "duration": 1,
    "pid": 24416,
    "index": 53
  },
  {
    "name": "Require(44) node_modules/egg-logrotator/app.js",
    "start": 1629271749594,
    "end": 1629271749594,
    "duration": 0,
    "pid": 24416,
    "index": 54
  },
  {
    "name": "Require(45) node_modules/egg-static/app.js",
    "start": 1629271749595,
    "end": 1629271749595,
    "duration": 0,
    "pid": 24416,
    "index": 55
  },
  {
    "name": "Require(46) node_modules/egg-jwt/app.js",
    "start": 1629271749596,
    "end": 1629271749596,
    "duration": 0,
    "pid": 24416,
    "index": 56
  },
  {
    "name": "Require(47) node_modules/egg-cors/app.js",
    "start": 1629271749596,
    "end": 1629271749597,
    "duration": 1,
    "pid": 24416,
    "index": 57
  },
  {
    "name": "Require(48) node_modules/egg-view-ejs/app.js",
    "start": 1629271749597,
    "end": 1629271749597,
    "duration": 0,
    "pid": 24416,
    "index": 58
  },
  {
    "name": "Require(49) app.js",
    "start": 1629271749598,
    "end": 1629271749599,
    "duration": 1,
    "pid": 24416,
    "index": 59
  },
  {
    "name": "Before Start in node_modules/egg-watcher/lib/init.js:15:14",
    "start": 1629271749610,
    "end": 1629271750844,
    "duration": 1234,
    "pid": 24416,
    "index": 60
  },
  {
    "name": "Did Load in app.js:didLoad",
    "start": 1629271749645,
    "end": 1629271750827,
    "duration": 1182,
    "pid": 24416,
    "index": 61
  },
  {
    "name": "Load Service",
    "start": 1629271749645,
    "end": 1629271749712,
    "duration": 67,
    "pid": 24416,
    "index": 62
  },
  {
    "name": "Load \"service\" to Context",
    "start": 1629271749645,
    "end": 1629271749712,
    "duration": 67,
    "pid": 24416,
    "index": 63
  },
  {
    "name": "Load Middleware",
    "start": 1629271749712,
    "end": 1629271749865,
    "duration": 153,
    "pid": 24416,
    "index": 64
  },
  {
    "name": "Load \"middlewares\" to Application",
    "start": 1629271749712,
    "end": 1629271749834,
    "duration": 122,
    "pid": 24416,
    "index": 65
  },
  {
    "name": "Load Controller",
    "start": 1629271749865,
    "end": 1629271749875,
    "duration": 10,
    "pid": 24416,
    "index": 66
  },
  {
    "name": "Load \"controller\" to Application",
    "start": 1629271749865,
    "end": 1629271749875,
    "duration": 10,
    "pid": 24416,
    "index": 67
  },
  {
    "name": "Load Router",
    "start": 1629271749875,
    "end": 1629271749879,
    "duration": 4,
    "pid": 24416,
    "index": 68
  },
  {
    "name": "Require(50) app/router/index.js",
    "start": 1629271749876,
    "end": 1629271749876,
    "duration": 0,
    "pid": 24416,
    "index": 69
  },
  {
    "name": "Before Start in node_modules/egg-core/lib/egg.js:303:10",
    "start": 1629271749876,
    "end": 1629271750827,
    "duration": 951,
    "pid": 24416,
    "index": 70
  },
  {
    "name": "Will Ready in app.js:willReady",
    "start": 1629271750845,
    "end": 1629271750845,
    "duration": 0,
    "pid": 24416,
    "index": 71
  }
]