[
  {
    "name": "Process Start",
    "start": 1629272725866,
    "end": 1629272726725,
    "duration": 859,
    "pid": 25748,
    "index": 0
  },
  {
    "name": "Application Start",
    "start": 1629272726726,
    "end": 1629272728324,
    "duration": 1598,
    "pid": 25748,
    "index": 1
  },
  {
    "name": "Load Plugin",
    "start": 1629272726732,
    "end": 1629272726753,
    "duration": 21,
    "pid": 25748,
    "index": 2
  },
  {
    "name": "Load Config",
    "start": 1629272726753,
    "end": 1629272726814,
    "duration": 61,
    "pid": 25748,
    "index": 3
  },
  {
    "name": "Require(0) config/config.default.js",
    "start": 1629272726754,
    "end": 1629272726790,
    "duration": 36,
    "pid": 25748,
    "index": 4
  },
  {
    "name": "Require(1) config/config.prod.js",
    "start": 1629272726791,
    "end": 1629272726792,
    "duration": 1,
    "pid": 25748,
    "index": 5
  },
  {
    "name": "Require(2) node_modules/egg-session/config/config.default.js",
    "start": 1629272726792,
    "end": 1629272726793,
    "duration": 1,
    "pid": 25748,
    "index": 6
  },
  {
    "name": "Require(3) node_modules/egg-security/config/config.default.js",
    "start": 1629272726793,
    "end": 1629272726793,
    "duration": 0,
    "pid": 25748,
    "index": 7
  },
  {
    "name": "Require(4) node_modules/egg-jsonp/config/config.default.js",
    "start": 1629272726794,
    "end": 1629272726795,
    "duration": 1,
    "pid": 25748,
    "index": 8
  },
  {
    "name": "Require(5) node_modules/egg-onerror/config/config.default.js",
    "start": 1629272726795,
    "end": 1629272726796,
    "duration": 1,
    "pid": 25748,
    "index": 9
  },
  {
    "name": "Require(6) node_modules/egg-i18n/config/config.default.js",
    "start": 1629272726796,
    "end": 1629272726797,
    "duration": 1,
    "pid": 25748,
    "index": 10
  },
  {
    "name": "Require(7) node_modules/egg-watcher/config/config.default.js",
    "start": 1629272726797,
    "end": 1629272726797,
    "duration": 0,
    "pid": 25748,
    "index": 11
  },
  {
    "name": "Require(8) node_modules/egg-schedule/config/config.default.js",
    "start": 1629272726798,
    "end": 1629272726798,
    "duration": 0,
    "pid": 25748,
    "index": 12
  },
  {
    "name": "Require(9) node_modules/egg-multipart/config/config.default.js",
    "start": 1629272726799,
    "end": 1629272726799,
    "duration": 0,
    "pid": 25748,
    "index": 13
  },
  {
    "name": "Require(10) node_modules/egg-logrotator/config/config.default.js",
    "start": 1629272726800,
    "end": 1629272726800,
    "duration": 0,
    "pid": 25748,
    "index": 14
  },
  {
    "name": "Require(11) node_modules/egg-static/config/config.default.js",
    "start": 1629272726801,
    "end": 1629272726802,
    "duration": 1,
    "pid": 25748,
    "index": 15
  },
  {
    "name": "Require(12) node_modules/egg-view/config/config.default.js",
    "start": 1629272726802,
    "end": 1629272726802,
    "duration": 0,
    "pid": 25748,
    "index": 16
  },
  {
    "name": "Require(13) node_modules/egg-jwt/config/config.default.js",
    "start": 1629272726803,
    "end": 1629272726803,
    "duration": 0,
    "pid": 25748,
    "index": 17
  },
  {
    "name": "Require(14) node_modules/egg-cors/config/config.default.js",
    "start": 1629272726804,
    "end": 1629272726804,
    "duration": 0,
    "pid": 25748,
    "index": 18
  },
  {
    "name": "Require(15) node_modules/egg-view-ejs/config/config.default.js",
    "start": 1629272726804,
    "end": 1629272726805,
    "duration": 1,
    "pid": 25748,
    "index": 19
  },
  {
    "name": "Require(16) node_modules/egg/config/config.default.js",
    "start": 1629272726805,
    "end": 1629272726806,
    "duration": 1,
    "pid": 25748,
    "index": 20
  },
  {
    "name": "Require(17) config/config.default.js",
    "start": 1629272726807,
    "end": 1629272726807,
    "duration": 0,
    "pid": 25748,
    "index": 21
  },
  {
    "name": "Require(18) node_modules/egg-static/config/config.prod.js",
    "start": 1629272726812,
    "end": 1629272726812,
    "duration": 0,
    "pid": 25748,
    "index": 22
  },
  {
    "name": "Require(19) config/config.prod.js",
    "start": 1629272726814,
    "end": 1629272726814,
    "duration": 0,
    "pid": 25748,
    "index": 23
  },
  {
    "name": "Load extend/application.js",
    "start": 1629272726820,
    "end": 1629272726893,
    "duration": 73,
    "pid": 25748,
    "index": 24
  },
  {
    "name": "Require(20) node_modules/egg-session/app/extend/application.js",
    "start": 1629272726821,
    "end": 1629272726822,
    "duration": 1,
    "pid": 25748,
    "index": 25
  },
  {
    "name": "Require(21) node_modules/egg-security/app/extend/application.js",
    "start": 1629272726822,
    "end": 1629272726823,
    "duration": 1,
    "pid": 25748,
    "index": 26
  },
  {
    "name": "Require(22) node_modules/egg-jsonp/app/extend/application.js",
    "start": 1629272726824,
    "end": 1629272726825,
    "duration": 1,
    "pid": 25748,
    "index": 27
  },
  {
    "name": "Require(23) node_modules/egg-logrotator/app/extend/application.js",
    "start": 1629272726828,
    "end": 1629272726829,
    "duration": 1,
    "pid": 25748,
    "index": 28
  },
  {
    "name": "Require(24) node_modules/egg-view/app/extend/application.js",
    "start": 1629272726830,
    "end": 1629272726831,
    "duration": 1,
    "pid": 25748,
    "index": 29
  },
  {
    "name": "Require(25) node_modules/egg-jwt/app/extend/application.js",
    "start": 1629272726832,
    "end": 1629272726883,
    "duration": 51,
    "pid": 25748,
    "index": 30
  },
  {
    "name": "Load extend/request.js",
    "start": 1629272726893,
    "end": 1629272726908,
    "duration": 15,
    "pid": 25748,
    "index": 31
  },
  {
    "name": "Require(26) node_modules/egg/app/extend/request.js",
    "start": 1629272726898,
    "end": 1629272726899,
    "duration": 1,
    "pid": 25748,
    "index": 32
  },
  {
    "name": "Load extend/response.js",
    "start": 1629272726908,
    "end": 1629272726921,
    "duration": 13,
    "pid": 25748,
    "index": 33
  },
  {
    "name": "Require(27) node_modules/egg/app/extend/response.js",
    "start": 1629272726913,
    "end": 1629272726915,
    "duration": 2,
    "pid": 25748,
    "index": 34
  },
  {
    "name": "Load extend/context.js",
    "start": 1629272726921,
    "end": 1629272726986,
    "duration": 65,
    "pid": 25748,
    "index": 35
  },
  {
    "name": "Require(28) node_modules/egg-security/app/extend/context.js",
    "start": 1629272726922,
    "end": 1629272726932,
    "duration": 10,
    "pid": 25748,
    "index": 36
  },
  {
    "name": "Require(29) node_modules/egg-jsonp/app/extend/context.js",
    "start": 1629272726933,
    "end": 1629272726934,
    "duration": 1,
    "pid": 25748,
    "index": 37
  },
  {
    "name": "Require(30) node_modules/egg-i18n/app/extend/context.js",
    "start": 1629272726935,
    "end": 1629272726936,
    "duration": 1,
    "pid": 25748,
    "index": 38
  },
  {
    "name": "Require(31) node_modules/egg-multipart/app/extend/context.js",
    "start": 1629272726938,
    "end": 1629272726977,
    "duration": 39,
    "pid": 25748,
    "index": 39
  },
  {
    "name": "Require(32) node_modules/egg-view/app/extend/context.js",
    "start": 1629272726978,
    "end": 1629272726979,
    "duration": 1,
    "pid": 25748,
    "index": 40
  },
  {
    "name": "Require(33) node_modules/egg/app/extend/context.js",
    "start": 1629272726980,
    "end": 1629272726981,
    "duration": 1,
    "pid": 25748,
    "index": 41
  },
  {
    "name": "Require(34) app/extend/context.js",
    "start": 1629272726981,
    "end": 1629272726981,
    "duration": 0,
    "pid": 25748,
    "index": 42
  },
  {
    "name": "Load extend/helper.js",
    "start": 1629272726986,
    "end": 1629272727015,
    "duration": 29,
    "pid": 25748,
    "index": 43
  },
  {
    "name": "Require(35) node_modules/egg-security/app/extend/helper.js",
    "start": 1629272726987,
    "end": 1629272727005,
    "duration": 18,
    "pid": 25748,
    "index": 44
  },
  {
    "name": "Require(36) node_modules/egg/app/extend/helper.js",
    "start": 1629272727009,
    "end": 1629272727010,
    "duration": 1,
    "pid": 25748,
    "index": 45
  },
  {
    "name": "Load app.js",
    "start": 1629272727016,
    "end": 1629272727063,
    "duration": 47,
    "pid": 25748,
    "index": 46
  },
  {
    "name": "Require(37) node_modules/egg-session/app.js",
    "start": 1629272727016,
    "end": 1629272727016,
    "duration": 0,
    "pid": 25748,
    "index": 47
  },
  {
    "name": "Require(38) node_modules/egg-security/app.js",
    "start": 1629272727017,
    "end": 1629272727019,
    "duration": 2,
    "pid": 25748,
    "index": 48
  },
  {
    "name": "Require(39) node_modules/egg-onerror/app.js",
    "start": 1629272727020,
    "end": 1629272727030,
    "duration": 10,
    "pid": 25748,
    "index": 49
  },
  {
    "name": "Require(40) node_modules/egg-i18n/app.js",
    "start": 1629272727030,
    "end": 1629272727049,
    "duration": 19,
    "pid": 25748,
    "index": 50
  },
  {
    "name": "Require(41) node_modules/egg-watcher/app.js",
    "start": 1629272727049,
    "end": 1629272727054,
    "duration": 5,
    "pid": 25748,
    "index": 51
  },
  {
    "name": "Require(42) node_modules/egg-schedule/app.js",
    "start": 1629272727054,
    "end": 1629272727056,
    "duration": 2,
    "pid": 25748,
    "index": 52
  },
  {
    "name": "Require(43) node_modules/egg-multipart/app.js",
    "start": 1629272727056,
    "end": 1629272727056,
    "duration": 0,
    "pid": 25748,
    "index": 53
  },
  {
    "name": "Require(44) node_modules/egg-logrotator/app.js",
    "start": 1629272727057,
    "end": 1629272727057,
    "duration": 0,
    "pid": 25748,
    "index": 54
  },
  {
    "name": "Require(45) node_modules/egg-static/app.js",
    "start": 1629272727057,
    "end": 1629272727058,
    "duration": 1,
    "pid": 25748,
    "index": 55
  },
  {
    "name": "Require(46) node_modules/egg-jwt/app.js",
    "start": 1629272727058,
    "end": 1629272727059,
    "duration": 1,
    "pid": 25748,
    "index": 56
  },
  {
    "name": "Require(47) node_modules/egg-cors/app.js",
    "start": 1629272727059,
    "end": 1629272727059,
    "duration": 0,
    "pid": 25748,
    "index": 57
  },
  {
    "name": "Require(48) node_modules/egg-view-ejs/app.js",
    "start": 1629272727060,
    "end": 1629272727060,
    "duration": 0,
    "pid": 25748,
    "index": 58
  },
  {
    "name": "Require(49) app.js",
    "start": 1629272727061,
    "end": 1629272727062,
    "duration": 1,
    "pid": 25748,
    "index": 59
  },
  {
    "name": "Before Start in node_modules/egg-watcher/lib/init.js:15:14",
    "start": 1629272727072,
    "end": 1629272728322,
    "duration": 1250,
    "pid": 25748,
    "index": 60
  },
  {
    "name": "Did Load in app.js:didLoad",
    "start": 1629272727109,
    "end": 1629272728298,
    "duration": 1189,
    "pid": 25748,
    "index": 61
  },
  {
    "name": "Load Service",
    "start": 1629272727109,
    "end": 1629272727178,
    "duration": 69,
    "pid": 25748,
    "index": 62
  },
  {
    "name": "Load \"service\" to Context",
    "start": 1629272727109,
    "end": 1629272727178,
    "duration": 69,
    "pid": 25748,
    "index": 63
  },
  {
    "name": "Load Middleware",
    "start": 1629272727178,
    "end": 1629272727339,
    "duration": 161,
    "pid": 25748,
    "index": 64
  },
  {
    "name": "Load \"middlewares\" to Application",
    "start": 1629272727178,
    "end": 1629272727312,
    "duration": 134,
    "pid": 25748,
    "index": 65
  },
  {
    "name": "Load Controller",
    "start": 1629272727339,
    "end": 1629272727352,
    "duration": 13,
    "pid": 25748,
    "index": 66
  },
  {
    "name": "Load \"controller\" to Application",
    "start": 1629272727339,
    "end": 1629272727351,
    "duration": 12,
    "pid": 25748,
    "index": 67
  },
  {
    "name": "Load Router",
    "start": 1629272727353,
    "end": 1629272727358,
    "duration": 5,
    "pid": 25748,
    "index": 68
  },
  {
    "name": "Require(50) app/router/index.js",
    "start": 1629272727354,
    "end": 1629272727355,
    "duration": 1,
    "pid": 25748,
    "index": 69
  },
  {
    "name": "Before Start in node_modules/egg-core/lib/egg.js:303:10",
    "start": 1629272727355,
    "end": 1629272728298,
    "duration": 943,
    "pid": 25748,
    "index": 70
  },
  {
    "name": "Will Ready in app.js:willReady",
    "start": 1629272728323,
    "end": 1629272728323,
    "duration": 0,
    "pid": 25748,
    "index": 71
  }
]