[
  {
    "name": "Process Start",
    "start": 1627553879168,
    "end": 1627553880191,
    "duration": 1023,
    "pid": 28072,
    "index": 0
  },
  {
    "name": "Application Start",
    "start": 1627553880192,
    "end": 1627553882300,
    "duration": 2108,
    "pid": 28072,
    "index": 1
  },
  {
    "name": "Load Plugin",
    "start": 1627553880197,
    "end": 1627553880221,
    "duration": 24,
    "pid": 28072,
    "index": 2
  },
  {
    "name": "Load Config",
    "start": 1627553880221,
    "end": 1627553880299,
    "duration": 78,
    "pid": 28072,
    "index": 3
  },
  {
    "name": "Require(0) config/config.default.js",
    "start": 1627553880222,
    "end": 1627553880268,
    "duration": 46,
    "pid": 28072,
    "index": 4
  },
  {
    "name": "Require(1) config/config.prod.js",
    "start": 1627553880270,
    "end": 1627553880270,
    "duration": 0,
    "pid": 28072,
    "index": 5
  },
  {
    "name": "Require(2) node_modules/egg-session/config/config.default.js",
    "start": 1627553880271,
    "end": 1627553880272,
    "duration": 1,
    "pid": 28072,
    "index": 6
  },
  {
    "name": "Require(3) node_modules/egg-security/config/config.default.js",
    "start": 1627553880273,
    "end": 1627553880273,
    "duration": 0,
    "pid": 28072,
    "index": 7
  },
  {
    "name": "Require(4) node_modules/egg-jsonp/config/config.default.js",
    "start": 1627553880274,
    "end": 1627553880274,
    "duration": 0,
    "pid": 28072,
    "index": 8
  },
  {
    "name": "Require(5) node_modules/egg-onerror/config/config.default.js",
    "start": 1627553880275,
    "end": 1627553880275,
    "duration": 0,
    "pid": 28072,
    "index": 9
  },
  {
    "name": "Require(6) node_modules/egg-i18n/config/config.default.js",
    "start": 1627553880276,
    "end": 1627553880276,
    "duration": 0,
    "pid": 28072,
    "index": 10
  },
  {
    "name": "Require(7) node_modules/egg-watcher/config/config.default.js",
    "start": 1627553880277,
    "end": 1627553880278,
    "duration": 1,
    "pid": 28072,
    "index": 11
  },
  {
    "name": "Require(8) node_modules/egg-schedule/config/config.default.js",
    "start": 1627553880279,
    "end": 1627553880279,
    "duration": 0,
    "pid": 28072,
    "index": 12
  },
  {
    "name": "Require(9) node_modules/egg-multipart/config/config.default.js",
    "start": 1627553880279,
    "end": 1627553880280,
    "duration": 1,
    "pid": 28072,
    "index": 13
  },
  {
    "name": "Require(10) node_modules/egg-logrotator/config/config.default.js",
    "start": 1627553880280,
    "end": 1627553880281,
    "duration": 1,
    "pid": 28072,
    "index": 14
  },
  {
    "name": "Require(11) node_modules/egg-static/config/config.default.js",
    "start": 1627553880281,
    "end": 1627553880282,
    "duration": 1,
    "pid": 28072,
    "index": 15
  },
  {
    "name": "Require(12) node_modules/egg-view/config/config.default.js",
    "start": 1627553880283,
    "end": 1627553880283,
    "duration": 0,
    "pid": 28072,
    "index": 16
  },
  {
    "name": "Require(13) node_modules/egg-jwt/config/config.default.js",
    "start": 1627553880283,
    "end": 1627553880284,
    "duration": 1,
    "pid": 28072,
    "index": 17
  },
  {
    "name": "Require(14) node_modules/egg-cors/config/config.default.js",
    "start": 1627553880284,
    "end": 1627553880284,
    "duration": 0,
    "pid": 28072,
    "index": 18
  },
  {
    "name": "Require(15) node_modules/egg-view-ejs/config/config.default.js",
    "start": 1627553880285,
    "end": 1627553880285,
    "duration": 0,
    "pid": 28072,
    "index": 19
  },
  {
    "name": "Require(16) node_modules/egg/config/config.default.js",
    "start": 1627553880286,
    "end": 1627553880287,
    "duration": 1,
    "pid": 28072,
    "index": 20
  },
  {
    "name": "Require(17) config/config.default.js",
    "start": 1627553880291,
    "end": 1627553880291,
    "duration": 0,
    "pid": 28072,
    "index": 21
  },
  {
    "name": "Require(18) node_modules/egg-static/config/config.prod.js",
    "start": 1627553880296,
    "end": 1627553880297,
    "duration": 1,
    "pid": 28072,
    "index": 22
  },
  {
    "name": "Require(19) config/config.prod.js",
    "start": 1627553880299,
    "end": 1627553880299,
    "duration": 0,
    "pid": 28072,
    "index": 23
  },
  {
    "name": "Load extend/application.js",
    "start": 1627553880305,
    "end": 1627553880404,
    "duration": 99,
    "pid": 28072,
    "index": 24
  },
  {
    "name": "Require(20) node_modules/egg-session/app/extend/application.js",
    "start": 1627553880306,
    "end": 1627553880309,
    "duration": 3,
    "pid": 28072,
    "index": 25
  },
  {
    "name": "Require(21) node_modules/egg-security/app/extend/application.js",
    "start": 1627553880309,
    "end": 1627553880312,
    "duration": 3,
    "pid": 28072,
    "index": 26
  },
  {
    "name": "Require(22) node_modules/egg-jsonp/app/extend/application.js",
    "start": 1627553880314,
    "end": 1627553880316,
    "duration": 2,
    "pid": 28072,
    "index": 27
  },
  {
    "name": "Require(23) node_modules/egg-logrotator/app/extend/application.js",
    "start": 1627553880319,
    "end": 1627553880321,
    "duration": 2,
    "pid": 28072,
    "index": 28
  },
  {
    "name": "Require(24) node_modules/egg-view/app/extend/application.js",
    "start": 1627553880322,
    "end": 1627553880324,
    "duration": 2,
    "pid": 28072,
    "index": 29
  },
  {
    "name": "Require(25) node_modules/egg-jwt/app/extend/application.js",
    "start": 1627553880324,
    "end": 1627553880393,
    "duration": 69,
    "pid": 28072,
    "index": 30
  },
  {
    "name": "Load extend/request.js",
    "start": 1627553880404,
    "end": 1627553880423,
    "duration": 19,
    "pid": 28072,
    "index": 31
  },
  {
    "name": "Require(26) node_modules/egg/app/extend/request.js",
    "start": 1627553880413,
    "end": 1627553880414,
    "duration": 1,
    "pid": 28072,
    "index": 32
  },
  {
    "name": "Load extend/response.js",
    "start": 1627553880423,
    "end": 1627553880442,
    "duration": 19,
    "pid": 28072,
    "index": 33
  },
  {
    "name": "Require(27) node_modules/egg/app/extend/response.js",
    "start": 1627553880432,
    "end": 1627553880435,
    "duration": 3,
    "pid": 28072,
    "index": 34
  },
  {
    "name": "Load extend/context.js",
    "start": 1627553880442,
    "end": 1627553880538,
    "duration": 96,
    "pid": 28072,
    "index": 35
  },
  {
    "name": "Require(28) node_modules/egg-security/app/extend/context.js",
    "start": 1627553880443,
    "end": 1627553880458,
    "duration": 15,
    "pid": 28072,
    "index": 36
  },
  {
    "name": "Require(29) node_modules/egg-jsonp/app/extend/context.js",
    "start": 1627553880458,
    "end": 1627553880460,
    "duration": 2,
    "pid": 28072,
    "index": 37
  },
  {
    "name": "Require(30) node_modules/egg-i18n/app/extend/context.js",
    "start": 1627553880461,
    "end": 1627553880462,
    "duration": 1,
    "pid": 28072,
    "index": 38
  },
  {
    "name": "Require(31) node_modules/egg-multipart/app/extend/context.js",
    "start": 1627553880463,
    "end": 1627553880522,
    "duration": 59,
    "pid": 28072,
    "index": 39
  },
  {
    "name": "Require(32) node_modules/egg-view/app/extend/context.js",
    "start": 1627553880524,
    "end": 1627553880526,
    "duration": 2,
    "pid": 28072,
    "index": 40
  },
  {
    "name": "Require(33) node_modules/egg/app/extend/context.js",
    "start": 1627553880528,
    "end": 1627553880530,
    "duration": 2,
    "pid": 28072,
    "index": 41
  },
  {
    "name": "Require(34) app/extend/context.js",
    "start": 1627553880531,
    "end": 1627553880532,
    "duration": 1,
    "pid": 28072,
    "index": 42
  },
  {
    "name": "Load extend/helper.js",
    "start": 1627553880538,
    "end": 1627553880586,
    "duration": 48,
    "pid": 28072,
    "index": 43
  },
  {
    "name": "Require(35) node_modules/egg-security/app/extend/helper.js",
    "start": 1627553880539,
    "end": 1627553880571,
    "duration": 32,
    "pid": 28072,
    "index": 44
  },
  {
    "name": "Require(36) node_modules/egg/app/extend/helper.js",
    "start": 1627553880578,
    "end": 1627553880579,
    "duration": 1,
    "pid": 28072,
    "index": 45
  },
  {
    "name": "Load app.js",
    "start": 1627553880586,
    "end": 1627553880657,
    "duration": 71,
    "pid": 28072,
    "index": 46
  },
  {
    "name": "Require(37) node_modules/egg-session/app.js",
    "start": 1627553880587,
    "end": 1627553880587,
    "duration": 0,
    "pid": 28072,
    "index": 47
  },
  {
    "name": "Require(38) node_modules/egg-security/app.js",
    "start": 1627553880588,
    "end": 1627553880590,
    "duration": 2,
    "pid": 28072,
    "index": 48
  },
  {
    "name": "Require(39) node_modules/egg-onerror/app.js",
    "start": 1627553880591,
    "end": 1627553880606,
    "duration": 15,
    "pid": 28072,
    "index": 49
  },
  {
    "name": "Require(40) node_modules/egg-i18n/app.js",
    "start": 1627553880606,
    "end": 1627553880636,
    "duration": 30,
    "pid": 28072,
    "index": 50
  },
  {
    "name": "Require(41) node_modules/egg-watcher/app.js",
    "start": 1627553880637,
    "end": 1627553880642,
    "duration": 5,
    "pid": 28072,
    "index": 51
  },
  {
    "name": "Require(42) node_modules/egg-schedule/app.js",
    "start": 1627553880643,
    "end": 1627553880646,
    "duration": 3,
    "pid": 28072,
    "index": 52
  },
  {
    "name": "Require(43) node_modules/egg-multipart/app.js",
    "start": 1627553880647,
    "end": 1627553880648,
    "duration": 1,
    "pid": 28072,
    "index": 53
  },
  {
    "name": "Require(44) node_modules/egg-logrotator/app.js",
    "start": 1627553880648,
    "end": 1627553880649,
    "duration": 1,
    "pid": 28072,
    "index": 54
  },
  {
    "name": "Require(45) node_modules/egg-static/app.js",
    "start": 1627553880649,
    "end": 1627553880650,
    "duration": 1,
    "pid": 28072,
    "index": 55
  },
  {
    "name": "Require(46) node_modules/egg-jwt/app.js",
    "start": 1627553880651,
    "end": 1627553880651,
    "duration": 0,
    "pid": 28072,
    "index": 56
  },
  {
    "name": "Require(47) node_modules/egg-cors/app.js",
    "start": 1627553880652,
    "end": 1627553880653,
    "duration": 1,
    "pid": 28072,
    "index": 57
  },
  {
    "name": "Require(48) node_modules/egg-view-ejs/app.js",
    "start": 1627553880653,
    "end": 1627553880654,
    "duration": 1,
    "pid": 28072,
    "index": 58
  },
  {
    "name": "Require(49) app.js",
    "start": 1627553880655,
    "end": 1627553880657,
    "duration": 2,
    "pid": 28072,
    "index": 59
  },
  {
    "name": "Before Start in node_modules/egg-watcher/lib/init.js:15:14",
    "start": 1627553880672,
    "end": 1627553882298,
    "duration": 1626,
    "pid": 28072,
    "index": 60
  },
  {
    "name": "Did Load in app.js:didLoad",
    "start": 1627553880896,
    "end": 1627553882286,
    "duration": 1390,
    "pid": 28072,
    "index": 61
  },
  {
    "name": "Load Service",
    "start": 1627553880897,
    "end": 1627553881035,
    "duration": 138,
    "pid": 28072,
    "index": 62
  },
  {
    "name": "Load \"service\" to Context",
    "start": 1627553880897,
    "end": 1627553881035,
    "duration": 138,
    "pid": 28072,
    "index": 63
  },
  {
    "name": "Load Middleware",
    "start": 1627553881035,
    "end": 1627553881303,
    "duration": 268,
    "pid": 28072,
    "index": 64
  },
  {
    "name": "Load \"middlewares\" to Application",
    "start": 1627553881035,
    "end": 1627553881268,
    "duration": 233,
    "pid": 28072,
    "index": 65
  },
  {
    "name": "Load Controller",
    "start": 1627553881304,
    "end": 1627553881321,
    "duration": 17,
    "pid": 28072,
    "index": 66
  },
  {
    "name": "Load \"controller\" to Application",
    "start": 1627553881304,
    "end": 1627553881321,
    "duration": 17,
    "pid": 28072,
    "index": 67
  },
  {
    "name": "Load Router",
    "start": 1627553881321,
    "end": 1627553881331,
    "duration": 10,
    "pid": 28072,
    "index": 68
  },
  {
    "name": "Require(50) app/router/index.js",
    "start": 1627553881324,
    "end": 1627553881325,
    "duration": 1,
    "pid": 28072,
    "index": 69
  },
  {
    "name": "Before Start in node_modules/egg-core/lib/egg.js:303:10",
    "start": 1627553881325,
    "end": 1627553882286,
    "duration": 961,
    "pid": 28072,
    "index": 70
  },
  {
    "name": "Will Ready in app.js:willReady",
    "start": 1627553882299,
    "end": 1627553882299,
    "duration": 0,
    "pid": 28072,
    "index": 71
  }
]