[
  {
    "name": "Process Start",
    "start": 1629269387964,
    "end": 1629269389091,
    "duration": 1127,
    "pid": 4084,
    "index": 0
  },
  {
    "name": "Application Start",
    "start": 1629269389092,
    "end": 1629269390746,
    "duration": 1654,
    "pid": 4084,
    "index": 1
  },
  {
    "name": "Load Plugin",
    "start": 1629269389099,
    "end": 1629269389123,
    "duration": 24,
    "pid": 4084,
    "index": 2
  },
  {
    "name": "Load Config",
    "start": 1629269389124,
    "end": 1629269389186,
    "duration": 62,
    "pid": 4084,
    "index": 3
  },
  {
    "name": "Require(0) config/config.default.js",
    "start": 1629269389124,
    "end": 1629269389161,
    "duration": 37,
    "pid": 4084,
    "index": 4
  },
  {
    "name": "Require(1) config/config.prod.js",
    "start": 1629269389163,
    "end": 1629269389164,
    "duration": 1,
    "pid": 4084,
    "index": 5
  },
  {
    "name": "Require(2) node_modules/egg-session/config/config.default.js",
    "start": 1629269389164,
    "end": 1629269389165,
    "duration": 1,
    "pid": 4084,
    "index": 6
  },
  {
    "name": "Require(3) node_modules/egg-security/config/config.default.js",
    "start": 1629269389165,
    "end": 1629269389165,
    "duration": 0,
    "pid": 4084,
    "index": 7
  },
  {
    "name": "Require(4) node_modules/egg-jsonp/config/config.default.js",
    "start": 1629269389167,
    "end": 1629269389167,
    "duration": 0,
    "pid": 4084,
    "index": 8
  },
  {
    "name": "Require(5) node_modules/egg-onerror/config/config.default.js",
    "start": 1629269389167,
    "end": 1629269389168,
    "duration": 1,
    "pid": 4084,
    "index": 9
  },
  {
    "name": "Require(6) node_modules/egg-i18n/config/config.default.js",
    "start": 1629269389168,
    "end": 1629269389168,
    "duration": 0,
    "pid": 4084,
    "index": 10
  },
  {
    "name": "Require(7) node_modules/egg-watcher/config/config.default.js",
    "start": 1629269389169,
    "end": 1629269389169,
    "duration": 0,
    "pid": 4084,
    "index": 11
  },
  {
    "name": "Require(8) node_modules/egg-schedule/config/config.default.js",
    "start": 1629269389170,
    "end": 1629269389171,
    "duration": 1,
    "pid": 4084,
    "index": 12
  },
  {
    "name": "Require(9) node_modules/egg-multipart/config/config.default.js",
    "start": 1629269389171,
    "end": 1629269389172,
    "duration": 1,
    "pid": 4084,
    "index": 13
  },
  {
    "name": "Require(10) node_modules/egg-logrotator/config/config.default.js",
    "start": 1629269389172,
    "end": 1629269389173,
    "duration": 1,
    "pid": 4084,
    "index": 14
  },
  {
    "name": "Require(11) node_modules/egg-static/config/config.default.js",
    "start": 1629269389173,
    "end": 1629269389173,
    "duration": 0,
    "pid": 4084,
    "index": 15
  },
  {
    "name": "Require(12) node_modules/egg-view/config/config.default.js",
    "start": 1629269389174,
    "end": 1629269389174,
    "duration": 0,
    "pid": 4084,
    "index": 16
  },
  {
    "name": "Require(13) node_modules/egg-jwt/config/config.default.js",
    "start": 1629269389175,
    "end": 1629269389175,
    "duration": 0,
    "pid": 4084,
    "index": 17
  },
  {
    "name": "Require(14) node_modules/egg-cors/config/config.default.js",
    "start": 1629269389175,
    "end": 1629269389176,
    "duration": 1,
    "pid": 4084,
    "index": 18
  },
  {
    "name": "Require(15) node_modules/egg-view-ejs/config/config.default.js",
    "start": 1629269389176,
    "end": 1629269389176,
    "duration": 0,
    "pid": 4084,
    "index": 19
  },
  {
    "name": "Require(16) node_modules/egg/config/config.default.js",
    "start": 1629269389177,
    "end": 1629269389177,
    "duration": 0,
    "pid": 4084,
    "index": 20
  },
  {
    "name": "Require(17) config/config.default.js",
    "start": 1629269389179,
    "end": 1629269389179,
    "duration": 0,
    "pid": 4084,
    "index": 21
  },
  {
    "name": "Require(18) node_modules/egg-static/config/config.prod.js",
    "start": 1629269389184,
    "end": 1629269389184,
    "duration": 0,
    "pid": 4084,
    "index": 22
  },
  {
    "name": "Require(19) config/config.prod.js",
    "start": 1629269389186,
    "end": 1629269389186,
    "duration": 0,
    "pid": 4084,
    "index": 23
  },
  {
    "name": "Load extend/application.js",
    "start": 1629269389194,
    "end": 1629269389264,
    "duration": 70,
    "pid": 4084,
    "index": 24
  },
  {
    "name": "Require(20) node_modules/egg-session/app/extend/application.js",
    "start": 1629269389195,
    "end": 1629269389196,
    "duration": 1,
    "pid": 4084,
    "index": 25
  },
  {
    "name": "Require(21) node_modules/egg-security/app/extend/application.js",
    "start": 1629269389196,
    "end": 1629269389198,
    "duration": 2,
    "pid": 4084,
    "index": 26
  },
  {
    "name": "Require(22) node_modules/egg-jsonp/app/extend/application.js",
    "start": 1629269389198,
    "end": 1629269389200,
    "duration": 2,
    "pid": 4084,
    "index": 27
  },
  {
    "name": "Require(23) node_modules/egg-logrotator/app/extend/application.js",
    "start": 1629269389202,
    "end": 1629269389204,
    "duration": 2,
    "pid": 4084,
    "index": 28
  },
  {
    "name": "Require(24) node_modules/egg-view/app/extend/application.js",
    "start": 1629269389206,
    "end": 1629269389208,
    "duration": 2,
    "pid": 4084,
    "index": 29
  },
  {
    "name": "Require(25) node_modules/egg-jwt/app/extend/application.js",
    "start": 1629269389208,
    "end": 1629269389256,
    "duration": 48,
    "pid": 4084,
    "index": 30
  },
  {
    "name": "Load extend/request.js",
    "start": 1629269389264,
    "end": 1629269389282,
    "duration": 18,
    "pid": 4084,
    "index": 31
  },
  {
    "name": "Require(26) node_modules/egg/app/extend/request.js",
    "start": 1629269389269,
    "end": 1629269389272,
    "duration": 3,
    "pid": 4084,
    "index": 32
  },
  {
    "name": "Load extend/response.js",
    "start": 1629269389282,
    "end": 1629269389300,
    "duration": 18,
    "pid": 4084,
    "index": 33
  },
  {
    "name": "Require(27) node_modules/egg/app/extend/response.js",
    "start": 1629269389291,
    "end": 1629269389295,
    "duration": 4,
    "pid": 4084,
    "index": 34
  },
  {
    "name": "Load extend/context.js",
    "start": 1629269389300,
    "end": 1629269389383,
    "duration": 83,
    "pid": 4084,
    "index": 35
  },
  {
    "name": "Require(28) node_modules/egg-security/app/extend/context.js",
    "start": 1629269389301,
    "end": 1629269389316,
    "duration": 15,
    "pid": 4084,
    "index": 36
  },
  {
    "name": "Require(29) node_modules/egg-jsonp/app/extend/context.js",
    "start": 1629269389316,
    "end": 1629269389317,
    "duration": 1,
    "pid": 4084,
    "index": 37
  },
  {
    "name": "Require(30) node_modules/egg-i18n/app/extend/context.js",
    "start": 1629269389318,
    "end": 1629269389319,
    "duration": 1,
    "pid": 4084,
    "index": 38
  },
  {
    "name": "Require(31) node_modules/egg-multipart/app/extend/context.js",
    "start": 1629269389322,
    "end": 1629269389372,
    "duration": 50,
    "pid": 4084,
    "index": 39
  },
  {
    "name": "Require(32) node_modules/egg-view/app/extend/context.js",
    "start": 1629269389373,
    "end": 1629269389375,
    "duration": 2,
    "pid": 4084,
    "index": 40
  },
  {
    "name": "Require(33) node_modules/egg/app/extend/context.js",
    "start": 1629269389376,
    "end": 1629269389377,
    "duration": 1,
    "pid": 4084,
    "index": 41
  },
  {
    "name": "Require(34) app/extend/context.js",
    "start": 1629269389377,
    "end": 1629269389378,
    "duration": 1,
    "pid": 4084,
    "index": 42
  },
  {
    "name": "Load extend/helper.js",
    "start": 1629269389383,
    "end": 1629269389418,
    "duration": 35,
    "pid": 4084,
    "index": 43
  },
  {
    "name": "Require(35) node_modules/egg-security/app/extend/helper.js",
    "start": 1629269389384,
    "end": 1629269389406,
    "duration": 22,
    "pid": 4084,
    "index": 44
  },
  {
    "name": "Require(36) node_modules/egg/app/extend/helper.js",
    "start": 1629269389412,
    "end": 1629269389413,
    "duration": 1,
    "pid": 4084,
    "index": 45
  },
  {
    "name": "Load app.js",
    "start": 1629269389419,
    "end": 1629269389471,
    "duration": 52,
    "pid": 4084,
    "index": 46
  },
  {
    "name": "Require(37) node_modules/egg-session/app.js",
    "start": 1629269389419,
    "end": 1629269389420,
    "duration": 1,
    "pid": 4084,
    "index": 47
  },
  {
    "name": "Require(38) node_modules/egg-security/app.js",
    "start": 1629269389421,
    "end": 1629269389423,
    "duration": 2,
    "pid": 4084,
    "index": 48
  },
  {
    "name": "Require(39) node_modules/egg-onerror/app.js",
    "start": 1629269389424,
    "end": 1629269389432,
    "duration": 8,
    "pid": 4084,
    "index": 49
  },
  {
    "name": "Require(40) node_modules/egg-i18n/app.js",
    "start": 1629269389433,
    "end": 1629269389456,
    "duration": 23,
    "pid": 4084,
    "index": 50
  },
  {
    "name": "Require(41) node_modules/egg-watcher/app.js",
    "start": 1629269389457,
    "end": 1629269389461,
    "duration": 4,
    "pid": 4084,
    "index": 51
  },
  {
    "name": "Require(42) node_modules/egg-schedule/app.js",
    "start": 1629269389461,
    "end": 1629269389463,
    "duration": 2,
    "pid": 4084,
    "index": 52
  },
  {
    "name": "Require(43) node_modules/egg-multipart/app.js",
    "start": 1629269389463,
    "end": 1629269389464,
    "duration": 1,
    "pid": 4084,
    "index": 53
  },
  {
    "name": "Require(44) node_modules/egg-logrotator/app.js",
    "start": 1629269389464,
    "end": 1629269389464,
    "duration": 0,
    "pid": 4084,
    "index": 54
  },
  {
    "name": "Require(45) node_modules/egg-static/app.js",
    "start": 1629269389465,
    "end": 1629269389465,
    "duration": 0,
    "pid": 4084,
    "index": 55
  },
  {
    "name": "Require(46) node_modules/egg-jwt/app.js",
    "start": 1629269389466,
    "end": 1629269389466,
    "duration": 0,
    "pid": 4084,
    "index": 56
  },
  {
    "name": "Require(47) node_modules/egg-cors/app.js",
    "start": 1629269389466,
    "end": 1629269389467,
    "duration": 1,
    "pid": 4084,
    "index": 57
  },
  {
    "name": "Require(48) node_modules/egg-view-ejs/app.js",
    "start": 1629269389467,
    "end": 1629269389467,
    "duration": 0,
    "pid": 4084,
    "index": 58
  },
  {
    "name": "Require(49) app.js",
    "start": 1629269389468,
    "end": 1629269389470,
    "duration": 2,
    "pid": 4084,
    "index": 59
  },
  {
    "name": "Before Start in node_modules/egg-watcher/lib/init.js:15:14",
    "start": 1629269389483,
    "end": 1629269390744,
    "duration": 1261,
    "pid": 4084,
    "index": 60
  },
  {
    "name": "Did Load in app.js:didLoad",
    "start": 1629269389530,
    "end": 1629269390728,
    "duration": 1198,
    "pid": 4084,
    "index": 61
  },
  {
    "name": "Load Service",
    "start": 1629269389530,
    "end": 1629269389613,
    "duration": 83,
    "pid": 4084,
    "index": 62
  },
  {
    "name": "Load \"service\" to Context",
    "start": 1629269389530,
    "end": 1629269389613,
    "duration": 83,
    "pid": 4084,
    "index": 63
  },
  {
    "name": "Load Middleware",
    "start": 1629269389613,
    "end": 1629269389768,
    "duration": 155,
    "pid": 4084,
    "index": 64
  },
  {
    "name": "Load \"middlewares\" to Application",
    "start": 1629269389614,
    "end": 1629269389744,
    "duration": 130,
    "pid": 4084,
    "index": 65
  },
  {
    "name": "Load Controller",
    "start": 1629269389768,
    "end": 1629269389778,
    "duration": 10,
    "pid": 4084,
    "index": 66
  },
  {
    "name": "Load \"controller\" to Application",
    "start": 1629269389768,
    "end": 1629269389778,
    "duration": 10,
    "pid": 4084,
    "index": 67
  },
  {
    "name": "Load Router",
    "start": 1629269389778,
    "end": 1629269389784,
    "duration": 6,
    "pid": 4084,
    "index": 68
  },
  {
    "name": "Require(50) app/router/index.js",
    "start": 1629269389779,
    "end": 1629269389780,
    "duration": 1,
    "pid": 4084,
    "index": 69
  },
  {
    "name": "Before Start in node_modules/egg-core/lib/egg.js:303:10",
    "start": 1629269389780,
    "end": 1629269390728,
    "duration": 948,
    "pid": 4084,
    "index": 70
  },
  {
    "name": "Will Ready in app.js:willReady",
    "start": 1629269390745,
    "end": 1629269390745,
    "duration": 0,
    "pid": 4084,
    "index": 71
  }
]