[
  {
    "name": "Process Start",
    "start": 1629271165371,
    "end": 1629271166273,
    "duration": 902,
    "pid": 14608,
    "index": 0
  },
  {
    "name": "Application Start",
    "start": 1629271166274,
    "end": 1629271167852,
    "duration": 1578,
    "pid": 14608,
    "index": 1
  },
  {
    "name": "Load Plugin",
    "start": 1629271166280,
    "end": 1629271166302,
    "duration": 22,
    "pid": 14608,
    "index": 2
  },
  {
    "name": "Load Config",
    "start": 1629271166302,
    "end": 1629271166363,
    "duration": 61,
    "pid": 14608,
    "index": 3
  },
  {
    "name": "Require(0) config/config.default.js",
    "start": 1629271166303,
    "end": 1629271166336,
    "duration": 33,
    "pid": 14608,
    "index": 4
  },
  {
    "name": "Require(1) config/config.prod.js",
    "start": 1629271166338,
    "end": 1629271166338,
    "duration": 0,
    "pid": 14608,
    "index": 5
  },
  {
    "name": "Require(2) node_modules/egg-session/config/config.default.js",
    "start": 1629271166341,
    "end": 1629271166342,
    "duration": 1,
    "pid": 14608,
    "index": 6
  },
  {
    "name": "Require(3) node_modules/egg-security/config/config.default.js",
    "start": 1629271166342,
    "end": 1629271166342,
    "duration": 0,
    "pid": 14608,
    "index": 7
  },
  {
    "name": "Require(4) node_modules/egg-jsonp/config/config.default.js",
    "start": 1629271166344,
    "end": 1629271166344,
    "duration": 0,
    "pid": 14608,
    "index": 8
  },
  {
    "name": "Require(5) node_modules/egg-onerror/config/config.default.js",
    "start": 1629271166345,
    "end": 1629271166345,
    "duration": 0,
    "pid": 14608,
    "index": 9
  },
  {
    "name": "Require(6) node_modules/egg-i18n/config/config.default.js",
    "start": 1629271166346,
    "end": 1629271166346,
    "duration": 0,
    "pid": 14608,
    "index": 10
  },
  {
    "name": "Require(7) node_modules/egg-watcher/config/config.default.js",
    "start": 1629271166347,
    "end": 1629271166347,
    "duration": 0,
    "pid": 14608,
    "index": 11
  },
  {
    "name": "Require(8) node_modules/egg-schedule/config/config.default.js",
    "start": 1629271166347,
    "end": 1629271166348,
    "duration": 1,
    "pid": 14608,
    "index": 12
  },
  {
    "name": "Require(9) node_modules/egg-multipart/config/config.default.js",
    "start": 1629271166348,
    "end": 1629271166349,
    "duration": 1,
    "pid": 14608,
    "index": 13
  },
  {
    "name": "Require(10) node_modules/egg-logrotator/config/config.default.js",
    "start": 1629271166350,
    "end": 1629271166350,
    "duration": 0,
    "pid": 14608,
    "index": 14
  },
  {
    "name": "Require(11) node_modules/egg-static/config/config.default.js",
    "start": 1629271166350,
    "end": 1629271166351,
    "duration": 1,
    "pid": 14608,
    "index": 15
  },
  {
    "name": "Require(12) node_modules/egg-view/config/config.default.js",
    "start": 1629271166351,
    "end": 1629271166352,
    "duration": 1,
    "pid": 14608,
    "index": 16
  },
  {
    "name": "Require(13) node_modules/egg-jwt/config/config.default.js",
    "start": 1629271166352,
    "end": 1629271166352,
    "duration": 0,
    "pid": 14608,
    "index": 17
  },
  {
    "name": "Require(14) node_modules/egg-cors/config/config.default.js",
    "start": 1629271166353,
    "end": 1629271166353,
    "duration": 0,
    "pid": 14608,
    "index": 18
  },
  {
    "name": "Require(15) node_modules/egg-view-ejs/config/config.default.js",
    "start": 1629271166354,
    "end": 1629271166354,
    "duration": 0,
    "pid": 14608,
    "index": 19
  },
  {
    "name": "Require(16) node_modules/egg/config/config.default.js",
    "start": 1629271166355,
    "end": 1629271166356,
    "duration": 1,
    "pid": 14608,
    "index": 20
  },
  {
    "name": "Require(17) config/config.default.js",
    "start": 1629271166357,
    "end": 1629271166357,
    "duration": 0,
    "pid": 14608,
    "index": 21
  },
  {
    "name": "Require(18) node_modules/egg-static/config/config.prod.js",
    "start": 1629271166360,
    "end": 1629271166361,
    "duration": 1,
    "pid": 14608,
    "index": 22
  },
  {
    "name": "Require(19) config/config.prod.js",
    "start": 1629271166363,
    "end": 1629271166363,
    "duration": 0,
    "pid": 14608,
    "index": 23
  },
  {
    "name": "Load extend/application.js",
    "start": 1629271166369,
    "end": 1629271166436,
    "duration": 67,
    "pid": 14608,
    "index": 24
  },
  {
    "name": "Require(20) node_modules/egg-session/app/extend/application.js",
    "start": 1629271166370,
    "end": 1629271166370,
    "duration": 0,
    "pid": 14608,
    "index": 25
  },
  {
    "name": "Require(21) node_modules/egg-security/app/extend/application.js",
    "start": 1629271166371,
    "end": 1629271166372,
    "duration": 1,
    "pid": 14608,
    "index": 26
  },
  {
    "name": "Require(22) node_modules/egg-jsonp/app/extend/application.js",
    "start": 1629271166373,
    "end": 1629271166374,
    "duration": 1,
    "pid": 14608,
    "index": 27
  },
  {
    "name": "Require(23) node_modules/egg-logrotator/app/extend/application.js",
    "start": 1629271166377,
    "end": 1629271166381,
    "duration": 4,
    "pid": 14608,
    "index": 28
  },
  {
    "name": "Require(24) node_modules/egg-view/app/extend/application.js",
    "start": 1629271166382,
    "end": 1629271166384,
    "duration": 2,
    "pid": 14608,
    "index": 29
  },
  {
    "name": "Require(25) node_modules/egg-jwt/app/extend/application.js",
    "start": 1629271166384,
    "end": 1629271166426,
    "duration": 42,
    "pid": 14608,
    "index": 30
  },
  {
    "name": "Load extend/request.js",
    "start": 1629271166436,
    "end": 1629271166450,
    "duration": 14,
    "pid": 14608,
    "index": 31
  },
  {
    "name": "Require(26) node_modules/egg/app/extend/request.js",
    "start": 1629271166441,
    "end": 1629271166442,
    "duration": 1,
    "pid": 14608,
    "index": 32
  },
  {
    "name": "Load extend/response.js",
    "start": 1629271166450,
    "end": 1629271166463,
    "duration": 13,
    "pid": 14608,
    "index": 33
  },
  {
    "name": "Require(27) node_modules/egg/app/extend/response.js",
    "start": 1629271166455,
    "end": 1629271166457,
    "duration": 2,
    "pid": 14608,
    "index": 34
  },
  {
    "name": "Load extend/context.js",
    "start": 1629271166463,
    "end": 1629271166528,
    "duration": 65,
    "pid": 14608,
    "index": 35
  },
  {
    "name": "Require(28) node_modules/egg-security/app/extend/context.js",
    "start": 1629271166464,
    "end": 1629271166475,
    "duration": 11,
    "pid": 14608,
    "index": 36
  },
  {
    "name": "Require(29) node_modules/egg-jsonp/app/extend/context.js",
    "start": 1629271166475,
    "end": 1629271166477,
    "duration": 2,
    "pid": 14608,
    "index": 37
  },
  {
    "name": "Require(30) node_modules/egg-i18n/app/extend/context.js",
    "start": 1629271166478,
    "end": 1629271166478,
    "duration": 0,
    "pid": 14608,
    "index": 38
  },
  {
    "name": "Require(31) node_modules/egg-multipart/app/extend/context.js",
    "start": 1629271166479,
    "end": 1629271166517,
    "duration": 38,
    "pid": 14608,
    "index": 39
  },
  {
    "name": "Require(32) node_modules/egg-view/app/extend/context.js",
    "start": 1629271166518,
    "end": 1629271166519,
    "duration": 1,
    "pid": 14608,
    "index": 40
  },
  {
    "name": "Require(33) node_modules/egg/app/extend/context.js",
    "start": 1629271166522,
    "end": 1629271166523,
    "duration": 1,
    "pid": 14608,
    "index": 41
  },
  {
    "name": "Require(34) app/extend/context.js",
    "start": 1629271166523,
    "end": 1629271166523,
    "duration": 0,
    "pid": 14608,
    "index": 42
  },
  {
    "name": "Load extend/helper.js",
    "start": 1629271166528,
    "end": 1629271166556,
    "duration": 28,
    "pid": 14608,
    "index": 43
  },
  {
    "name": "Require(35) node_modules/egg-security/app/extend/helper.js",
    "start": 1629271166529,
    "end": 1629271166546,
    "duration": 17,
    "pid": 14608,
    "index": 44
  },
  {
    "name": "Require(36) node_modules/egg/app/extend/helper.js",
    "start": 1629271166551,
    "end": 1629271166552,
    "duration": 1,
    "pid": 14608,
    "index": 45
  },
  {
    "name": "Load app.js",
    "start": 1629271166557,
    "end": 1629271166599,
    "duration": 42,
    "pid": 14608,
    "index": 46
  },
  {
    "name": "Require(37) node_modules/egg-session/app.js",
    "start": 1629271166557,
    "end": 1629271166557,
    "duration": 0,
    "pid": 14608,
    "index": 47
  },
  {
    "name": "Require(38) node_modules/egg-security/app.js",
    "start": 1629271166557,
    "end": 1629271166559,
    "duration": 2,
    "pid": 14608,
    "index": 48
  },
  {
    "name": "Require(39) node_modules/egg-onerror/app.js",
    "start": 1629271166559,
    "end": 1629271166569,
    "duration": 10,
    "pid": 14608,
    "index": 49
  },
  {
    "name": "Require(40) node_modules/egg-i18n/app.js",
    "start": 1629271166569,
    "end": 1629271166586,
    "duration": 17,
    "pid": 14608,
    "index": 50
  },
  {
    "name": "Require(41) node_modules/egg-watcher/app.js",
    "start": 1629271166586,
    "end": 1629271166589,
    "duration": 3,
    "pid": 14608,
    "index": 51
  },
  {
    "name": "Require(42) node_modules/egg-schedule/app.js",
    "start": 1629271166590,
    "end": 1629271166591,
    "duration": 1,
    "pid": 14608,
    "index": 52
  },
  {
    "name": "Require(43) node_modules/egg-multipart/app.js",
    "start": 1629271166591,
    "end": 1629271166591,
    "duration": 0,
    "pid": 14608,
    "index": 53
  },
  {
    "name": "Require(44) node_modules/egg-logrotator/app.js",
    "start": 1629271166592,
    "end": 1629271166592,
    "duration": 0,
    "pid": 14608,
    "index": 54
  },
  {
    "name": "Require(45) node_modules/egg-static/app.js",
    "start": 1629271166593,
    "end": 1629271166593,
    "duration": 0,
    "pid": 14608,
    "index": 55
  },
  {
    "name": "Require(46) node_modules/egg-jwt/app.js",
    "start": 1629271166595,
    "end": 1629271166595,
    "duration": 0,
    "pid": 14608,
    "index": 56
  },
  {
    "name": "Require(47) node_modules/egg-cors/app.js",
    "start": 1629271166596,
    "end": 1629271166596,
    "duration": 0,
    "pid": 14608,
    "index": 57
  },
  {
    "name": "Require(48) node_modules/egg-view-ejs/app.js",
    "start": 1629271166596,
    "end": 1629271166597,
    "duration": 1,
    "pid": 14608,
    "index": 58
  },
  {
    "name": "Require(49) app.js",
    "start": 1629271166598,
    "end": 1629271166598,
    "duration": 0,
    "pid": 14608,
    "index": 59
  },
  {
    "name": "Before Start in node_modules/egg-watcher/lib/init.js:15:14",
    "start": 1629271166608,
    "end": 1629271167850,
    "duration": 1242,
    "pid": 14608,
    "index": 60
  },
  {
    "name": "Did Load in app.js:didLoad",
    "start": 1629271166648,
    "end": 1629271167840,
    "duration": 1192,
    "pid": 14608,
    "index": 61
  },
  {
    "name": "Load Service",
    "start": 1629271166648,
    "end": 1629271166709,
    "duration": 61,
    "pid": 14608,
    "index": 62
  },
  {
    "name": "Load \"service\" to Context",
    "start": 1629271166648,
    "end": 1629271166709,
    "duration": 61,
    "pid": 14608,
    "index": 63
  },
  {
    "name": "Load Middleware",
    "start": 1629271166709,
    "end": 1629271166874,
    "duration": 165,
    "pid": 14608,
    "index": 64
  },
  {
    "name": "Load \"middlewares\" to Application",
    "start": 1629271166709,
    "end": 1629271166827,
    "duration": 118,
    "pid": 14608,
    "index": 65
  },
  {
    "name": "Load Controller",
    "start": 1629271166874,
    "end": 1629271166887,
    "duration": 13,
    "pid": 14608,
    "index": 66
  },
  {
    "name": "Load \"controller\" to Application",
    "start": 1629271166875,
    "end": 1629271166886,
    "duration": 11,
    "pid": 14608,
    "index": 67
  },
  {
    "name": "Load Router",
    "start": 1629271166887,
    "end": 1629271166895,
    "duration": 8,
    "pid": 14608,
    "index": 68
  },
  {
    "name": "Require(50) app/router/index.js",
    "start": 1629271166888,
    "end": 1629271166889,
    "duration": 1,
    "pid": 14608,
    "index": 69
  },
  {
    "name": "Before Start in node_modules/egg-core/lib/egg.js:303:10",
    "start": 1629271166890,
    "end": 1629271167840,
    "duration": 950,
    "pid": 14608,
    "index": 70
  },
  {
    "name": "Will Ready in app.js:willReady",
    "start": 1629271167851,
    "end": 1629271167851,
    "duration": 0,
    "pid": 14608,
    "index": 71
  }
]