[
  {
    "name": "Process Start",
    "start": 1629270062416,
    "end": 1629270063329,
    "duration": 913,
    "pid": 29124,
    "index": 0
  },
  {
    "name": "Application Start",
    "start": 1629270063330,
    "end": 1629270064886,
    "duration": 1556,
    "pid": 29124,
    "index": 1
  },
  {
    "name": "Load Plugin",
    "start": 1629270063337,
    "end": 1629270063359,
    "duration": 22,
    "pid": 29124,
    "index": 2
  },
  {
    "name": "Load Config",
    "start": 1629270063359,
    "end": 1629270063419,
    "duration": 60,
    "pid": 29124,
    "index": 3
  },
  {
    "name": "Require(0) config/config.default.js",
    "start": 1629270063360,
    "end": 1629270063395,
    "duration": 35,
    "pid": 29124,
    "index": 4
  },
  {
    "name": "Require(1) config/config.prod.js",
    "start": 1629270063397,
    "end": 1629270063397,
    "duration": 0,
    "pid": 29124,
    "index": 5
  },
  {
    "name": "Require(2) node_modules/egg-session/config/config.default.js",
    "start": 1629270063398,
    "end": 1629270063398,
    "duration": 0,
    "pid": 29124,
    "index": 6
  },
  {
    "name": "Require(3) node_modules/egg-security/config/config.default.js",
    "start": 1629270063399,
    "end": 1629270063399,
    "duration": 0,
    "pid": 29124,
    "index": 7
  },
  {
    "name": "Require(4) node_modules/egg-jsonp/config/config.default.js",
    "start": 1629270063400,
    "end": 1629270063401,
    "duration": 1,
    "pid": 29124,
    "index": 8
  },
  {
    "name": "Require(5) node_modules/egg-onerror/config/config.default.js",
    "start": 1629270063401,
    "end": 1629270063401,
    "duration": 0,
    "pid": 29124,
    "index": 9
  },
  {
    "name": "Require(6) node_modules/egg-i18n/config/config.default.js",
    "start": 1629270063402,
    "end": 1629270063402,
    "duration": 0,
    "pid": 29124,
    "index": 10
  },
  {
    "name": "Require(7) node_modules/egg-watcher/config/config.default.js",
    "start": 1629270063403,
    "end": 1629270063403,
    "duration": 0,
    "pid": 29124,
    "index": 11
  },
  {
    "name": "Require(8) node_modules/egg-schedule/config/config.default.js",
    "start": 1629270063403,
    "end": 1629270063404,
    "duration": 1,
    "pid": 29124,
    "index": 12
  },
  {
    "name": "Require(9) node_modules/egg-multipart/config/config.default.js",
    "start": 1629270063404,
    "end": 1629270063405,
    "duration": 1,
    "pid": 29124,
    "index": 13
  },
  {
    "name": "Require(10) node_modules/egg-logrotator/config/config.default.js",
    "start": 1629270063405,
    "end": 1629270063405,
    "duration": 0,
    "pid": 29124,
    "index": 14
  },
  {
    "name": "Require(11) node_modules/egg-static/config/config.default.js",
    "start": 1629270063406,
    "end": 1629270063406,
    "duration": 0,
    "pid": 29124,
    "index": 15
  },
  {
    "name": "Require(12) node_modules/egg-view/config/config.default.js",
    "start": 1629270063407,
    "end": 1629270063407,
    "duration": 0,
    "pid": 29124,
    "index": 16
  },
  {
    "name": "Require(13) node_modules/egg-jwt/config/config.default.js",
    "start": 1629270063408,
    "end": 1629270063408,
    "duration": 0,
    "pid": 29124,
    "index": 17
  },
  {
    "name": "Require(14) node_modules/egg-cors/config/config.default.js",
    "start": 1629270063408,
    "end": 1629270063408,
    "duration": 0,
    "pid": 29124,
    "index": 18
  },
  {
    "name": "Require(15) node_modules/egg-view-ejs/config/config.default.js",
    "start": 1629270063409,
    "end": 1629270063409,
    "duration": 0,
    "pid": 29124,
    "index": 19
  },
  {
    "name": "Require(16) node_modules/egg/config/config.default.js",
    "start": 1629270063410,
    "end": 1629270063410,
    "duration": 0,
    "pid": 29124,
    "index": 20
  },
  {
    "name": "Require(17) config/config.default.js",
    "start": 1629270063411,
    "end": 1629270063411,
    "duration": 0,
    "pid": 29124,
    "index": 21
  },
  {
    "name": "Require(18) node_modules/egg-static/config/config.prod.js",
    "start": 1629270063417,
    "end": 1629270063417,
    "duration": 0,
    "pid": 29124,
    "index": 22
  },
  {
    "name": "Require(19) config/config.prod.js",
    "start": 1629270063419,
    "end": 1629270063419,
    "duration": 0,
    "pid": 29124,
    "index": 23
  },
  {
    "name": "Load extend/application.js",
    "start": 1629270063424,
    "end": 1629270063495,
    "duration": 71,
    "pid": 29124,
    "index": 24
  },
  {
    "name": "Require(20) node_modules/egg-session/app/extend/application.js",
    "start": 1629270063425,
    "end": 1629270063426,
    "duration": 1,
    "pid": 29124,
    "index": 25
  },
  {
    "name": "Require(21) node_modules/egg-security/app/extend/application.js",
    "start": 1629270063427,
    "end": 1629270063428,
    "duration": 1,
    "pid": 29124,
    "index": 26
  },
  {
    "name": "Require(22) node_modules/egg-jsonp/app/extend/application.js",
    "start": 1629270063429,
    "end": 1629270063432,
    "duration": 3,
    "pid": 29124,
    "index": 27
  },
  {
    "name": "Require(23) node_modules/egg-logrotator/app/extend/application.js",
    "start": 1629270063435,
    "end": 1629270063436,
    "duration": 1,
    "pid": 29124,
    "index": 28
  },
  {
    "name": "Require(24) node_modules/egg-view/app/extend/application.js",
    "start": 1629270063437,
    "end": 1629270063438,
    "duration": 1,
    "pid": 29124,
    "index": 29
  },
  {
    "name": "Require(25) node_modules/egg-jwt/app/extend/application.js",
    "start": 1629270063438,
    "end": 1629270063488,
    "duration": 50,
    "pid": 29124,
    "index": 30
  },
  {
    "name": "Load extend/request.js",
    "start": 1629270063495,
    "end": 1629270063508,
    "duration": 13,
    "pid": 29124,
    "index": 31
  },
  {
    "name": "Require(26) node_modules/egg/app/extend/request.js",
    "start": 1629270063500,
    "end": 1629270063501,
    "duration": 1,
    "pid": 29124,
    "index": 32
  },
  {
    "name": "Load extend/response.js",
    "start": 1629270063508,
    "end": 1629270063521,
    "duration": 13,
    "pid": 29124,
    "index": 33
  },
  {
    "name": "Require(27) node_modules/egg/app/extend/response.js",
    "start": 1629270063514,
    "end": 1629270063516,
    "duration": 2,
    "pid": 29124,
    "index": 34
  },
  {
    "name": "Load extend/context.js",
    "start": 1629270063521,
    "end": 1629270063584,
    "duration": 63,
    "pid": 29124,
    "index": 35
  },
  {
    "name": "Require(28) node_modules/egg-security/app/extend/context.js",
    "start": 1629270063522,
    "end": 1629270063533,
    "duration": 11,
    "pid": 29124,
    "index": 36
  },
  {
    "name": "Require(29) node_modules/egg-jsonp/app/extend/context.js",
    "start": 1629270063533,
    "end": 1629270063534,
    "duration": 1,
    "pid": 29124,
    "index": 37
  },
  {
    "name": "Require(30) node_modules/egg-i18n/app/extend/context.js",
    "start": 1629270063535,
    "end": 1629270063535,
    "duration": 0,
    "pid": 29124,
    "index": 38
  },
  {
    "name": "Require(31) node_modules/egg-multipart/app/extend/context.js",
    "start": 1629270063536,
    "end": 1629270063574,
    "duration": 38,
    "pid": 29124,
    "index": 39
  },
  {
    "name": "Require(32) node_modules/egg-view/app/extend/context.js",
    "start": 1629270063575,
    "end": 1629270063576,
    "duration": 1,
    "pid": 29124,
    "index": 40
  },
  {
    "name": "Require(33) node_modules/egg/app/extend/context.js",
    "start": 1629270063577,
    "end": 1629270063578,
    "duration": 1,
    "pid": 29124,
    "index": 41
  },
  {
    "name": "Require(34) app/extend/context.js",
    "start": 1629270063579,
    "end": 1629270063579,
    "duration": 0,
    "pid": 29124,
    "index": 42
  },
  {
    "name": "Load extend/helper.js",
    "start": 1629270063584,
    "end": 1629270063612,
    "duration": 28,
    "pid": 29124,
    "index": 43
  },
  {
    "name": "Require(35) node_modules/egg-security/app/extend/helper.js",
    "start": 1629270063585,
    "end": 1629270063602,
    "duration": 17,
    "pid": 29124,
    "index": 44
  },
  {
    "name": "Require(36) node_modules/egg/app/extend/helper.js",
    "start": 1629270063607,
    "end": 1629270063607,
    "duration": 0,
    "pid": 29124,
    "index": 45
  },
  {
    "name": "Load app.js",
    "start": 1629270063612,
    "end": 1629270063656,
    "duration": 44,
    "pid": 29124,
    "index": 46
  },
  {
    "name": "Require(37) node_modules/egg-session/app.js",
    "start": 1629270063613,
    "end": 1629270063613,
    "duration": 0,
    "pid": 29124,
    "index": 47
  },
  {
    "name": "Require(38) node_modules/egg-security/app.js",
    "start": 1629270063614,
    "end": 1629270063616,
    "duration": 2,
    "pid": 29124,
    "index": 48
  },
  {
    "name": "Require(39) node_modules/egg-onerror/app.js",
    "start": 1629270063617,
    "end": 1629270063624,
    "duration": 7,
    "pid": 29124,
    "index": 49
  },
  {
    "name": "Require(40) node_modules/egg-i18n/app.js",
    "start": 1629270063625,
    "end": 1629270063642,
    "duration": 17,
    "pid": 29124,
    "index": 50
  },
  {
    "name": "Require(41) node_modules/egg-watcher/app.js",
    "start": 1629270063642,
    "end": 1629270063646,
    "duration": 4,
    "pid": 29124,
    "index": 51
  },
  {
    "name": "Require(42) node_modules/egg-schedule/app.js",
    "start": 1629270063646,
    "end": 1629270063648,
    "duration": 2,
    "pid": 29124,
    "index": 52
  },
  {
    "name": "Require(43) node_modules/egg-multipart/app.js",
    "start": 1629270063649,
    "end": 1629270063650,
    "duration": 1,
    "pid": 29124,
    "index": 53
  },
  {
    "name": "Require(44) node_modules/egg-logrotator/app.js",
    "start": 1629270063650,
    "end": 1629270063651,
    "duration": 1,
    "pid": 29124,
    "index": 54
  },
  {
    "name": "Require(45) node_modules/egg-static/app.js",
    "start": 1629270063651,
    "end": 1629270063651,
    "duration": 0,
    "pid": 29124,
    "index": 55
  },
  {
    "name": "Require(46) node_modules/egg-jwt/app.js",
    "start": 1629270063652,
    "end": 1629270063652,
    "duration": 0,
    "pid": 29124,
    "index": 56
  },
  {
    "name": "Require(47) node_modules/egg-cors/app.js",
    "start": 1629270063653,
    "end": 1629270063653,
    "duration": 0,
    "pid": 29124,
    "index": 57
  },
  {
    "name": "Require(48) node_modules/egg-view-ejs/app.js",
    "start": 1629270063653,
    "end": 1629270063654,
    "duration": 1,
    "pid": 29124,
    "index": 58
  },
  {
    "name": "Require(49) app.js",
    "start": 1629270063655,
    "end": 1629270063655,
    "duration": 0,
    "pid": 29124,
    "index": 59
  },
  {
    "name": "Before Start in node_modules/egg-watcher/lib/init.js:15:14",
    "start": 1629270063666,
    "end": 1629270064885,
    "duration": 1219,
    "pid": 29124,
    "index": 60
  },
  {
    "name": "Did Load in app.js:didLoad",
    "start": 1629270063701,
    "end": 1629270064870,
    "duration": 1169,
    "pid": 29124,
    "index": 61
  },
  {
    "name": "Load Service",
    "start": 1629270063701,
    "end": 1629270063766,
    "duration": 65,
    "pid": 29124,
    "index": 62
  },
  {
    "name": "Load \"service\" to Context",
    "start": 1629270063701,
    "end": 1629270063766,
    "duration": 65,
    "pid": 29124,
    "index": 63
  },
  {
    "name": "Load Middleware",
    "start": 1629270063766,
    "end": 1629270063909,
    "duration": 143,
    "pid": 29124,
    "index": 64
  },
  {
    "name": "Load \"middlewares\" to Application",
    "start": 1629270063766,
    "end": 1629270063886,
    "duration": 120,
    "pid": 29124,
    "index": 65
  },
  {
    "name": "Load Controller",
    "start": 1629270063909,
    "end": 1629270063918,
    "duration": 9,
    "pid": 29124,
    "index": 66
  },
  {
    "name": "Load \"controller\" to Application",
    "start": 1629270063909,
    "end": 1629270063918,
    "duration": 9,
    "pid": 29124,
    "index": 67
  },
  {
    "name": "Load Router",
    "start": 1629270063918,
    "end": 1629270063922,
    "duration": 4,
    "pid": 29124,
    "index": 68
  },
  {
    "name": "Require(50) app/router/index.js",
    "start": 1629270063919,
    "end": 1629270063919,
    "duration": 0,
    "pid": 29124,
    "index": 69
  },
  {
    "name": "Before Start in node_modules/egg-core/lib/egg.js:303:10",
    "start": 1629270063920,
    "end": 1629270064870,
    "duration": 950,
    "pid": 29124,
    "index": 70
  },
  {
    "name": "Will Ready in app.js:willReady",
    "start": 1629270064886,
    "end": 1629270064886,
    "duration": 0,
    "pid": 29124,
    "index": 71
  }
]