[
  {
    "name": "Process Start",
    "start": 1627608162761,
    "end": 1627608163920,
    "duration": 1159,
    "pid": 16444,
    "index": 0
  },
  {
    "name": "Application Start",
    "start": 1627608163921,
    "end": 1627608166310,
    "duration": 2389,
    "pid": 16444,
    "index": 1
  },
  {
    "name": "Load Plugin",
    "start": 1627608163925,
    "end": 1627608163963,
    "duration": 38,
    "pid": 16444,
    "index": 2
  },
  {
    "name": "Load Config",
    "start": 1627608163963,
    "end": 1627608164096,
    "duration": 133,
    "pid": 16444,
    "index": 3
  },
  {
    "name": "Require(0) config/config.default.js",
    "start": 1627608163964,
    "end": 1627608164028,
    "duration": 64,
    "pid": 16444,
    "index": 4
  },
  {
    "name": "Require(1) config/config.prod.js",
    "start": 1627608164031,
    "end": 1627608164032,
    "duration": 1,
    "pid": 16444,
    "index": 5
  },
  {
    "name": "Require(2) node_modules/egg-session/config/config.default.js",
    "start": 1627608164033,
    "end": 1627608164034,
    "duration": 1,
    "pid": 16444,
    "index": 6
  },
  {
    "name": "Require(3) node_modules/egg-security/config/config.default.js",
    "start": 1627608164035,
    "end": 1627608164035,
    "duration": 0,
    "pid": 16444,
    "index": 7
  },
  {
    "name": "Require(4) node_modules/egg-jsonp/config/config.default.js",
    "start": 1627608164037,
    "end": 1627608164037,
    "duration": 0,
    "pid": 16444,
    "index": 8
  },
  {
    "name": "Require(5) node_modules/egg-onerror/config/config.default.js",
    "start": 1627608164038,
    "end": 1627608164039,
    "duration": 1,
    "pid": 16444,
    "index": 9
  },
  {
    "name": "Require(6) node_modules/egg-i18n/config/config.default.js",
    "start": 1627608164039,
    "end": 1627608164040,
    "duration": 1,
    "pid": 16444,
    "index": 10
  },
  {
    "name": "Require(7) node_modules/egg-watcher/config/config.default.js",
    "start": 1627608164041,
    "end": 1627608164041,
    "duration": 0,
    "pid": 16444,
    "index": 11
  },
  {
    "name": "Require(8) node_modules/egg-schedule/config/config.default.js",
    "start": 1627608164042,
    "end": 1627608164043,
    "duration": 1,
    "pid": 16444,
    "index": 12
  },
  {
    "name": "Require(9) node_modules/egg-multipart/config/config.default.js",
    "start": 1627608164044,
    "end": 1627608164045,
    "duration": 1,
    "pid": 16444,
    "index": 13
  },
  {
    "name": "Require(10) node_modules/egg-logrotator/config/config.default.js",
    "start": 1627608164047,
    "end": 1627608164047,
    "duration": 0,
    "pid": 16444,
    "index": 14
  },
  {
    "name": "Require(11) node_modules/egg-static/config/config.default.js",
    "start": 1627608164049,
    "end": 1627608164050,
    "duration": 1,
    "pid": 16444,
    "index": 15
  },
  {
    "name": "Require(12) node_modules/egg-view/config/config.default.js",
    "start": 1627608164052,
    "end": 1627608164053,
    "duration": 1,
    "pid": 16444,
    "index": 16
  },
  {
    "name": "Require(13) node_modules/egg-jwt/config/config.default.js",
    "start": 1627608164056,
    "end": 1627608164057,
    "duration": 1,
    "pid": 16444,
    "index": 17
  },
  {
    "name": "Require(14) node_modules/egg-cors/config/config.default.js",
    "start": 1627608164059,
    "end": 1627608164060,
    "duration": 1,
    "pid": 16444,
    "index": 18
  },
  {
    "name": "Require(15) node_modules/egg-view-ejs/config/config.default.js",
    "start": 1627608164061,
    "end": 1627608164062,
    "duration": 1,
    "pid": 16444,
    "index": 19
  },
  {
    "name": "Require(16) node_modules/egg/config/config.default.js",
    "start": 1627608164063,
    "end": 1627608164064,
    "duration": 1,
    "pid": 16444,
    "index": 20
  },
  {
    "name": "Require(17) config/config.default.js",
    "start": 1627608164067,
    "end": 1627608164067,
    "duration": 0,
    "pid": 16444,
    "index": 21
  },
  {
    "name": "Require(18) node_modules/egg-static/config/config.prod.js",
    "start": 1627608164087,
    "end": 1627608164090,
    "duration": 3,
    "pid": 16444,
    "index": 22
  },
  {
    "name": "Require(19) config/config.prod.js",
    "start": 1627608164096,
    "end": 1627608164096,
    "duration": 0,
    "pid": 16444,
    "index": 23
  },
  {
    "name": "Load extend/application.js",
    "start": 1627608164112,
    "end": 1627608164295,
    "duration": 183,
    "pid": 16444,
    "index": 24
  },
  {
    "name": "Require(20) node_modules/egg-session/app/extend/application.js",
    "start": 1627608164114,
    "end": 1627608164115,
    "duration": 1,
    "pid": 16444,
    "index": 25
  },
  {
    "name": "Require(21) node_modules/egg-security/app/extend/application.js",
    "start": 1627608164116,
    "end": 1627608164118,
    "duration": 2,
    "pid": 16444,
    "index": 26
  },
  {
    "name": "Require(22) node_modules/egg-jsonp/app/extend/application.js",
    "start": 1627608164119,
    "end": 1627608164125,
    "duration": 6,
    "pid": 16444,
    "index": 27
  },
  {
    "name": "Require(23) node_modules/egg-logrotator/app/extend/application.js",
    "start": 1627608164130,
    "end": 1627608164138,
    "duration": 8,
    "pid": 16444,
    "index": 28
  },
  {
    "name": "Require(24) node_modules/egg-view/app/extend/application.js",
    "start": 1627608164143,
    "end": 1627608164145,
    "duration": 2,
    "pid": 16444,
    "index": 29
  },
  {
    "name": "Require(25) node_modules/egg-jwt/app/extend/application.js",
    "start": 1627608164146,
    "end": 1627608164277,
    "duration": 131,
    "pid": 16444,
    "index": 30
  },
  {
    "name": "Load extend/request.js",
    "start": 1627608164295,
    "end": 1627608164331,
    "duration": 36,
    "pid": 16444,
    "index": 31
  },
  {
    "name": "Require(26) node_modules/egg/app/extend/request.js",
    "start": 1627608164305,
    "end": 1627608164310,
    "duration": 5,
    "pid": 16444,
    "index": 32
  },
  {
    "name": "Load extend/response.js",
    "start": 1627608164331,
    "end": 1627608164365,
    "duration": 34,
    "pid": 16444,
    "index": 33
  },
  {
    "name": "Require(27) node_modules/egg/app/extend/response.js",
    "start": 1627608164347,
    "end": 1627608164350,
    "duration": 3,
    "pid": 16444,
    "index": 34
  },
  {
    "name": "Load extend/context.js",
    "start": 1627608164365,
    "end": 1627608164538,
    "duration": 173,
    "pid": 16444,
    "index": 35
  },
  {
    "name": "Require(28) node_modules/egg-security/app/extend/context.js",
    "start": 1627608164367,
    "end": 1627608164401,
    "duration": 34,
    "pid": 16444,
    "index": 36
  },
  {
    "name": "Require(29) node_modules/egg-jsonp/app/extend/context.js",
    "start": 1627608164403,
    "end": 1627608164409,
    "duration": 6,
    "pid": 16444,
    "index": 37
  },
  {
    "name": "Require(30) node_modules/egg-i18n/app/extend/context.js",
    "start": 1627608164411,
    "end": 1627608164411,
    "duration": 0,
    "pid": 16444,
    "index": 38
  },
  {
    "name": "Require(31) node_modules/egg-multipart/app/extend/context.js",
    "start": 1627608164413,
    "end": 1627608164512,
    "duration": 99,
    "pid": 16444,
    "index": 39
  },
  {
    "name": "Require(32) node_modules/egg-view/app/extend/context.js",
    "start": 1627608164514,
    "end": 1627608164516,
    "duration": 2,
    "pid": 16444,
    "index": 40
  },
  {
    "name": "Require(33) node_modules/egg/app/extend/context.js",
    "start": 1627608164521,
    "end": 1627608164525,
    "duration": 4,
    "pid": 16444,
    "index": 41
  },
  {
    "name": "Require(34) app/extend/context.js",
    "start": 1627608164526,
    "end": 1627608164527,
    "duration": 1,
    "pid": 16444,
    "index": 42
  },
  {
    "name": "Load extend/helper.js",
    "start": 1627608164538,
    "end": 1627608164610,
    "duration": 72,
    "pid": 16444,
    "index": 43
  },
  {
    "name": "Require(35) node_modules/egg-security/app/extend/helper.js",
    "start": 1627608164542,
    "end": 1627608164592,
    "duration": 50,
    "pid": 16444,
    "index": 44
  },
  {
    "name": "Require(36) node_modules/egg/app/extend/helper.js",
    "start": 1627608164598,
    "end": 1627608164599,
    "duration": 1,
    "pid": 16444,
    "index": 45
  },
  {
    "name": "Load app.js",
    "start": 1627608164610,
    "end": 1627608164714,
    "duration": 104,
    "pid": 16444,
    "index": 46
  },
  {
    "name": "Require(37) node_modules/egg-session/app.js",
    "start": 1627608164611,
    "end": 1627608164611,
    "duration": 0,
    "pid": 16444,
    "index": 47
  },
  {
    "name": "Require(38) node_modules/egg-security/app.js",
    "start": 1627608164612,
    "end": 1627608164614,
    "duration": 2,
    "pid": 16444,
    "index": 48
  },
  {
    "name": "Require(39) node_modules/egg-onerror/app.js",
    "start": 1627608164616,
    "end": 1627608164634,
    "duration": 18,
    "pid": 16444,
    "index": 49
  },
  {
    "name": "Require(40) node_modules/egg-i18n/app.js",
    "start": 1627608164635,
    "end": 1627608164680,
    "duration": 45,
    "pid": 16444,
    "index": 50
  },
  {
    "name": "Require(41) node_modules/egg-watcher/app.js",
    "start": 1627608164681,
    "end": 1627608164690,
    "duration": 9,
    "pid": 16444,
    "index": 51
  },
  {
    "name": "Require(42) node_modules/egg-schedule/app.js",
    "start": 1627608164691,
    "end": 1627608164694,
    "duration": 3,
    "pid": 16444,
    "index": 52
  },
  {
    "name": "Require(43) node_modules/egg-multipart/app.js",
    "start": 1627608164695,
    "end": 1627608164696,
    "duration": 1,
    "pid": 16444,
    "index": 53
  },
  {
    "name": "Require(44) node_modules/egg-logrotator/app.js",
    "start": 1627608164697,
    "end": 1627608164697,
    "duration": 0,
    "pid": 16444,
    "index": 54
  },
  {
    "name": "Require(45) node_modules/egg-static/app.js",
    "start": 1627608164698,
    "end": 1627608164699,
    "duration": 1,
    "pid": 16444,
    "index": 55
  },
  {
    "name": "Require(46) node_modules/egg-jwt/app.js",
    "start": 1627608164701,
    "end": 1627608164703,
    "duration": 2,
    "pid": 16444,
    "index": 56
  },
  {
    "name": "Require(47) node_modules/egg-cors/app.js",
    "start": 1627608164705,
    "end": 1627608164707,
    "duration": 2,
    "pid": 16444,
    "index": 57
  },
  {
    "name": "Require(48) node_modules/egg-view-ejs/app.js",
    "start": 1627608164708,
    "end": 1627608164708,
    "duration": 0,
    "pid": 16444,
    "index": 58
  },
  {
    "name": "Require(49) app.js",
    "start": 1627608164711,
    "end": 1627608164714,
    "duration": 3,
    "pid": 16444,
    "index": 59
  },
  {
    "name": "Before Start in node_modules/egg-watcher/lib/init.js:15:14",
    "start": 1627608164744,
    "end": 1627608166306,
    "duration": 1562,
    "pid": 16444,
    "index": 60
  },
  {
    "name": "Did Load in app.js:didLoad",
    "start": 1627608164814,
    "end": 1627608166260,
    "duration": 1446,
    "pid": 16444,
    "index": 61
  },
  {
    "name": "Load Service",
    "start": 1627608164815,
    "end": 1627608164980,
    "duration": 165,
    "pid": 16444,
    "index": 62
  },
  {
    "name": "Load \"service\" to Context",
    "start": 1627608164815,
    "end": 1627608164980,
    "duration": 165,
    "pid": 16444,
    "index": 63
  },
  {
    "name": "Load Middleware",
    "start": 1627608164980,
    "end": 1627608165279,
    "duration": 299,
    "pid": 16444,
    "index": 64
  },
  {
    "name": "Load \"middlewares\" to Application",
    "start": 1627608164980,
    "end": 1627608165238,
    "duration": 258,
    "pid": 16444,
    "index": 65
  },
  {
    "name": "Load Controller",
    "start": 1627608165279,
    "end": 1627608165293,
    "duration": 14,
    "pid": 16444,
    "index": 66
  },
  {
    "name": "Load \"controller\" to Application",
    "start": 1627608165279,
    "end": 1627608165292,
    "duration": 13,
    "pid": 16444,
    "index": 67
  },
  {
    "name": "Load Router",
    "start": 1627608165294,
    "end": 1627608165302,
    "duration": 8,
    "pid": 16444,
    "index": 68
  },
  {
    "name": "Require(50) app/router/index.js",
    "start": 1627608165296,
    "end": 1627608165296,
    "duration": 0,
    "pid": 16444,
    "index": 69
  },
  {
    "name": "Before Start in node_modules/egg-core/lib/egg.js:303:10",
    "start": 1627608165297,
    "end": 1627608166260,
    "duration": 963,
    "pid": 16444,
    "index": 70
  },
  {
    "name": "Will Ready in app.js:willReady",
    "start": 1627608166308,
    "end": 1627608166308,
    "duration": 0,
    "pid": 16444,
    "index": 71
  }
]