[
  {
    "name": "Process Start",
    "start": 1629271420663,
    "end": 1629271421588,
    "duration": 925,
    "pid": 11404,
    "index": 0
  },
  {
    "name": "Application Start",
    "start": 1629271421589,
    "end": 1629271423174,
    "duration": 1585,
    "pid": 11404,
    "index": 1
  },
  {
    "name": "Load Plugin",
    "start": 1629271421595,
    "end": 1629271421616,
    "duration": 21,
    "pid": 11404,
    "index": 2
  },
  {
    "name": "Load Config",
    "start": 1629271421616,
    "end": 1629271421681,
    "duration": 65,
    "pid": 11404,
    "index": 3
  },
  {
    "name": "Require(0) config/config.default.js",
    "start": 1629271421617,
    "end": 1629271421656,
    "duration": 39,
    "pid": 11404,
    "index": 4
  },
  {
    "name": "Require(1) config/config.prod.js",
    "start": 1629271421658,
    "end": 1629271421658,
    "duration": 0,
    "pid": 11404,
    "index": 5
  },
  {
    "name": "Require(2) node_modules/egg-session/config/config.default.js",
    "start": 1629271421659,
    "end": 1629271421659,
    "duration": 0,
    "pid": 11404,
    "index": 6
  },
  {
    "name": "Require(3) node_modules/egg-security/config/config.default.js",
    "start": 1629271421660,
    "end": 1629271421660,
    "duration": 0,
    "pid": 11404,
    "index": 7
  },
  {
    "name": "Require(4) node_modules/egg-jsonp/config/config.default.js",
    "start": 1629271421661,
    "end": 1629271421661,
    "duration": 0,
    "pid": 11404,
    "index": 8
  },
  {
    "name": "Require(5) node_modules/egg-onerror/config/config.default.js",
    "start": 1629271421662,
    "end": 1629271421662,
    "duration": 0,
    "pid": 11404,
    "index": 9
  },
  {
    "name": "Require(6) node_modules/egg-i18n/config/config.default.js",
    "start": 1629271421662,
    "end": 1629271421663,
    "duration": 1,
    "pid": 11404,
    "index": 10
  },
  {
    "name": "Require(7) node_modules/egg-watcher/config/config.default.js",
    "start": 1629271421663,
    "end": 1629271421663,
    "duration": 0,
    "pid": 11404,
    "index": 11
  },
  {
    "name": "Require(8) node_modules/egg-schedule/config/config.default.js",
    "start": 1629271421664,
    "end": 1629271421664,
    "duration": 0,
    "pid": 11404,
    "index": 12
  },
  {
    "name": "Require(9) node_modules/egg-multipart/config/config.default.js",
    "start": 1629271421665,
    "end": 1629271421666,
    "duration": 1,
    "pid": 11404,
    "index": 13
  },
  {
    "name": "Require(10) node_modules/egg-logrotator/config/config.default.js",
    "start": 1629271421666,
    "end": 1629271421667,
    "duration": 1,
    "pid": 11404,
    "index": 14
  },
  {
    "name": "Require(11) node_modules/egg-static/config/config.default.js",
    "start": 1629271421667,
    "end": 1629271421668,
    "duration": 1,
    "pid": 11404,
    "index": 15
  },
  {
    "name": "Require(12) node_modules/egg-view/config/config.default.js",
    "start": 1629271421669,
    "end": 1629271421670,
    "duration": 1,
    "pid": 11404,
    "index": 16
  },
  {
    "name": "Require(13) node_modules/egg-jwt/config/config.default.js",
    "start": 1629271421671,
    "end": 1629271421671,
    "duration": 0,
    "pid": 11404,
    "index": 17
  },
  {
    "name": "Require(14) node_modules/egg-cors/config/config.default.js",
    "start": 1629271421671,
    "end": 1629271421672,
    "duration": 1,
    "pid": 11404,
    "index": 18
  },
  {
    "name": "Require(15) node_modules/egg-view-ejs/config/config.default.js",
    "start": 1629271421672,
    "end": 1629271421673,
    "duration": 1,
    "pid": 11404,
    "index": 19
  },
  {
    "name": "Require(16) node_modules/egg/config/config.default.js",
    "start": 1629271421673,
    "end": 1629271421673,
    "duration": 0,
    "pid": 11404,
    "index": 20
  },
  {
    "name": "Require(17) config/config.default.js",
    "start": 1629271421675,
    "end": 1629271421675,
    "duration": 0,
    "pid": 11404,
    "index": 21
  },
  {
    "name": "Require(18) node_modules/egg-static/config/config.prod.js",
    "start": 1629271421678,
    "end": 1629271421679,
    "duration": 1,
    "pid": 11404,
    "index": 22
  },
  {
    "name": "Require(19) config/config.prod.js",
    "start": 1629271421681,
    "end": 1629271421681,
    "duration": 0,
    "pid": 11404,
    "index": 23
  },
  {
    "name": "Load extend/application.js",
    "start": 1629271421688,
    "end": 1629271421759,
    "duration": 71,
    "pid": 11404,
    "index": 24
  },
  {
    "name": "Require(20) node_modules/egg-session/app/extend/application.js",
    "start": 1629271421690,
    "end": 1629271421691,
    "duration": 1,
    "pid": 11404,
    "index": 25
  },
  {
    "name": "Require(21) node_modules/egg-security/app/extend/application.js",
    "start": 1629271421692,
    "end": 1629271421693,
    "duration": 1,
    "pid": 11404,
    "index": 26
  },
  {
    "name": "Require(22) node_modules/egg-jsonp/app/extend/application.js",
    "start": 1629271421694,
    "end": 1629271421696,
    "duration": 2,
    "pid": 11404,
    "index": 27
  },
  {
    "name": "Require(23) node_modules/egg-logrotator/app/extend/application.js",
    "start": 1629271421698,
    "end": 1629271421700,
    "duration": 2,
    "pid": 11404,
    "index": 28
  },
  {
    "name": "Require(24) node_modules/egg-view/app/extend/application.js",
    "start": 1629271421701,
    "end": 1629271421704,
    "duration": 3,
    "pid": 11404,
    "index": 29
  },
  {
    "name": "Require(25) node_modules/egg-jwt/app/extend/application.js",
    "start": 1629271421705,
    "end": 1629271421751,
    "duration": 46,
    "pid": 11404,
    "index": 30
  },
  {
    "name": "Load extend/request.js",
    "start": 1629271421759,
    "end": 1629271421775,
    "duration": 16,
    "pid": 11404,
    "index": 31
  },
  {
    "name": "Require(26) node_modules/egg/app/extend/request.js",
    "start": 1629271421764,
    "end": 1629271421765,
    "duration": 1,
    "pid": 11404,
    "index": 32
  },
  {
    "name": "Load extend/response.js",
    "start": 1629271421775,
    "end": 1629271421787,
    "duration": 12,
    "pid": 11404,
    "index": 33
  },
  {
    "name": "Require(27) node_modules/egg/app/extend/response.js",
    "start": 1629271421780,
    "end": 1629271421781,
    "duration": 1,
    "pid": 11404,
    "index": 34
  },
  {
    "name": "Load extend/context.js",
    "start": 1629271421787,
    "end": 1629271421856,
    "duration": 69,
    "pid": 11404,
    "index": 35
  },
  {
    "name": "Require(28) node_modules/egg-security/app/extend/context.js",
    "start": 1629271421788,
    "end": 1629271421799,
    "duration": 11,
    "pid": 11404,
    "index": 36
  },
  {
    "name": "Require(29) node_modules/egg-jsonp/app/extend/context.js",
    "start": 1629271421799,
    "end": 1629271421801,
    "duration": 2,
    "pid": 11404,
    "index": 37
  },
  {
    "name": "Require(30) node_modules/egg-i18n/app/extend/context.js",
    "start": 1629271421802,
    "end": 1629271421802,
    "duration": 0,
    "pid": 11404,
    "index": 38
  },
  {
    "name": "Require(31) node_modules/egg-multipart/app/extend/context.js",
    "start": 1629271421803,
    "end": 1629271421844,
    "duration": 41,
    "pid": 11404,
    "index": 39
  },
  {
    "name": "Require(32) node_modules/egg-view/app/extend/context.js",
    "start": 1629271421845,
    "end": 1629271421846,
    "duration": 1,
    "pid": 11404,
    "index": 40
  },
  {
    "name": "Require(33) node_modules/egg/app/extend/context.js",
    "start": 1629271421848,
    "end": 1629271421848,
    "duration": 0,
    "pid": 11404,
    "index": 41
  },
  {
    "name": "Require(34) app/extend/context.js",
    "start": 1629271421849,
    "end": 1629271421849,
    "duration": 0,
    "pid": 11404,
    "index": 42
  },
  {
    "name": "Load extend/helper.js",
    "start": 1629271421856,
    "end": 1629271421884,
    "duration": 28,
    "pid": 11404,
    "index": 43
  },
  {
    "name": "Require(35) node_modules/egg-security/app/extend/helper.js",
    "start": 1629271421857,
    "end": 1629271421874,
    "duration": 17,
    "pid": 11404,
    "index": 44
  },
  {
    "name": "Require(36) node_modules/egg/app/extend/helper.js",
    "start": 1629271421878,
    "end": 1629271421878,
    "duration": 0,
    "pid": 11404,
    "index": 45
  },
  {
    "name": "Load app.js",
    "start": 1629271421885,
    "end": 1629271421934,
    "duration": 49,
    "pid": 11404,
    "index": 46
  },
  {
    "name": "Require(37) node_modules/egg-session/app.js",
    "start": 1629271421885,
    "end": 1629271421886,
    "duration": 1,
    "pid": 11404,
    "index": 47
  },
  {
    "name": "Require(38) node_modules/egg-security/app.js",
    "start": 1629271421886,
    "end": 1629271421887,
    "duration": 1,
    "pid": 11404,
    "index": 48
  },
  {
    "name": "Require(39) node_modules/egg-onerror/app.js",
    "start": 1629271421888,
    "end": 1629271421895,
    "duration": 7,
    "pid": 11404,
    "index": 49
  },
  {
    "name": "Require(40) node_modules/egg-i18n/app.js",
    "start": 1629271421895,
    "end": 1629271421921,
    "duration": 26,
    "pid": 11404,
    "index": 50
  },
  {
    "name": "Require(41) node_modules/egg-watcher/app.js",
    "start": 1629271421922,
    "end": 1629271421925,
    "duration": 3,
    "pid": 11404,
    "index": 51
  },
  {
    "name": "Require(42) node_modules/egg-schedule/app.js",
    "start": 1629271421925,
    "end": 1629271421927,
    "duration": 2,
    "pid": 11404,
    "index": 52
  },
  {
    "name": "Require(43) node_modules/egg-multipart/app.js",
    "start": 1629271421927,
    "end": 1629271421927,
    "duration": 0,
    "pid": 11404,
    "index": 53
  },
  {
    "name": "Require(44) node_modules/egg-logrotator/app.js",
    "start": 1629271421928,
    "end": 1629271421928,
    "duration": 0,
    "pid": 11404,
    "index": 54
  },
  {
    "name": "Require(45) node_modules/egg-static/app.js",
    "start": 1629271421928,
    "end": 1629271421929,
    "duration": 1,
    "pid": 11404,
    "index": 55
  },
  {
    "name": "Require(46) node_modules/egg-jwt/app.js",
    "start": 1629271421930,
    "end": 1629271421930,
    "duration": 0,
    "pid": 11404,
    "index": 56
  },
  {
    "name": "Require(47) node_modules/egg-cors/app.js",
    "start": 1629271421931,
    "end": 1629271421931,
    "duration": 0,
    "pid": 11404,
    "index": 57
  },
  {
    "name": "Require(48) node_modules/egg-view-ejs/app.js",
    "start": 1629271421931,
    "end": 1629271421932,
    "duration": 1,
    "pid": 11404,
    "index": 58
  },
  {
    "name": "Require(49) app.js",
    "start": 1629271421933,
    "end": 1629271421934,
    "duration": 1,
    "pid": 11404,
    "index": 59
  },
  {
    "name": "Before Start in node_modules/egg-watcher/lib/init.js:15:14",
    "start": 1629271421944,
    "end": 1629271423173,
    "duration": 1229,
    "pid": 11404,
    "index": 60
  },
  {
    "name": "Did Load in app.js:didLoad",
    "start": 1629271421982,
    "end": 1629271423159,
    "duration": 1177,
    "pid": 11404,
    "index": 61
  },
  {
    "name": "Load Service",
    "start": 1629271421982,
    "end": 1629271422050,
    "duration": 68,
    "pid": 11404,
    "index": 62
  },
  {
    "name": "Load \"service\" to Context",
    "start": 1629271421982,
    "end": 1629271422050,
    "duration": 68,
    "pid": 11404,
    "index": 63
  },
  {
    "name": "Load Middleware",
    "start": 1629271422050,
    "end": 1629271422202,
    "duration": 152,
    "pid": 11404,
    "index": 64
  },
  {
    "name": "Load \"middlewares\" to Application",
    "start": 1629271422050,
    "end": 1629271422177,
    "duration": 127,
    "pid": 11404,
    "index": 65
  },
  {
    "name": "Load Controller",
    "start": 1629271422203,
    "end": 1629271422210,
    "duration": 7,
    "pid": 11404,
    "index": 66
  },
  {
    "name": "Load \"controller\" to Application",
    "start": 1629271422203,
    "end": 1629271422208,
    "duration": 5,
    "pid": 11404,
    "index": 67
  },
  {
    "name": "Load Router",
    "start": 1629271422210,
    "end": 1629271422215,
    "duration": 5,
    "pid": 11404,
    "index": 68
  },
  {
    "name": "Require(50) app/router/index.js",
    "start": 1629271422211,
    "end": 1629271422212,
    "duration": 1,
    "pid": 11404,
    "index": 69
  },
  {
    "name": "Before Start in node_modules/egg-core/lib/egg.js:303:10",
    "start": 1629271422213,
    "end": 1629271423159,
    "duration": 946,
    "pid": 11404,
    "index": 70
  },
  {
    "name": "Will Ready in app.js:willReady",
    "start": 1629271423173,
    "end": 1629271423174,
    "duration": 1,
    "pid": 11404,
    "index": 71
  }
]