{
  "config": {
    "session": {
      "maxAge": 86400000,
      "key": "EGG_SESS",
      "httpOnly": true,
      "encrypt": true,
      "logValue": true,
      "overwrite": true,
      "signed": true,
      "autoCommit": true,
      "encode": "<Function encode>",
      "decode": "<Function decode>",
      "genid": "<Function v4>"
    },
    "security": {
      "domainWhiteList": [
        "*"
      ],
      "protocolWhiteList": [],
      "defaultMiddleware": "csrf,hsts,methodnoallow,noopen,nosniff,csp,xssProtection,xframe,dta",
      "csrf": {
        "enable": false,
        "type": "ctoken",
        "ignoreJSON": true,
        "useSession": false,
        "cookieName": "csrfToken",
        "sessionName": "csrfToken",
        "headerName": "x-csrf-token",
        "bodyName": "_csrf",
        "queryName": "_csrf",
        "refererWhiteList": []
      },
      "xframe": {
        "enable": false,
        "value": "SAMEORIGIN"
      },
      "hsts": {
        "enable": false,
        "maxAge": 31536000,
        "includeSubdomains": false
      },
      "dta": {
        "enable": true,
        "matching": "<Function anonymous>"
      },
      "methodnoallow": {
        "enable": false
      },
      "noopen": {
        "enable": true,
        "matching": "<Function anonymous>"
      },
      "nosniff": {
        "enable": true,
        "matching": "<Function anonymous>"
      },
      "referrerPolicy": {
        "enable": false,
        "value": "no-referrer-when-downgrade"
      },
      "xssProtection": {
        "enable": true,
        "value": "1; mode=block",
        "matching": "<Function anonymous>"
      },
      "csp": {
        "enable": false,
        "policy": {}
      },
      "ssrf": {
        "ipBlackList": null,
        "ipExceptionList": null,
        "checkAddress": null
      },
      "ignore": "/api",
      "_protocolWhiteListSet": "<Set>"
    },
    "helper": {
      "shtml": {}
    },
    "jsonp": {
      "limit": 50,
      "callback": [
        "_callback",
        "callback"
      ],
      "csrf": false
    },
    "onerror": {
      "errorPageUrl": "",
      "appErrorFilter": null,
      "templatePath": "D:\\github\\eggs\\egg1\\node_modules\\egg-onerror\\lib\\onerror_page.mustache"
    },
    "i18n": {
      "defaultLocale": "en_US",
      "dirs": [
        "D:\\github\\eggs\\egg1\\node_modules\\egg-session\\config\\locales",
        "D:\\github\\eggs\\egg1\\node_modules\\egg-security\\config\\locales",
        "D:\\github\\eggs\\egg1\\node_modules\\egg-jsonp\\config\\locales",
        "D:\\github\\eggs\\egg1\\node_modules\\egg-onerror\\config\\locales",
        "D:\\github\\eggs\\egg1\\node_modules\\egg-i18n\\config\\locales",
        "D:\\github\\eggs\\egg1\\node_modules\\egg-watcher\\config\\locales",
        "D:\\github\\eggs\\egg1\\node_modules\\egg-schedule\\config\\locales",
        "D:\\github\\eggs\\egg1\\node_modules\\egg-multipart\\config\\locales",
        "D:\\github\\eggs\\egg1\\node_modules\\egg-logrotator\\config\\locales",
        "D:\\github\\eggs\\egg1\\node_modules\\egg-static\\config\\locales",
        "D:\\github\\eggs\\egg1\\node_modules\\egg-view\\config\\locales",
        "D:\\github\\eggs\\egg1\\node_modules\\egg-jwt\\config\\locales",
        "D:\\github\\eggs\\egg1\\node_modules\\egg-cors\\config\\locales",
        "D:\\github\\eggs\\egg1\\node_modules\\egg-view-ejs\\config\\locales",
        "D:\\github\\eggs\\egg1\\node_modules\\egg\\config\\locales",
        "D:\\github\\eggs\\egg1\\config\\locales"
      ],
      "queryField": "locale",
      "cookieField": "locale",
      "cookieDomain": "",
      "cookieMaxAge": "1y",
      "functionName": "__"
    },
    "watcher": {
      "type": "default",
      "eventSources": {
        "default": "D:\\github\\eggs\\egg1\\node_modules\\egg-watcher\\lib\\event-sources\\default",
        "development": "D:\\github\\eggs\\egg1\\node_modules\\egg-watcher\\lib\\event-sources\\development"
      }
    },
    "customLogger": {
      "scheduleLogger": {
        "consoleLevel": "NONE",
        "file": "egg-schedule.log"
      }
    },
    "schedule": {
      "directory": []
    },
    "multipart": {
      "mode": "file",
      "autoFields": false,
      "defaultCharset": "utf8",
      "fieldNameSize": 100,
      "fieldSize": 102400,
      "fields": 10,
      "fileSize": 10485760,
      "files": 10,
      "fileExtensions": [
        ".xlsx"
      ],
      "whitelist": null,
      "allowArrayField": false,
      "tmpdir": "C:\\Users\\cheng.li\\AppData\\Local\\Temp\\egg-multipart-tmp\\moveup",
      "cleanSchedule": {
        "cron": "0 30 4 * * *",
        "disable": false
      }
    },
    "logrotator": {
      "filesRotateByHour": null,
      "hourDelimiter": "-",
      "filesRotateBySize": null,
      "maxFileSize": 52428800,
      "maxFiles": 10,
      "rotateDuration": 60000,
      "maxDays": 31
    },
    "static": {
      "prefix": "/",
      "dir": [
        "D:\\github\\eggs\\egg1\\app\\public"
      ],
      "dynamic": true,
      "preload": false,
      "buffer": true,
      "maxFiles": 1000,
      "maxAge": 31536000
    },
    "view": {
      "root": [
        "D:\\github\\eggs\\egg1\\app\\view"
      ],
      "cache": true,
      "defaultExtension": ".html",
      "defaultViewEngine": "",
      "mapping": {
        ".ejs": "ejs"
      }
    },
    "jwt": {
      "secret": "<String len: 8>",
      "enable": false
    },
    "cors": {
      "origin": "*",
      "allowMethods": "GET,POST,HEAD,PUT,OPTIONS,DELETE,PATCH"
    },
    "ejs": {
      "root": "D:\\github\\eggs\\egg1\\app\\view",
      "cache": true,
      "debug": false,
      "compileDebug": true,
      "delimiter": null,
      "strict": false
    },
    "env": "prod",
    "name": "moveup",
    "keys": "<String len: 25>",
    "cookies": {},
    "proxy": false,
    "maxIpsCount": 0,
    "maxProxyCount": 2,
    "protocolHeaders": "x-forwarded-proto",
    "ipHeaders": "x-forwarded-for",
    "hostHeaders": "",
    "pkg": {
      "name": "moveup",
      "version": "0.1.0",
      "description": "A fast, desktop software development framework",
      "main": "main.js",
      "softName": "moveup",
      "scripts": {
        "start": "electron .",
        "dev": "electron . --env=local",
        "test": "concurrently \"cd ./frontend && npm run serve\" \"electron . --env=local\"",
        "build-w": "electron-builder -w",
        "build-m": "electron-builder -m",
        "build-l": "electron-builder -l deb tar.xz",
        "web-start": "egg-scripts start --daemon --title=moveup --ignore-stderr --env=prod --workers=1",
        "web-stop": "egg-scripts stop --title=moveup",
        "web-dev": "egg-bin dev",
        "rd": "node ./tools/replace_dist --dist_dir=./frontend/dist"
      },
      "build": {
        "productName": "moveup",
        "appId": "com.electron.egg",
        "copyright": "wallace5303",
        "directories": {
          "output": "out"
        },
        "asar": true,
        "files": [
          "**/*"
        ],
        "electronDownload": {
          "mirror": ""
        },
        "nsis": {
          "oneClick": false,
          "allowElevation": true,
          "allowToChangeInstallationDirectory": true,
          "installerIcon": "./build/icons/icon.ico",
          "uninstallerIcon": "./build/icons/icon.ico",
          "installerHeaderIcon": "./build/icons/icon.ico",
          "createDesktopShortcut": true,
          "createStartMenuShortcut": true,
          "shortcutName": "moveup"
        },
        "publish": [
          {
            "provider": "generic",
            "url": ""
          }
        ],
        "dmg": {
          "contents": [
            {
              "x": 410,
              "y": 150,
              "type": "link",
              "path": "/Applications"
            },
            {
              "x": 130,
              "y": 150,
              "type": "file"
            }
          ]
        },
        "mac": {
          "icon": "build/icons/icon.icns"
        },
        "win": {
          "icon": "build/icons/icon.ico",
          "artifactName": "${productName}_windows_${version}.${ext}",
          "target": [
            {
              "target": "nsis",
              "arch": [
                "ia32"
              ]
            }
          ]
        },
        "linux": {
          "icon": "build/icons/256x256.png",
          "target": [
            "deb"
          ]
        }
      },
      "repository": "",
      "keywords": [
        "Electron",
        "Egg"
      ],
      "author": "lc",
      "license": "Apache",
      "devDependencies": {
        "autod": "^3.0.1",
        "autod-egg": "^1.1.0",
        "concurrently": "^6.1.0",
        "devtron": "^1.4.0",
        "egg-bin": "^4.12.3",
        "egg-ci": "^1.11.0",
        "egg-mock": "^3.21.0",
        "electron": "^8.4.1",
        "electron-builder": "^22.7.0",
        "electron-rebuild": "^2.3.5",
        "eslint": "^5.13.0",
        "eslint-config-egg": "^7.1.0",
        "eslint-plugin-prettier": "^3.0.1",
        "fs-extra": "^9.1.0",
        "prettier": "^1.16.4",
        "webstorm-disable-index": "^1.2.0"
      },
      "dependencies": {
        "dayjs": "^1.9.5",
        "egg": "^2.15.1",
        "egg-cors": "^2.2.0",
        "egg-jwt": "^3.1.6",
        "egg-scripts": "^2.13.0",
        "egg-view-ejs": "^2.0.0",
        "electron-is": "^3.0.0",
        "electron-log": "^4.2.2",
        "electron-updater": "^4.3.5",
        "generic-pool": "^3.8.2",
        "get-port": "^5.1.1",
        "glob": "^7.1.6",
        "headless-chrome-crawler": "^1.8.0",
        "lodash": "^4.17.11",
        "lowdb": "^1.0.0",
        "moment": "^2.29.1",
        "puppeteer": "^10.0.0",
        "semver": "^5.4.1",
        "socket.io": "^3.0.5",
        "socket.io-client": "^3.0.5"
      }
    },
    "baseDir": "D:\\github\\eggs\\egg1",
    "HOME": "C:\\Users\\cheng.li",
    "rundir": "D:\\github\\eggs\\egg1\\run",
    "dump": {
      "ignore": "<Set>"
    },
    "confusedConfigurations": {
      "bodyparser": "bodyParser",
      "notFound": "notfound",
      "sitefile": "siteFile",
      "middlewares": "middleware",
      "httpClient": "httpclient"
    },
    "notfound": {
      "pageUrl": ""
    },
    "siteFile": {
      "/favicon.ico": "<Buffer len: 6463>"
    },
    "bodyParser": {
      "enable": true,
      "encoding": "utf8",
      "formLimit": "1mb",
      "jsonLimit": "1mb",
      "textLimit": "1mb",
      "strict": true,
      "queryString": {
        "arrayLimit": 100,
        "depth": 5,
        "parameterLimit": 1000
      },
      "returnRawBody": true
    },
    "logger": {
      "dir": "C:\\Users\\cheng.li\\moveup\\logs/prod",
      "encoding": "utf8",
      "env": "prod",
      "level": "INFO",
      "consoleLevel": "INFO",
      "disableConsoleAfterReady": true,
      "outputJSON": false,
      "buffer": true,
      "appLogName": "moveup-web.log",
      "coreLogName": "egg-web.log",
      "agentLogName": "egg-agent.log",
      "errorLogName": "common-error.log",
      "coreLogger": {},
      "allowDebugAtProd": false,
      "type": "application"
    },
    "httpclient": {
      "enableDNSCache": false,
      "dnsCacheLookupInterval": 10000,
      "dnsCacheMaxLength": 1000,
      "request": {
        "timeout": 5000
      },
      "httpAgent": {
        "keepAlive": true,
        "freeSocketTimeout": 4000,
        "maxSockets": 9007199254740991,
        "maxFreeSockets": 256
      },
      "httpsAgent": {
        "keepAlive": true,
        "freeSocketTimeout": 4000,
        "maxSockets": 9007199254740991,
        "maxFreeSockets": 256
      }
    },
    "meta": {
      "enable": true,
      "logging": false
    },
    "coreMiddleware": [
      "cors",
      "meta",
      "siteFile",
      "notfound",
      "static",
      "bodyParser",
      "overrideMethod",
      "session",
      "securities",
      "i18n",
      "multipart"
    ],
    "workerStartTimeout": 600000,
    "serverTimeout": null,
    "cluster": {
      "listen": {
        "path": "",
        "port": 7068,
        "hostname": "localhost"
      }
    },
    "clusterClient": {
      "maxWaitTime": 60000,
      "responseTimeout": 60000
    },
    "onClientError": null,
    "middleware": [
      "jwt"
    ],
    "validate": {},
    "outApi": {
      "login": "http://api.local.com/api/login"
    },
    "coreMiddlewares": "~config~coreMiddleware",
    "appMiddlewares": "~config~middleware",
    "appMiddleware": "~config~middleware",
    "multipartParseOptions": {
      "autoFields": false,
      "defCharset": "utf8",
      "limits": {
        "fieldNameSize": 100,
        "fieldSize": 102400,
        "fields": 10,
        "fileSize": 10485760,
        "files": 10
      },
      "checkFile": "<Function checkFile>"
    }
  },
  "plugins": {
    "onerror": {
      "enable": true,
      "package": "egg-onerror",
      "name": "onerror",
      "dependencies": [],
      "optionalDependencies": [
        "jsonp"
      ],
      "env": [],
      "from": "D:\\github\\eggs\\egg1\\node_modules\\egg\\config\\plugin.js",
      "path": "D:\\github\\eggs\\egg1\\node_modules\\egg-onerror",
      "version": "2.1.0"
    },
    "session": {
      "enable": true,
      "package": "egg-session",
      "name": "session",
      "dependencies": [],
      "optionalDependencies": [],
      "env": [],
      "from": "D:\\github\\eggs\\egg1\\node_modules\\egg\\config\\plugin.js",
      "path": "D:\\github\\eggs\\egg1\\node_modules\\egg-session",
      "version": "3.3.0"
    },
    "i18n": {
      "enable": true,
      "package": "egg-i18n",
      "name": "i18n",
      "dependencies": [],
      "optionalDependencies": [],
      "env": [],
      "from": "D:\\github\\eggs\\egg1\\node_modules\\egg\\config\\plugin.js",
      "path": "D:\\github\\eggs\\egg1\\node_modules\\egg-i18n",
      "version": "2.1.1"
    },
    "watcher": {
      "enable": true,
      "package": "egg-watcher",
      "name": "watcher",
      "dependencies": [],
      "optionalDependencies": [],
      "env": [],
      "from": "D:\\github\\eggs\\egg1\\node_modules\\egg\\config\\plugin.js",
      "path": "D:\\github\\eggs\\egg1\\node_modules\\egg-watcher",
      "version": "3.1.1"
    },
    "multipart": {
      "enable": true,
      "package": "egg-multipart",
      "name": "multipart",
      "dependencies": [],
      "optionalDependencies": [
        "schedule"
      ],
      "env": [],
      "from": "D:\\github\\eggs\\egg1\\node_modules\\egg\\config\\plugin.js",
      "path": "D:\\github\\eggs\\egg1\\node_modules\\egg-multipart",
      "version": "2.12.0"
    },
    "security": {
      "enable": true,
      "package": "egg-security",
      "name": "security",
      "dependencies": [],
      "optionalDependencies": [
        "session"
      ],
      "env": [],
      "from": "D:\\github\\eggs\\egg1\\node_modules\\egg\\config\\plugin.js",
      "path": "D:\\github\\eggs\\egg1\\node_modules\\egg-security",
      "version": "2.9.0"
    },
    "development": {
      "enable": false,
      "package": "egg-development",
      "name": "development",
      "dependencies": [
        "watcher"
      ],
      "optionalDependencies": [],
      "env": [
        "local"
      ],
      "from": "D:\\github\\eggs\\egg1\\node_modules\\egg\\config\\plugin.js",
      "path": "D:\\github\\eggs\\egg1\\node_modules\\egg-development",
      "version": "2.7.0"
    },
    "logrotator": {
      "enable": true,
      "package": "egg-logrotator",
      "name": "logrotator",
      "dependencies": [
        "schedule"
      ],
      "optionalDependencies": [],
      "env": [],
      "from": "D:\\github\\eggs\\egg1\\node_modules\\egg\\config\\plugin.js",
      "path": "D:\\github\\eggs\\egg1\\node_modules\\egg-logrotator",
      "version": "3.1.0"
    },
    "schedule": {
      "enable": true,
      "package": "egg-schedule",
      "name": "schedule",
      "dependencies": [],
      "optionalDependencies": [],
      "env": [],
      "from": "D:\\github\\eggs\\egg1\\node_modules\\egg\\config\\plugin.js",
      "path": "D:\\github\\eggs\\egg1\\node_modules\\egg-schedule",
      "version": "3.6.6"
    },
    "static": {
      "enable": true,
      "package": "egg-static",
      "name": "static",
      "dependencies": [],
      "optionalDependencies": [],
      "env": [],
      "from": "D:\\github\\eggs\\egg1\\node_modules\\egg\\config\\plugin.js",
      "path": "D:\\github\\eggs\\egg1\\node_modules\\egg-static",
      "version": "2.2.0"
    },
    "jsonp": {
      "enable": true,
      "package": "egg-jsonp",
      "name": "jsonp",
      "dependencies": [],
      "optionalDependencies": [
        "security"
      ],
      "env": [],
      "from": "D:\\github\\eggs\\egg1\\node_modules\\egg\\config\\plugin.js",
      "path": "D:\\github\\eggs\\egg1\\node_modules\\egg-jsonp",
      "version": "2.0.0"
    },
    "view": {
      "enable": true,
      "package": "egg-view",
      "name": "view",
      "dependencies": [],
      "optionalDependencies": [],
      "env": [],
      "from": "D:\\github\\eggs\\egg1\\node_modules\\egg\\config\\plugin.js",
      "path": "D:\\github\\eggs\\egg1\\node_modules\\egg-view",
      "version": "2.1.3"
    },
    "jwt": {
      "enable": true,
      "package": "egg-jwt",
      "name": "jwt",
      "dependencies": [],
      "optionalDependencies": [
        "onerror"
      ],
      "env": [],
      "from": "D:\\github\\eggs\\egg1\\config\\plugin.js",
      "path": "D:\\github\\eggs\\egg1\\node_modules\\egg-jwt",
      "version": "3.1.7"
    },
    "cors": {
      "enable": true,
      "package": "egg-cors",
      "name": "cors",
      "dependencies": [],
      "optionalDependencies": [],
      "env": [],
      "from": "D:\\github\\eggs\\egg1\\config\\plugin.js",
      "path": "D:\\github\\eggs\\egg1\\node_modules\\egg-cors",
      "version": "2.2.3"
    },
    "ejs": {
      "enable": true,
      "package": "egg-view-ejs",
      "name": "ejs",
      "dependencies": [
        "view"
      ],
      "optionalDependencies": [],
      "env": [],
      "from": "D:\\github\\eggs\\egg1\\config\\plugin.js",
      "path": "D:\\github\\eggs\\egg1\\node_modules\\egg-view-ejs",
      "version": "2.0.1"
    }
  }
}