[
  {
    "name": "Process Start",
    "start": 1627608327202,
    "end": 1627608327991,
    "duration": 789,
    "pid": 13544,
    "index": 0
  },
  {
    "name": "Application Start",
    "start": 1627608327992,
    "end": 1627608329551,
    "duration": 1559,
    "pid": 13544,
    "index": 1
  },
  {
    "name": "Load Plugin",
    "start": 1627608327995,
    "end": 1627608328015,
    "duration": 20,
    "pid": 13544,
    "index": 2
  },
  {
    "name": "Load Config",
    "start": 1627608328015,
    "end": 1627608328076,
    "duration": 61,
    "pid": 13544,
    "index": 3
  },
  {
    "name": "Require(0) config/config.default.js",
    "start": 1627608328016,
    "end": 1627608328054,
    "duration": 38,
    "pid": 13544,
    "index": 4
  },
  {
    "name": "Require(1) config/config.prod.js",
    "start": 1627608328055,
    "end": 1627608328056,
    "duration": 1,
    "pid": 13544,
    "index": 5
  },
  {
    "name": "Require(2) node_modules/egg-session/config/config.default.js",
    "start": 1627608328056,
    "end": 1627608328056,
    "duration": 0,
    "pid": 13544,
    "index": 6
  },
  {
    "name": "Require(3) node_modules/egg-security/config/config.default.js",
    "start": 1627608328057,
    "end": 1627608328057,
    "duration": 0,
    "pid": 13544,
    "index": 7
  },
  {
    "name": "Require(4) node_modules/egg-jsonp/config/config.default.js",
    "start": 1627608328058,
    "end": 1627608328059,
    "duration": 1,
    "pid": 13544,
    "index": 8
  },
  {
    "name": "Require(5) node_modules/egg-onerror/config/config.default.js",
    "start": 1627608328059,
    "end": 1627608328059,
    "duration": 0,
    "pid": 13544,
    "index": 9
  },
  {
    "name": "Require(6) node_modules/egg-i18n/config/config.default.js",
    "start": 1627608328060,
    "end": 1627608328060,
    "duration": 0,
    "pid": 13544,
    "index": 10
  },
  {
    "name": "Require(7) node_modules/egg-watcher/config/config.default.js",
    "start": 1627608328061,
    "end": 1627608328061,
    "duration": 0,
    "pid": 13544,
    "index": 11
  },
  {
    "name": "Require(8) node_modules/egg-schedule/config/config.default.js",
    "start": 1627608328062,
    "end": 1627608328062,
    "duration": 0,
    "pid": 13544,
    "index": 12
  },
  {
    "name": "Require(9) node_modules/egg-multipart/config/config.default.js",
    "start": 1627608328062,
    "end": 1627608328063,
    "duration": 1,
    "pid": 13544,
    "index": 13
  },
  {
    "name": "Require(10) node_modules/egg-logrotator/config/config.default.js",
    "start": 1627608328063,
    "end": 1627608328064,
    "duration": 1,
    "pid": 13544,
    "index": 14
  },
  {
    "name": "Require(11) node_modules/egg-static/config/config.default.js",
    "start": 1627608328064,
    "end": 1627608328065,
    "duration": 1,
    "pid": 13544,
    "index": 15
  },
  {
    "name": "Require(12) node_modules/egg-view/config/config.default.js",
    "start": 1627608328065,
    "end": 1627608328065,
    "duration": 0,
    "pid": 13544,
    "index": 16
  },
  {
    "name": "Require(13) node_modules/egg-jwt/config/config.default.js",
    "start": 1627608328066,
    "end": 1627608328066,
    "duration": 0,
    "pid": 13544,
    "index": 17
  },
  {
    "name": "Require(14) node_modules/egg-cors/config/config.default.js",
    "start": 1627608328067,
    "end": 1627608328067,
    "duration": 0,
    "pid": 13544,
    "index": 18
  },
  {
    "name": "Require(15) node_modules/egg-view-ejs/config/config.default.js",
    "start": 1627608328068,
    "end": 1627608328068,
    "duration": 0,
    "pid": 13544,
    "index": 19
  },
  {
    "name": "Require(16) node_modules/egg/config/config.default.js",
    "start": 1627608328069,
    "end": 1627608328069,
    "duration": 0,
    "pid": 13544,
    "index": 20
  },
  {
    "name": "Require(17) config/config.default.js",
    "start": 1627608328071,
    "end": 1627608328071,
    "duration": 0,
    "pid": 13544,
    "index": 21
  },
  {
    "name": "Require(18) node_modules/egg-static/config/config.prod.js",
    "start": 1627608328074,
    "end": 1627608328074,
    "duration": 0,
    "pid": 13544,
    "index": 22
  },
  {
    "name": "Require(19) config/config.prod.js",
    "start": 1627608328076,
    "end": 1627608328076,
    "duration": 0,
    "pid": 13544,
    "index": 23
  },
  {
    "name": "Load extend/application.js",
    "start": 1627608328081,
    "end": 1627608328146,
    "duration": 65,
    "pid": 13544,
    "index": 24
  },
  {
    "name": "Require(20) node_modules/egg-session/app/extend/application.js",
    "start": 1627608328082,
    "end": 1627608328082,
    "duration": 0,
    "pid": 13544,
    "index": 25
  },
  {
    "name": "Require(21) node_modules/egg-security/app/extend/application.js",
    "start": 1627608328083,
    "end": 1627608328084,
    "duration": 1,
    "pid": 13544,
    "index": 26
  },
  {
    "name": "Require(22) node_modules/egg-jsonp/app/extend/application.js",
    "start": 1627608328084,
    "end": 1627608328086,
    "duration": 2,
    "pid": 13544,
    "index": 27
  },
  {
    "name": "Require(23) node_modules/egg-logrotator/app/extend/application.js",
    "start": 1627608328088,
    "end": 1627608328089,
    "duration": 1,
    "pid": 13544,
    "index": 28
  },
  {
    "name": "Require(24) node_modules/egg-view/app/extend/application.js",
    "start": 1627608328090,
    "end": 1627608328092,
    "duration": 2,
    "pid": 13544,
    "index": 29
  },
  {
    "name": "Require(25) node_modules/egg-jwt/app/extend/application.js",
    "start": 1627608328093,
    "end": 1627608328140,
    "duration": 47,
    "pid": 13544,
    "index": 30
  },
  {
    "name": "Load extend/request.js",
    "start": 1627608328146,
    "end": 1627608328159,
    "duration": 13,
    "pid": 13544,
    "index": 31
  },
  {
    "name": "Require(26) node_modules/egg/app/extend/request.js",
    "start": 1627608328151,
    "end": 1627608328152,
    "duration": 1,
    "pid": 13544,
    "index": 32
  },
  {
    "name": "Load extend/response.js",
    "start": 1627608328159,
    "end": 1627608328172,
    "duration": 13,
    "pid": 13544,
    "index": 33
  },
  {
    "name": "Require(27) node_modules/egg/app/extend/response.js",
    "start": 1627608328164,
    "end": 1627608328166,
    "duration": 2,
    "pid": 13544,
    "index": 34
  },
  {
    "name": "Load extend/context.js",
    "start": 1627608328172,
    "end": 1627608328235,
    "duration": 63,
    "pid": 13544,
    "index": 35
  },
  {
    "name": "Require(28) node_modules/egg-security/app/extend/context.js",
    "start": 1627608328173,
    "end": 1627608328183,
    "duration": 10,
    "pid": 13544,
    "index": 36
  },
  {
    "name": "Require(29) node_modules/egg-jsonp/app/extend/context.js",
    "start": 1627608328183,
    "end": 1627608328184,
    "duration": 1,
    "pid": 13544,
    "index": 37
  },
  {
    "name": "Require(30) node_modules/egg-i18n/app/extend/context.js",
    "start": 1627608328185,
    "end": 1627608328186,
    "duration": 1,
    "pid": 13544,
    "index": 38
  },
  {
    "name": "Require(31) node_modules/egg-multipart/app/extend/context.js",
    "start": 1627608328188,
    "end": 1627608328226,
    "duration": 38,
    "pid": 13544,
    "index": 39
  },
  {
    "name": "Require(32) node_modules/egg-view/app/extend/context.js",
    "start": 1627608328227,
    "end": 1627608328227,
    "duration": 0,
    "pid": 13544,
    "index": 40
  },
  {
    "name": "Require(33) node_modules/egg/app/extend/context.js",
    "start": 1627608328229,
    "end": 1627608328229,
    "duration": 0,
    "pid": 13544,
    "index": 41
  },
  {
    "name": "Require(34) app/extend/context.js",
    "start": 1627608328230,
    "end": 1627608328230,
    "duration": 0,
    "pid": 13544,
    "index": 42
  },
  {
    "name": "Load extend/helper.js",
    "start": 1627608328235,
    "end": 1627608328261,
    "duration": 26,
    "pid": 13544,
    "index": 43
  },
  {
    "name": "Require(35) node_modules/egg-security/app/extend/helper.js",
    "start": 1627608328236,
    "end": 1627608328251,
    "duration": 15,
    "pid": 13544,
    "index": 44
  },
  {
    "name": "Require(36) node_modules/egg/app/extend/helper.js",
    "start": 1627608328256,
    "end": 1627608328256,
    "duration": 0,
    "pid": 13544,
    "index": 45
  },
  {
    "name": "Load app.js",
    "start": 1627608328261,
    "end": 1627608328302,
    "duration": 41,
    "pid": 13544,
    "index": 46
  },
  {
    "name": "Require(37) node_modules/egg-session/app.js",
    "start": 1627608328261,
    "end": 1627608328262,
    "duration": 1,
    "pid": 13544,
    "index": 47
  },
  {
    "name": "Require(38) node_modules/egg-security/app.js",
    "start": 1627608328262,
    "end": 1627608328263,
    "duration": 1,
    "pid": 13544,
    "index": 48
  },
  {
    "name": "Require(39) node_modules/egg-onerror/app.js",
    "start": 1627608328264,
    "end": 1627608328272,
    "duration": 8,
    "pid": 13544,
    "index": 49
  },
  {
    "name": "Require(40) node_modules/egg-i18n/app.js",
    "start": 1627608328272,
    "end": 1627608328289,
    "duration": 17,
    "pid": 13544,
    "index": 50
  },
  {
    "name": "Require(41) node_modules/egg-watcher/app.js",
    "start": 1627608328289,
    "end": 1627608328293,
    "duration": 4,
    "pid": 13544,
    "index": 51
  },
  {
    "name": "Require(42) node_modules/egg-schedule/app.js",
    "start": 1627608328293,
    "end": 1627608328294,
    "duration": 1,
    "pid": 13544,
    "index": 52
  },
  {
    "name": "Require(43) node_modules/egg-multipart/app.js",
    "start": 1627608328295,
    "end": 1627608328295,
    "duration": 0,
    "pid": 13544,
    "index": 53
  },
  {
    "name": "Require(44) node_modules/egg-logrotator/app.js",
    "start": 1627608328295,
    "end": 1627608328296,
    "duration": 1,
    "pid": 13544,
    "index": 54
  },
  {
    "name": "Require(45) node_modules/egg-static/app.js",
    "start": 1627608328296,
    "end": 1627608328296,
    "duration": 0,
    "pid": 13544,
    "index": 55
  },
  {
    "name": "Require(46) node_modules/egg-jwt/app.js",
    "start": 1627608328298,
    "end": 1627608328298,
    "duration": 0,
    "pid": 13544,
    "index": 56
  },
  {
    "name": "Require(47) node_modules/egg-cors/app.js",
    "start": 1627608328299,
    "end": 1627608328299,
    "duration": 0,
    "pid": 13544,
    "index": 57
  },
  {
    "name": "Require(48) node_modules/egg-view-ejs/app.js",
    "start": 1627608328299,
    "end": 1627608328300,
    "duration": 1,
    "pid": 13544,
    "index": 58
  },
  {
    "name": "Require(49) app.js",
    "start": 1627608328301,
    "end": 1627608328301,
    "duration": 0,
    "pid": 13544,
    "index": 59
  },
  {
    "name": "Before Start in node_modules/egg-watcher/lib/init.js:15:14",
    "start": 1627608328313,
    "end": 1627608329547,
    "duration": 1234,
    "pid": 13544,
    "index": 60
  },
  {
    "name": "Did Load in app.js:didLoad",
    "start": 1627608328350,
    "end": 1627608329523,
    "duration": 1173,
    "pid": 13544,
    "index": 61
  },
  {
    "name": "Load Service",
    "start": 1627608328350,
    "end": 1627608328414,
    "duration": 64,
    "pid": 13544,
    "index": 62
  },
  {
    "name": "Load \"service\" to Context",
    "start": 1627608328350,
    "end": 1627608328414,
    "duration": 64,
    "pid": 13544,
    "index": 63
  },
  {
    "name": "Load Middleware",
    "start": 1627608328414,
    "end": 1627608328557,
    "duration": 143,
    "pid": 13544,
    "index": 64
  },
  {
    "name": "Load \"middlewares\" to Application",
    "start": 1627608328415,
    "end": 1627608328530,
    "duration": 115,
    "pid": 13544,
    "index": 65
  },
  {
    "name": "Load Controller",
    "start": 1627608328558,
    "end": 1627608328565,
    "duration": 7,
    "pid": 13544,
    "index": 66
  },
  {
    "name": "Load \"controller\" to Application",
    "start": 1627608328558,
    "end": 1627608328565,
    "duration": 7,
    "pid": 13544,
    "index": 67
  },
  {
    "name": "Load Router",
    "start": 1627608328565,
    "end": 1627608328575,
    "duration": 10,
    "pid": 13544,
    "index": 68
  },
  {
    "name": "Require(50) app/router/index.js",
    "start": 1627608328568,
    "end": 1627608328568,
    "duration": 0,
    "pid": 13544,
    "index": 69
  },
  {
    "name": "Before Start in node_modules/egg-core/lib/egg.js:303:10",
    "start": 1627608328569,
    "end": 1627608329523,
    "duration": 954,
    "pid": 13544,
    "index": 70
  },
  {
    "name": "Will Ready in app.js:willReady",
    "start": 1627608329549,
    "end": 1627608329549,
    "duration": 0,
    "pid": 13544,
    "index": 71
  }
]