[
  {
    "name": "Process Start",
    "start": 1629272024169,
    "end": 1629272025180,
    "duration": 1011,
    "pid": 18992,
    "index": 0
  },
  {
    "name": "Application Start",
    "start": 1629272025181,
    "end": 1629272026791,
    "duration": 1610,
    "pid": 18992,
    "index": 1
  },
  {
    "name": "Load Plugin",
    "start": 1629272025187,
    "end": 1629272025211,
    "duration": 24,
    "pid": 18992,
    "index": 2
  },
  {
    "name": "Load Config",
    "start": 1629272025211,
    "end": 1629272025281,
    "duration": 70,
    "pid": 18992,
    "index": 3
  },
  {
    "name": "Require(0) config/config.default.js",
    "start": 1629272025212,
    "end": 1629272025251,
    "duration": 39,
    "pid": 18992,
    "index": 4
  },
  {
    "name": "Require(1) config/config.prod.js",
    "start": 1629272025253,
    "end": 1629272025253,
    "duration": 0,
    "pid": 18992,
    "index": 5
  },
  {
    "name": "Require(2) node_modules/egg-session/config/config.default.js",
    "start": 1629272025254,
    "end": 1629272025254,
    "duration": 0,
    "pid": 18992,
    "index": 6
  },
  {
    "name": "Require(3) node_modules/egg-security/config/config.default.js",
    "start": 1629272025255,
    "end": 1629272025256,
    "duration": 1,
    "pid": 18992,
    "index": 7
  },
  {
    "name": "Require(4) node_modules/egg-jsonp/config/config.default.js",
    "start": 1629272025258,
    "end": 1629272025258,
    "duration": 0,
    "pid": 18992,
    "index": 8
  },
  {
    "name": "Require(5) node_modules/egg-onerror/config/config.default.js",
    "start": 1629272025259,
    "end": 1629272025259,
    "duration": 0,
    "pid": 18992,
    "index": 9
  },
  {
    "name": "Require(6) node_modules/egg-i18n/config/config.default.js",
    "start": 1629272025260,
    "end": 1629272025260,
    "duration": 0,
    "pid": 18992,
    "index": 10
  },
  {
    "name": "Require(7) node_modules/egg-watcher/config/config.default.js",
    "start": 1629272025261,
    "end": 1629272025261,
    "duration": 0,
    "pid": 18992,
    "index": 11
  },
  {
    "name": "Require(8) node_modules/egg-schedule/config/config.default.js",
    "start": 1629272025262,
    "end": 1629272025262,
    "duration": 0,
    "pid": 18992,
    "index": 12
  },
  {
    "name": "Require(9) node_modules/egg-multipart/config/config.default.js",
    "start": 1629272025263,
    "end": 1629272025263,
    "duration": 0,
    "pid": 18992,
    "index": 13
  },
  {
    "name": "Require(10) node_modules/egg-logrotator/config/config.default.js",
    "start": 1629272025264,
    "end": 1629272025265,
    "duration": 1,
    "pid": 18992,
    "index": 14
  },
  {
    "name": "Require(11) node_modules/egg-static/config/config.default.js",
    "start": 1629272025265,
    "end": 1629272025266,
    "duration": 1,
    "pid": 18992,
    "index": 15
  },
  {
    "name": "Require(12) node_modules/egg-view/config/config.default.js",
    "start": 1629272025266,
    "end": 1629272025267,
    "duration": 1,
    "pid": 18992,
    "index": 16
  },
  {
    "name": "Require(13) node_modules/egg-jwt/config/config.default.js",
    "start": 1629272025267,
    "end": 1629272025268,
    "duration": 1,
    "pid": 18992,
    "index": 17
  },
  {
    "name": "Require(14) node_modules/egg-cors/config/config.default.js",
    "start": 1629272025268,
    "end": 1629272025269,
    "duration": 1,
    "pid": 18992,
    "index": 18
  },
  {
    "name": "Require(15) node_modules/egg-view-ejs/config/config.default.js",
    "start": 1629272025269,
    "end": 1629272025270,
    "duration": 1,
    "pid": 18992,
    "index": 19
  },
  {
    "name": "Require(16) node_modules/egg/config/config.default.js",
    "start": 1629272025271,
    "end": 1629272025272,
    "duration": 1,
    "pid": 18992,
    "index": 20
  },
  {
    "name": "Require(17) config/config.default.js",
    "start": 1629272025275,
    "end": 1629272025275,
    "duration": 0,
    "pid": 18992,
    "index": 21
  },
  {
    "name": "Require(18) node_modules/egg-static/config/config.prod.js",
    "start": 1629272025279,
    "end": 1629272025279,
    "duration": 0,
    "pid": 18992,
    "index": 22
  },
  {
    "name": "Require(19) config/config.prod.js",
    "start": 1629272025281,
    "end": 1629272025281,
    "duration": 0,
    "pid": 18992,
    "index": 23
  },
  {
    "name": "Load extend/application.js",
    "start": 1629272025286,
    "end": 1629272025386,
    "duration": 100,
    "pid": 18992,
    "index": 24
  },
  {
    "name": "Require(20) node_modules/egg-session/app/extend/application.js",
    "start": 1629272025287,
    "end": 1629272025287,
    "duration": 0,
    "pid": 18992,
    "index": 25
  },
  {
    "name": "Require(21) node_modules/egg-security/app/extend/application.js",
    "start": 1629272025289,
    "end": 1629272025291,
    "duration": 2,
    "pid": 18992,
    "index": 26
  },
  {
    "name": "Require(22) node_modules/egg-jsonp/app/extend/application.js",
    "start": 1629272025291,
    "end": 1629272025293,
    "duration": 2,
    "pid": 18992,
    "index": 27
  },
  {
    "name": "Require(23) node_modules/egg-logrotator/app/extend/application.js",
    "start": 1629272025295,
    "end": 1629272025296,
    "duration": 1,
    "pid": 18992,
    "index": 28
  },
  {
    "name": "Require(24) node_modules/egg-view/app/extend/application.js",
    "start": 1629272025297,
    "end": 1629272025298,
    "duration": 1,
    "pid": 18992,
    "index": 29
  },
  {
    "name": "Require(25) node_modules/egg-jwt/app/extend/application.js",
    "start": 1629272025299,
    "end": 1629272025379,
    "duration": 80,
    "pid": 18992,
    "index": 30
  },
  {
    "name": "Load extend/request.js",
    "start": 1629272025386,
    "end": 1629272025399,
    "duration": 13,
    "pid": 18992,
    "index": 31
  },
  {
    "name": "Require(26) node_modules/egg/app/extend/request.js",
    "start": 1629272025391,
    "end": 1629272025392,
    "duration": 1,
    "pid": 18992,
    "index": 32
  },
  {
    "name": "Load extend/response.js",
    "start": 1629272025399,
    "end": 1629272025413,
    "duration": 14,
    "pid": 18992,
    "index": 33
  },
  {
    "name": "Require(27) node_modules/egg/app/extend/response.js",
    "start": 1629272025404,
    "end": 1629272025407,
    "duration": 3,
    "pid": 18992,
    "index": 34
  },
  {
    "name": "Load extend/context.js",
    "start": 1629272025413,
    "end": 1629272025477,
    "duration": 64,
    "pid": 18992,
    "index": 35
  },
  {
    "name": "Require(28) node_modules/egg-security/app/extend/context.js",
    "start": 1629272025413,
    "end": 1629272025423,
    "duration": 10,
    "pid": 18992,
    "index": 36
  },
  {
    "name": "Require(29) node_modules/egg-jsonp/app/extend/context.js",
    "start": 1629272025423,
    "end": 1629272025424,
    "duration": 1,
    "pid": 18992,
    "index": 37
  },
  {
    "name": "Require(30) node_modules/egg-i18n/app/extend/context.js",
    "start": 1629272025425,
    "end": 1629272025425,
    "duration": 0,
    "pid": 18992,
    "index": 38
  },
  {
    "name": "Require(31) node_modules/egg-multipart/app/extend/context.js",
    "start": 1629272025427,
    "end": 1629272025465,
    "duration": 38,
    "pid": 18992,
    "index": 39
  },
  {
    "name": "Require(32) node_modules/egg-view/app/extend/context.js",
    "start": 1629272025466,
    "end": 1629272025467,
    "duration": 1,
    "pid": 18992,
    "index": 40
  },
  {
    "name": "Require(33) node_modules/egg/app/extend/context.js",
    "start": 1629272025469,
    "end": 1629272025470,
    "duration": 1,
    "pid": 18992,
    "index": 41
  },
  {
    "name": "Require(34) app/extend/context.js",
    "start": 1629272025470,
    "end": 1629272025470,
    "duration": 0,
    "pid": 18992,
    "index": 42
  },
  {
    "name": "Load extend/helper.js",
    "start": 1629272025477,
    "end": 1629272025504,
    "duration": 27,
    "pid": 18992,
    "index": 43
  },
  {
    "name": "Require(35) node_modules/egg-security/app/extend/helper.js",
    "start": 1629272025477,
    "end": 1629272025494,
    "duration": 17,
    "pid": 18992,
    "index": 44
  },
  {
    "name": "Require(36) node_modules/egg/app/extend/helper.js",
    "start": 1629272025498,
    "end": 1629272025499,
    "duration": 1,
    "pid": 18992,
    "index": 45
  },
  {
    "name": "Load app.js",
    "start": 1629272025504,
    "end": 1629272025546,
    "duration": 42,
    "pid": 18992,
    "index": 46
  },
  {
    "name": "Require(37) node_modules/egg-session/app.js",
    "start": 1629272025504,
    "end": 1629272025505,
    "duration": 1,
    "pid": 18992,
    "index": 47
  },
  {
    "name": "Require(38) node_modules/egg-security/app.js",
    "start": 1629272025505,
    "end": 1629272025507,
    "duration": 2,
    "pid": 18992,
    "index": 48
  },
  {
    "name": "Require(39) node_modules/egg-onerror/app.js",
    "start": 1629272025508,
    "end": 1629272025515,
    "duration": 7,
    "pid": 18992,
    "index": 49
  },
  {
    "name": "Require(40) node_modules/egg-i18n/app.js",
    "start": 1629272025515,
    "end": 1629272025532,
    "duration": 17,
    "pid": 18992,
    "index": 50
  },
  {
    "name": "Require(41) node_modules/egg-watcher/app.js",
    "start": 1629272025533,
    "end": 1629272025537,
    "duration": 4,
    "pid": 18992,
    "index": 51
  },
  {
    "name": "Require(42) node_modules/egg-schedule/app.js",
    "start": 1629272025537,
    "end": 1629272025540,
    "duration": 3,
    "pid": 18992,
    "index": 52
  },
  {
    "name": "Require(43) node_modules/egg-multipart/app.js",
    "start": 1629272025540,
    "end": 1629272025541,
    "duration": 1,
    "pid": 18992,
    "index": 53
  },
  {
    "name": "Require(44) node_modules/egg-logrotator/app.js",
    "start": 1629272025541,
    "end": 1629272025541,
    "duration": 0,
    "pid": 18992,
    "index": 54
  },
  {
    "name": "Require(45) node_modules/egg-static/app.js",
    "start": 1629272025542,
    "end": 1629272025542,
    "duration": 0,
    "pid": 18992,
    "index": 55
  },
  {
    "name": "Require(46) node_modules/egg-jwt/app.js",
    "start": 1629272025543,
    "end": 1629272025543,
    "duration": 0,
    "pid": 18992,
    "index": 56
  },
  {
    "name": "Require(47) node_modules/egg-cors/app.js",
    "start": 1629272025544,
    "end": 1629272025544,
    "duration": 0,
    "pid": 18992,
    "index": 57
  },
  {
    "name": "Require(48) node_modules/egg-view-ejs/app.js",
    "start": 1629272025544,
    "end": 1629272025544,
    "duration": 0,
    "pid": 18992,
    "index": 58
  },
  {
    "name": "Require(49) app.js",
    "start": 1629272025545,
    "end": 1629272025546,
    "duration": 1,
    "pid": 18992,
    "index": 59
  },
  {
    "name": "Before Start in node_modules/egg-watcher/lib/init.js:15:14",
    "start": 1629272025557,
    "end": 1629272026790,
    "duration": 1233,
    "pid": 18992,
    "index": 60
  },
  {
    "name": "Did Load in app.js:didLoad",
    "start": 1629272025596,
    "end": 1629272026778,
    "duration": 1182,
    "pid": 18992,
    "index": 61
  },
  {
    "name": "Load Service",
    "start": 1629272025596,
    "end": 1629272025667,
    "duration": 71,
    "pid": 18992,
    "index": 62
  },
  {
    "name": "Load \"service\" to Context",
    "start": 1629272025596,
    "end": 1629272025667,
    "duration": 71,
    "pid": 18992,
    "index": 63
  },
  {
    "name": "Load Middleware",
    "start": 1629272025667,
    "end": 1629272025824,
    "duration": 157,
    "pid": 18992,
    "index": 64
  },
  {
    "name": "Load \"middlewares\" to Application",
    "start": 1629272025667,
    "end": 1629272025797,
    "duration": 130,
    "pid": 18992,
    "index": 65
  },
  {
    "name": "Load Controller",
    "start": 1629272025824,
    "end": 1629272025837,
    "duration": 13,
    "pid": 18992,
    "index": 66
  },
  {
    "name": "Load \"controller\" to Application",
    "start": 1629272025824,
    "end": 1629272025837,
    "duration": 13,
    "pid": 18992,
    "index": 67
  },
  {
    "name": "Load Router",
    "start": 1629272025837,
    "end": 1629272025843,
    "duration": 6,
    "pid": 18992,
    "index": 68
  },
  {
    "name": "Require(50) app/router/index.js",
    "start": 1629272025839,
    "end": 1629272025840,
    "duration": 1,
    "pid": 18992,
    "index": 69
  },
  {
    "name": "Before Start in node_modules/egg-core/lib/egg.js:303:10",
    "start": 1629272025840,
    "end": 1629272026778,
    "duration": 938,
    "pid": 18992,
    "index": 70
  },
  {
    "name": "Will Ready in app.js:willReady",
    "start": 1629272026791,
    "end": 1629272026791,
    "duration": 0,
    "pid": 18992,
    "index": 71
  }
]