[
  {
    "name": "Process Start",
    "start": 1627608122870,
    "end": 1627608125320,
    "duration": 2450,
    "pid": 10376,
    "index": 0
  },
  {
    "name": "Application Start",
    "start": 1627608125321,
    "end": 1627608128200,
    "duration": 2879,
    "pid": 10376,
    "index": 1
  },
  {
    "name": "Load Plugin",
    "start": 1627608125339,
    "end": 1627608125413,
    "duration": 74,
    "pid": 10376,
    "index": 2
  },
  {
    "name": "Load Config",
    "start": 1627608125413,
    "end": 1627608125602,
    "duration": 189,
    "pid": 10376,
    "index": 3
  },
  {
    "name": "Require(0) config/config.default.js",
    "start": 1627608125416,
    "end": 1627608125512,
    "duration": 96,
    "pid": 10376,
    "index": 4
  },
  {
    "name": "Require(1) config/config.prod.js",
    "start": 1627608125517,
    "end": 1627608125518,
    "duration": 1,
    "pid": 10376,
    "index": 5
  },
  {
    "name": "Require(2) node_modules/egg-session/config/config.default.js",
    "start": 1627608125520,
    "end": 1627608125521,
    "duration": 1,
    "pid": 10376,
    "index": 6
  },
  {
    "name": "Require(3) node_modules/egg-security/config/config.default.js",
    "start": 1627608125523,
    "end": 1627608125534,
    "duration": 11,
    "pid": 10376,
    "index": 7
  },
  {
    "name": "Require(4) node_modules/egg-jsonp/config/config.default.js",
    "start": 1627608125539,
    "end": 1627608125540,
    "duration": 1,
    "pid": 10376,
    "index": 8
  },
  {
    "name": "Require(5) node_modules/egg-onerror/config/config.default.js",
    "start": 1627608125542,
    "end": 1627608125543,
    "duration": 1,
    "pid": 10376,
    "index": 9
  },
  {
    "name": "Require(6) node_modules/egg-i18n/config/config.default.js",
    "start": 1627608125544,
    "end": 1627608125544,
    "duration": 0,
    "pid": 10376,
    "index": 10
  },
  {
    "name": "Require(7) node_modules/egg-watcher/config/config.default.js",
    "start": 1627608125546,
    "end": 1627608125547,
    "duration": 1,
    "pid": 10376,
    "index": 11
  },
  {
    "name": "Require(8) node_modules/egg-schedule/config/config.default.js",
    "start": 1627608125549,
    "end": 1627608125550,
    "duration": 1,
    "pid": 10376,
    "index": 12
  },
  {
    "name": "Require(9) node_modules/egg-multipart/config/config.default.js",
    "start": 1627608125552,
    "end": 1627608125554,
    "duration": 2,
    "pid": 10376,
    "index": 13
  },
  {
    "name": "Require(10) node_modules/egg-logrotator/config/config.default.js",
    "start": 1627608125558,
    "end": 1627608125558,
    "duration": 0,
    "pid": 10376,
    "index": 14
  },
  {
    "name": "Require(11) node_modules/egg-static/config/config.default.js",
    "start": 1627608125560,
    "end": 1627608125561,
    "duration": 1,
    "pid": 10376,
    "index": 15
  },
  {
    "name": "Require(12) node_modules/egg-view/config/config.default.js",
    "start": 1627608125562,
    "end": 1627608125563,
    "duration": 1,
    "pid": 10376,
    "index": 16
  },
  {
    "name": "Require(13) node_modules/egg-jwt/config/config.default.js",
    "start": 1627608125566,
    "end": 1627608125567,
    "duration": 1,
    "pid": 10376,
    "index": 17
  },
  {
    "name": "Require(14) node_modules/egg-cors/config/config.default.js",
    "start": 1627608125568,
    "end": 1627608125577,
    "duration": 9,
    "pid": 10376,
    "index": 18
  },
  {
    "name": "Require(15) node_modules/egg-view-ejs/config/config.default.js",
    "start": 1627608125578,
    "end": 1627608125579,
    "duration": 1,
    "pid": 10376,
    "index": 19
  },
  {
    "name": "Require(16) node_modules/egg/config/config.default.js",
    "start": 1627608125580,
    "end": 1627608125581,
    "duration": 1,
    "pid": 10376,
    "index": 20
  },
  {
    "name": "Require(17) config/config.default.js",
    "start": 1627608125585,
    "end": 1627608125586,
    "duration": 1,
    "pid": 10376,
    "index": 21
  },
  {
    "name": "Require(18) node_modules/egg-static/config/config.prod.js",
    "start": 1627608125595,
    "end": 1627608125596,
    "duration": 1,
    "pid": 10376,
    "index": 22
  },
  {
    "name": "Require(19) config/config.prod.js",
    "start": 1627608125602,
    "end": 1627608125602,
    "duration": 0,
    "pid": 10376,
    "index": 23
  },
  {
    "name": "Load extend/application.js",
    "start": 1627608125619,
    "end": 1627608125793,
    "duration": 174,
    "pid": 10376,
    "index": 24
  },
  {
    "name": "Require(20) node_modules/egg-session/app/extend/application.js",
    "start": 1627608125620,
    "end": 1627608125622,
    "duration": 2,
    "pid": 10376,
    "index": 25
  },
  {
    "name": "Require(21) node_modules/egg-security/app/extend/application.js",
    "start": 1627608125624,
    "end": 1627608125629,
    "duration": 5,
    "pid": 10376,
    "index": 26
  },
  {
    "name": "Require(22) node_modules/egg-jsonp/app/extend/application.js",
    "start": 1627608125631,
    "end": 1627608125638,
    "duration": 7,
    "pid": 10376,
    "index": 27
  },
  {
    "name": "Require(23) node_modules/egg-logrotator/app/extend/application.js",
    "start": 1627608125644,
    "end": 1627608125648,
    "duration": 4,
    "pid": 10376,
    "index": 28
  },
  {
    "name": "Require(24) node_modules/egg-view/app/extend/application.js",
    "start": 1627608125651,
    "end": 1627608125655,
    "duration": 4,
    "pid": 10376,
    "index": 29
  },
  {
    "name": "Require(25) node_modules/egg-jwt/app/extend/application.js",
    "start": 1627608125658,
    "end": 1627608125774,
    "duration": 116,
    "pid": 10376,
    "index": 30
  },
  {
    "name": "Load extend/request.js",
    "start": 1627608125793,
    "end": 1627608125833,
    "duration": 40,
    "pid": 10376,
    "index": 31
  },
  {
    "name": "Require(26) node_modules/egg/app/extend/request.js",
    "start": 1627608125809,
    "end": 1627608125812,
    "duration": 3,
    "pid": 10376,
    "index": 32
  },
  {
    "name": "Load extend/response.js",
    "start": 1627608125833,
    "end": 1627608125872,
    "duration": 39,
    "pid": 10376,
    "index": 33
  },
  {
    "name": "Require(27) node_modules/egg/app/extend/response.js",
    "start": 1627608125851,
    "end": 1627608125857,
    "duration": 6,
    "pid": 10376,
    "index": 34
  },
  {
    "name": "Load extend/context.js",
    "start": 1627608125873,
    "end": 1627608126084,
    "duration": 211,
    "pid": 10376,
    "index": 35
  },
  {
    "name": "Require(28) node_modules/egg-security/app/extend/context.js",
    "start": 1627608125875,
    "end": 1627608125936,
    "duration": 61,
    "pid": 10376,
    "index": 36
  },
  {
    "name": "Require(29) node_modules/egg-jsonp/app/extend/context.js",
    "start": 1627608125937,
    "end": 1627608125946,
    "duration": 9,
    "pid": 10376,
    "index": 37
  },
  {
    "name": "Require(30) node_modules/egg-i18n/app/extend/context.js",
    "start": 1627608125948,
    "end": 1627608125948,
    "duration": 0,
    "pid": 10376,
    "index": 38
  },
  {
    "name": "Require(31) node_modules/egg-multipart/app/extend/context.js",
    "start": 1627608125955,
    "end": 1627608126058,
    "duration": 103,
    "pid": 10376,
    "index": 39
  },
  {
    "name": "Require(32) node_modules/egg-view/app/extend/context.js",
    "start": 1627608126061,
    "end": 1627608126063,
    "duration": 2,
    "pid": 10376,
    "index": 40
  },
  {
    "name": "Require(33) node_modules/egg/app/extend/context.js",
    "start": 1627608126067,
    "end": 1627608126069,
    "duration": 2,
    "pid": 10376,
    "index": 41
  },
  {
    "name": "Require(34) app/extend/context.js",
    "start": 1627608126070,
    "end": 1627608126071,
    "duration": 1,
    "pid": 10376,
    "index": 42
  },
  {
    "name": "Load extend/helper.js",
    "start": 1627608126084,
    "end": 1627608126166,
    "duration": 82,
    "pid": 10376,
    "index": 43
  },
  {
    "name": "Require(35) node_modules/egg-security/app/extend/helper.js",
    "start": 1627608126086,
    "end": 1627608126139,
    "duration": 53,
    "pid": 10376,
    "index": 44
  },
  {
    "name": "Require(36) node_modules/egg/app/extend/helper.js",
    "start": 1627608126151,
    "end": 1627608126152,
    "duration": 1,
    "pid": 10376,
    "index": 45
  },
  {
    "name": "Load app.js",
    "start": 1627608126167,
    "end": 1627608126309,
    "duration": 142,
    "pid": 10376,
    "index": 46
  },
  {
    "name": "Require(37) node_modules/egg-session/app.js",
    "start": 1627608126168,
    "end": 1627608126169,
    "duration": 1,
    "pid": 10376,
    "index": 47
  },
  {
    "name": "Require(38) node_modules/egg-security/app.js",
    "start": 1627608126170,
    "end": 1627608126174,
    "duration": 4,
    "pid": 10376,
    "index": 48
  },
  {
    "name": "Require(39) node_modules/egg-onerror/app.js",
    "start": 1627608126178,
    "end": 1627608126208,
    "duration": 30,
    "pid": 10376,
    "index": 49
  },
  {
    "name": "Require(40) node_modules/egg-i18n/app.js",
    "start": 1627608126209,
    "end": 1627608126271,
    "duration": 62,
    "pid": 10376,
    "index": 50
  },
  {
    "name": "Require(41) node_modules/egg-watcher/app.js",
    "start": 1627608126272,
    "end": 1627608126280,
    "duration": 8,
    "pid": 10376,
    "index": 51
  },
  {
    "name": "Require(42) node_modules/egg-schedule/app.js",
    "start": 1627608126281,
    "end": 1627608126285,
    "duration": 4,
    "pid": 10376,
    "index": 52
  },
  {
    "name": "Require(43) node_modules/egg-multipart/app.js",
    "start": 1627608126287,
    "end": 1627608126288,
    "duration": 1,
    "pid": 10376,
    "index": 53
  },
  {
    "name": "Require(44) node_modules/egg-logrotator/app.js",
    "start": 1627608126289,
    "end": 1627608126290,
    "duration": 1,
    "pid": 10376,
    "index": 54
  },
  {
    "name": "Require(45) node_modules/egg-static/app.js",
    "start": 1627608126291,
    "end": 1627608126296,
    "duration": 5,
    "pid": 10376,
    "index": 55
  },
  {
    "name": "Require(46) node_modules/egg-jwt/app.js",
    "start": 1627608126299,
    "end": 1627608126300,
    "duration": 1,
    "pid": 10376,
    "index": 56
  },
  {
    "name": "Require(47) node_modules/egg-cors/app.js",
    "start": 1627608126301,
    "end": 1627608126302,
    "duration": 1,
    "pid": 10376,
    "index": 57
  },
  {
    "name": "Require(48) node_modules/egg-view-ejs/app.js",
    "start": 1627608126303,
    "end": 1627608126304,
    "duration": 1,
    "pid": 10376,
    "index": 58
  },
  {
    "name": "Require(49) app.js",
    "start": 1627608126306,
    "end": 1627608126309,
    "duration": 3,
    "pid": 10376,
    "index": 59
  },
  {
    "name": "Before Start in node_modules/egg-watcher/lib/init.js:15:14",
    "start": 1627608126340,
    "end": 1627608128198,
    "duration": 1858,
    "pid": 10376,
    "index": 60
  },
  {
    "name": "Did Load in app.js:didLoad",
    "start": 1627608126430,
    "end": 1627608128137,
    "duration": 1707,
    "pid": 10376,
    "index": 61
  },
  {
    "name": "Load Service",
    "start": 1627608126430,
    "end": 1627608126631,
    "duration": 201,
    "pid": 10376,
    "index": 62
  },
  {
    "name": "Load \"service\" to Context",
    "start": 1627608126430,
    "end": 1627608126631,
    "duration": 201,
    "pid": 10376,
    "index": 63
  },
  {
    "name": "Load Middleware",
    "start": 1627608126631,
    "end": 1627608127117,
    "duration": 486,
    "pid": 10376,
    "index": 64
  },
  {
    "name": "Load \"middlewares\" to Application",
    "start": 1627608126632,
    "end": 1627608127047,
    "duration": 415,
    "pid": 10376,
    "index": 65
  },
  {
    "name": "Load Controller",
    "start": 1627608127118,
    "end": 1627608127143,
    "duration": 25,
    "pid": 10376,
    "index": 66
  },
  {
    "name": "Load \"controller\" to Application",
    "start": 1627608127118,
    "end": 1627608127139,
    "duration": 21,
    "pid": 10376,
    "index": 67
  },
  {
    "name": "Load Router",
    "start": 1627608127143,
    "end": 1627608127171,
    "duration": 28,
    "pid": 10376,
    "index": 68
  },
  {
    "name": "Require(50) app/router/index.js",
    "start": 1627608127155,
    "end": 1627608127155,
    "duration": 0,
    "pid": 10376,
    "index": 69
  },
  {
    "name": "Before Start in node_modules/egg-core/lib/egg.js:303:10",
    "start": 1627608127156,
    "end": 1627608128137,
    "duration": 981,
    "pid": 10376,
    "index": 70
  },
  {
    "name": "Will Ready in app.js:willReady",
    "start": 1627608128199,
    "end": 1627608128199,
    "duration": 0,
    "pid": 10376,
    "index": 71
  }
]