[
  {
    "name": "Process Start",
    "start": 1627611381394,
    "end": 1627611382364,
    "duration": 970,
    "pid": 1924,
    "index": 0
  },
  {
    "name": "Application Start",
    "start": 1627611382364,
    "end": 1627611384158,
    "duration": 1794,
    "pid": 1924,
    "index": 1
  },
  {
    "name": "Load Plugin",
    "start": 1627611382369,
    "end": 1627611382397,
    "duration": 28,
    "pid": 1924,
    "index": 2
  },
  {
    "name": "Load Config",
    "start": 1627611382397,
    "end": 1627611382483,
    "duration": 86,
    "pid": 1924,
    "index": 3
  },
  {
    "name": "Require(0) config/config.default.js",
    "start": 1627611382398,
    "end": 1627611382441,
    "duration": 43,
    "pid": 1924,
    "index": 4
  },
  {
    "name": "Require(1) config/config.prod.js",
    "start": 1627611382445,
    "end": 1627611382446,
    "duration": 1,
    "pid": 1924,
    "index": 5
  },
  {
    "name": "Require(2) node_modules/egg-session/config/config.default.js",
    "start": 1627611382449,
    "end": 1627611382450,
    "duration": 1,
    "pid": 1924,
    "index": 6
  },
  {
    "name": "Require(3) node_modules/egg-security/config/config.default.js",
    "start": 1627611382451,
    "end": 1627611382452,
    "duration": 1,
    "pid": 1924,
    "index": 7
  },
  {
    "name": "Require(4) node_modules/egg-jsonp/config/config.default.js",
    "start": 1627611382454,
    "end": 1627611382455,
    "duration": 1,
    "pid": 1924,
    "index": 8
  },
  {
    "name": "Require(5) node_modules/egg-onerror/config/config.default.js",
    "start": 1627611382456,
    "end": 1627611382457,
    "duration": 1,
    "pid": 1924,
    "index": 9
  },
  {
    "name": "Require(6) node_modules/egg-i18n/config/config.default.js",
    "start": 1627611382457,
    "end": 1627611382458,
    "duration": 1,
    "pid": 1924,
    "index": 10
  },
  {
    "name": "Require(7) node_modules/egg-watcher/config/config.default.js",
    "start": 1627611382459,
    "end": 1627611382459,
    "duration": 0,
    "pid": 1924,
    "index": 11
  },
  {
    "name": "Require(8) node_modules/egg-schedule/config/config.default.js",
    "start": 1627611382460,
    "end": 1627611382461,
    "duration": 1,
    "pid": 1924,
    "index": 12
  },
  {
    "name": "Require(9) node_modules/egg-multipart/config/config.default.js",
    "start": 1627611382462,
    "end": 1627611382462,
    "duration": 0,
    "pid": 1924,
    "index": 13
  },
  {
    "name": "Require(10) node_modules/egg-logrotator/config/config.default.js",
    "start": 1627611382464,
    "end": 1627611382465,
    "duration": 1,
    "pid": 1924,
    "index": 14
  },
  {
    "name": "Require(11) node_modules/egg-static/config/config.default.js",
    "start": 1627611382465,
    "end": 1627611382466,
    "duration": 1,
    "pid": 1924,
    "index": 15
  },
  {
    "name": "Require(12) node_modules/egg-view/config/config.default.js",
    "start": 1627611382467,
    "end": 1627611382467,
    "duration": 0,
    "pid": 1924,
    "index": 16
  },
  {
    "name": "Require(13) node_modules/egg-jwt/config/config.default.js",
    "start": 1627611382468,
    "end": 1627611382468,
    "duration": 0,
    "pid": 1924,
    "index": 17
  },
  {
    "name": "Require(14) node_modules/egg-cors/config/config.default.js",
    "start": 1627611382469,
    "end": 1627611382469,
    "duration": 0,
    "pid": 1924,
    "index": 18
  },
  {
    "name": "Require(15) node_modules/egg-view-ejs/config/config.default.js",
    "start": 1627611382470,
    "end": 1627611382471,
    "duration": 1,
    "pid": 1924,
    "index": 19
  },
  {
    "name": "Require(16) node_modules/egg/config/config.default.js",
    "start": 1627611382472,
    "end": 1627611382473,
    "duration": 1,
    "pid": 1924,
    "index": 20
  },
  {
    "name": "Require(17) config/config.default.js",
    "start": 1627611382475,
    "end": 1627611382475,
    "duration": 0,
    "pid": 1924,
    "index": 21
  },
  {
    "name": "Require(18) node_modules/egg-static/config/config.prod.js",
    "start": 1627611382480,
    "end": 1627611382480,
    "duration": 0,
    "pid": 1924,
    "index": 22
  },
  {
    "name": "Require(19) config/config.prod.js",
    "start": 1627611382482,
    "end": 1627611382482,
    "duration": 0,
    "pid": 1924,
    "index": 23
  },
  {
    "name": "Load extend/application.js",
    "start": 1627611382494,
    "end": 1627611382589,
    "duration": 95,
    "pid": 1924,
    "index": 24
  },
  {
    "name": "Require(20) node_modules/egg-session/app/extend/application.js",
    "start": 1627611382496,
    "end": 1627611382496,
    "duration": 0,
    "pid": 1924,
    "index": 25
  },
  {
    "name": "Require(21) node_modules/egg-security/app/extend/application.js",
    "start": 1627611382498,
    "end": 1627611382501,
    "duration": 3,
    "pid": 1924,
    "index": 26
  },
  {
    "name": "Require(22) node_modules/egg-jsonp/app/extend/application.js",
    "start": 1627611382502,
    "end": 1627611382505,
    "duration": 3,
    "pid": 1924,
    "index": 27
  },
  {
    "name": "Require(23) node_modules/egg-logrotator/app/extend/application.js",
    "start": 1627611382510,
    "end": 1627611382513,
    "duration": 3,
    "pid": 1924,
    "index": 28
  },
  {
    "name": "Require(24) node_modules/egg-view/app/extend/application.js",
    "start": 1627611382514,
    "end": 1627611382516,
    "duration": 2,
    "pid": 1924,
    "index": 29
  },
  {
    "name": "Require(25) node_modules/egg-jwt/app/extend/application.js",
    "start": 1627611382517,
    "end": 1627611382579,
    "duration": 62,
    "pid": 1924,
    "index": 30
  },
  {
    "name": "Load extend/request.js",
    "start": 1627611382590,
    "end": 1627611382607,
    "duration": 17,
    "pid": 1924,
    "index": 31
  },
  {
    "name": "Require(26) node_modules/egg/app/extend/request.js",
    "start": 1627611382596,
    "end": 1627611382597,
    "duration": 1,
    "pid": 1924,
    "index": 32
  },
  {
    "name": "Load extend/response.js",
    "start": 1627611382607,
    "end": 1627611382623,
    "duration": 16,
    "pid": 1924,
    "index": 33
  },
  {
    "name": "Require(27) node_modules/egg/app/extend/response.js",
    "start": 1627611382613,
    "end": 1627611382615,
    "duration": 2,
    "pid": 1924,
    "index": 34
  },
  {
    "name": "Load extend/context.js",
    "start": 1627611382623,
    "end": 1627611382697,
    "duration": 74,
    "pid": 1924,
    "index": 35
  },
  {
    "name": "Require(28) node_modules/egg-security/app/extend/context.js",
    "start": 1627611382624,
    "end": 1627611382635,
    "duration": 11,
    "pid": 1924,
    "index": 36
  },
  {
    "name": "Require(29) node_modules/egg-jsonp/app/extend/context.js",
    "start": 1627611382636,
    "end": 1627611382637,
    "duration": 1,
    "pid": 1924,
    "index": 37
  },
  {
    "name": "Require(30) node_modules/egg-i18n/app/extend/context.js",
    "start": 1627611382638,
    "end": 1627611382639,
    "duration": 1,
    "pid": 1924,
    "index": 38
  },
  {
    "name": "Require(31) node_modules/egg-multipart/app/extend/context.js",
    "start": 1627611382640,
    "end": 1627611382683,
    "duration": 43,
    "pid": 1924,
    "index": 39
  },
  {
    "name": "Require(32) node_modules/egg-view/app/extend/context.js",
    "start": 1627611382684,
    "end": 1627611382686,
    "duration": 2,
    "pid": 1924,
    "index": 40
  },
  {
    "name": "Require(33) node_modules/egg/app/extend/context.js",
    "start": 1627611382688,
    "end": 1627611382689,
    "duration": 1,
    "pid": 1924,
    "index": 41
  },
  {
    "name": "Require(34) app/extend/context.js",
    "start": 1627611382690,
    "end": 1627611382690,
    "duration": 0,
    "pid": 1924,
    "index": 42
  },
  {
    "name": "Load extend/helper.js",
    "start": 1627611382697,
    "end": 1627611382741,
    "duration": 44,
    "pid": 1924,
    "index": 43
  },
  {
    "name": "Require(35) node_modules/egg-security/app/extend/helper.js",
    "start": 1627611382698,
    "end": 1627611382725,
    "duration": 27,
    "pid": 1924,
    "index": 44
  },
  {
    "name": "Require(36) node_modules/egg/app/extend/helper.js",
    "start": 1627611382731,
    "end": 1627611382732,
    "duration": 1,
    "pid": 1924,
    "index": 45
  },
  {
    "name": "Load app.js",
    "start": 1627611382741,
    "end": 1627611382819,
    "duration": 78,
    "pid": 1924,
    "index": 46
  },
  {
    "name": "Require(37) node_modules/egg-session/app.js",
    "start": 1627611382742,
    "end": 1627611382742,
    "duration": 0,
    "pid": 1924,
    "index": 47
  },
  {
    "name": "Require(38) node_modules/egg-security/app.js",
    "start": 1627611382743,
    "end": 1627611382746,
    "duration": 3,
    "pid": 1924,
    "index": 48
  },
  {
    "name": "Require(39) node_modules/egg-onerror/app.js",
    "start": 1627611382748,
    "end": 1627611382761,
    "duration": 13,
    "pid": 1924,
    "index": 49
  },
  {
    "name": "Require(40) node_modules/egg-i18n/app.js",
    "start": 1627611382762,
    "end": 1627611382795,
    "duration": 33,
    "pid": 1924,
    "index": 50
  },
  {
    "name": "Require(41) node_modules/egg-watcher/app.js",
    "start": 1627611382796,
    "end": 1627611382803,
    "duration": 7,
    "pid": 1924,
    "index": 51
  },
  {
    "name": "Require(42) node_modules/egg-schedule/app.js",
    "start": 1627611382804,
    "end": 1627611382807,
    "duration": 3,
    "pid": 1924,
    "index": 52
  },
  {
    "name": "Require(43) node_modules/egg-multipart/app.js",
    "start": 1627611382808,
    "end": 1627611382809,
    "duration": 1,
    "pid": 1924,
    "index": 53
  },
  {
    "name": "Require(44) node_modules/egg-logrotator/app.js",
    "start": 1627611382810,
    "end": 1627611382811,
    "duration": 1,
    "pid": 1924,
    "index": 54
  },
  {
    "name": "Require(45) node_modules/egg-static/app.js",
    "start": 1627611382811,
    "end": 1627611382812,
    "duration": 1,
    "pid": 1924,
    "index": 55
  },
  {
    "name": "Require(46) node_modules/egg-jwt/app.js",
    "start": 1627611382814,
    "end": 1627611382814,
    "duration": 0,
    "pid": 1924,
    "index": 56
  },
  {
    "name": "Require(47) node_modules/egg-cors/app.js",
    "start": 1627611382815,
    "end": 1627611382815,
    "duration": 0,
    "pid": 1924,
    "index": 57
  },
  {
    "name": "Require(48) node_modules/egg-view-ejs/app.js",
    "start": 1627611382816,
    "end": 1627611382816,
    "duration": 0,
    "pid": 1924,
    "index": 58
  },
  {
    "name": "Require(49) app.js",
    "start": 1627611382817,
    "end": 1627611382819,
    "duration": 2,
    "pid": 1924,
    "index": 59
  },
  {
    "name": "Before Start in node_modules/egg-watcher/lib/init.js:15:14",
    "start": 1627611382832,
    "end": 1627611384155,
    "duration": 1323,
    "pid": 1924,
    "index": 60
  },
  {
    "name": "Did Load in app.js:didLoad",
    "start": 1627611382884,
    "end": 1627611384115,
    "duration": 1231,
    "pid": 1924,
    "index": 61
  },
  {
    "name": "Load Service",
    "start": 1627611382884,
    "end": 1627611382975,
    "duration": 91,
    "pid": 1924,
    "index": 62
  },
  {
    "name": "Load \"service\" to Context",
    "start": 1627611382884,
    "end": 1627611382975,
    "duration": 91,
    "pid": 1924,
    "index": 63
  },
  {
    "name": "Load Middleware",
    "start": 1627611382975,
    "end": 1627611383146,
    "duration": 171,
    "pid": 1924,
    "index": 64
  },
  {
    "name": "Load \"middlewares\" to Application",
    "start": 1627611382976,
    "end": 1627611383111,
    "duration": 135,
    "pid": 1924,
    "index": 65
  },
  {
    "name": "Load Controller",
    "start": 1627611383146,
    "end": 1627611383160,
    "duration": 14,
    "pid": 1924,
    "index": 66
  },
  {
    "name": "Load \"controller\" to Application",
    "start": 1627611383147,
    "end": 1627611383159,
    "duration": 12,
    "pid": 1924,
    "index": 67
  },
  {
    "name": "Load Router",
    "start": 1627611383160,
    "end": 1627611383166,
    "duration": 6,
    "pid": 1924,
    "index": 68
  },
  {
    "name": "Require(50) app/router/index.js",
    "start": 1627611383161,
    "end": 1627611383162,
    "duration": 1,
    "pid": 1924,
    "index": 69
  },
  {
    "name": "Before Start in node_modules/egg-core/lib/egg.js:303:10",
    "start": 1627611383162,
    "end": 1627611384115,
    "duration": 953,
    "pid": 1924,
    "index": 70
  },
  {
    "name": "Will Ready in app.js:willReady",
    "start": 1627611384156,
    "end": 1627611384156,
    "duration": 0,
    "pid": 1924,
    "index": 71
  }
]