[
  {
    "name": "Process Start",
    "start": 1629269672426,
    "end": 1629269673352,
    "duration": 926,
    "pid": 14384,
    "index": 0
  },
  {
    "name": "Application Start",
    "start": 1629269673353,
    "end": 1629269674902,
    "duration": 1549,
    "pid": 14384,
    "index": 1
  },
  {
    "name": "Load Plugin",
    "start": 1629269673360,
    "end": 1629269673380,
    "duration": 20,
    "pid": 14384,
    "index": 2
  },
  {
    "name": "Load Config",
    "start": 1629269673380,
    "end": 1629269673440,
    "duration": 60,
    "pid": 14384,
    "index": 3
  },
  {
    "name": "Require(0) config/config.default.js",
    "start": 1629269673381,
    "end": 1629269673416,
    "duration": 35,
    "pid": 14384,
    "index": 4
  },
  {
    "name": "Require(1) config/config.prod.js",
    "start": 1629269673418,
    "end": 1629269673418,
    "duration": 0,
    "pid": 14384,
    "index": 5
  },
  {
    "name": "Require(2) node_modules/egg-session/config/config.default.js",
    "start": 1629269673419,
    "end": 1629269673419,
    "duration": 0,
    "pid": 14384,
    "index": 6
  },
  {
    "name": "Require(3) node_modules/egg-security/config/config.default.js",
    "start": 1629269673420,
    "end": 1629269673420,
    "duration": 0,
    "pid": 14384,
    "index": 7
  },
  {
    "name": "Require(4) node_modules/egg-jsonp/config/config.default.js",
    "start": 1629269673422,
    "end": 1629269673422,
    "duration": 0,
    "pid": 14384,
    "index": 8
  },
  {
    "name": "Require(5) node_modules/egg-onerror/config/config.default.js",
    "start": 1629269673423,
    "end": 1629269673423,
    "duration": 0,
    "pid": 14384,
    "index": 9
  },
  {
    "name": "Require(6) node_modules/egg-i18n/config/config.default.js",
    "start": 1629269673424,
    "end": 1629269673424,
    "duration": 0,
    "pid": 14384,
    "index": 10
  },
  {
    "name": "Require(7) node_modules/egg-watcher/config/config.default.js",
    "start": 1629269673425,
    "end": 1629269673425,
    "duration": 0,
    "pid": 14384,
    "index": 11
  },
  {
    "name": "Require(8) node_modules/egg-schedule/config/config.default.js",
    "start": 1629269673425,
    "end": 1629269673426,
    "duration": 1,
    "pid": 14384,
    "index": 12
  },
  {
    "name": "Require(9) node_modules/egg-multipart/config/config.default.js",
    "start": 1629269673426,
    "end": 1629269673426,
    "duration": 0,
    "pid": 14384,
    "index": 13
  },
  {
    "name": "Require(10) node_modules/egg-logrotator/config/config.default.js",
    "start": 1629269673427,
    "end": 1629269673427,
    "duration": 0,
    "pid": 14384,
    "index": 14
  },
  {
    "name": "Require(11) node_modules/egg-static/config/config.default.js",
    "start": 1629269673428,
    "end": 1629269673428,
    "duration": 0,
    "pid": 14384,
    "index": 15
  },
  {
    "name": "Require(12) node_modules/egg-view/config/config.default.js",
    "start": 1629269673428,
    "end": 1629269673429,
    "duration": 1,
    "pid": 14384,
    "index": 16
  },
  {
    "name": "Require(13) node_modules/egg-jwt/config/config.default.js",
    "start": 1629269673429,
    "end": 1629269673429,
    "duration": 0,
    "pid": 14384,
    "index": 17
  },
  {
    "name": "Require(14) node_modules/egg-cors/config/config.default.js",
    "start": 1629269673430,
    "end": 1629269673430,
    "duration": 0,
    "pid": 14384,
    "index": 18
  },
  {
    "name": "Require(15) node_modules/egg-view-ejs/config/config.default.js",
    "start": 1629269673431,
    "end": 1629269673431,
    "duration": 0,
    "pid": 14384,
    "index": 19
  },
  {
    "name": "Require(16) node_modules/egg/config/config.default.js",
    "start": 1629269673431,
    "end": 1629269673432,
    "duration": 1,
    "pid": 14384,
    "index": 20
  },
  {
    "name": "Require(17) config/config.default.js",
    "start": 1629269673433,
    "end": 1629269673433,
    "duration": 0,
    "pid": 14384,
    "index": 21
  },
  {
    "name": "Require(18) node_modules/egg-static/config/config.prod.js",
    "start": 1629269673437,
    "end": 1629269673437,
    "duration": 0,
    "pid": 14384,
    "index": 22
  },
  {
    "name": "Require(19) config/config.prod.js",
    "start": 1629269673440,
    "end": 1629269673440,
    "duration": 0,
    "pid": 14384,
    "index": 23
  },
  {
    "name": "Load extend/application.js",
    "start": 1629269673445,
    "end": 1629269673509,
    "duration": 64,
    "pid": 14384,
    "index": 24
  },
  {
    "name": "Require(20) node_modules/egg-session/app/extend/application.js",
    "start": 1629269673446,
    "end": 1629269673447,
    "duration": 1,
    "pid": 14384,
    "index": 25
  },
  {
    "name": "Require(21) node_modules/egg-security/app/extend/application.js",
    "start": 1629269673448,
    "end": 1629269673450,
    "duration": 2,
    "pid": 14384,
    "index": 26
  },
  {
    "name": "Require(22) node_modules/egg-jsonp/app/extend/application.js",
    "start": 1629269673451,
    "end": 1629269673453,
    "duration": 2,
    "pid": 14384,
    "index": 27
  },
  {
    "name": "Require(23) node_modules/egg-logrotator/app/extend/application.js",
    "start": 1629269673455,
    "end": 1629269673457,
    "duration": 2,
    "pid": 14384,
    "index": 28
  },
  {
    "name": "Require(24) node_modules/egg-view/app/extend/application.js",
    "start": 1629269673458,
    "end": 1629269673459,
    "duration": 1,
    "pid": 14384,
    "index": 29
  },
  {
    "name": "Require(25) node_modules/egg-jwt/app/extend/application.js",
    "start": 1629269673459,
    "end": 1629269673503,
    "duration": 44,
    "pid": 14384,
    "index": 30
  },
  {
    "name": "Load extend/request.js",
    "start": 1629269673509,
    "end": 1629269673522,
    "duration": 13,
    "pid": 14384,
    "index": 31
  },
  {
    "name": "Require(26) node_modules/egg/app/extend/request.js",
    "start": 1629269673514,
    "end": 1629269673515,
    "duration": 1,
    "pid": 14384,
    "index": 32
  },
  {
    "name": "Load extend/response.js",
    "start": 1629269673522,
    "end": 1629269673536,
    "duration": 14,
    "pid": 14384,
    "index": 33
  },
  {
    "name": "Require(27) node_modules/egg/app/extend/response.js",
    "start": 1629269673527,
    "end": 1629269673530,
    "duration": 3,
    "pid": 14384,
    "index": 34
  },
  {
    "name": "Load extend/context.js",
    "start": 1629269673536,
    "end": 1629269673600,
    "duration": 64,
    "pid": 14384,
    "index": 35
  },
  {
    "name": "Require(28) node_modules/egg-security/app/extend/context.js",
    "start": 1629269673537,
    "end": 1629269673548,
    "duration": 11,
    "pid": 14384,
    "index": 36
  },
  {
    "name": "Require(29) node_modules/egg-jsonp/app/extend/context.js",
    "start": 1629269673548,
    "end": 1629269673549,
    "duration": 1,
    "pid": 14384,
    "index": 37
  },
  {
    "name": "Require(30) node_modules/egg-i18n/app/extend/context.js",
    "start": 1629269673550,
    "end": 1629269673550,
    "duration": 0,
    "pid": 14384,
    "index": 38
  },
  {
    "name": "Require(31) node_modules/egg-multipart/app/extend/context.js",
    "start": 1629269673552,
    "end": 1629269673590,
    "duration": 38,
    "pid": 14384,
    "index": 39
  },
  {
    "name": "Require(32) node_modules/egg-view/app/extend/context.js",
    "start": 1629269673592,
    "end": 1629269673593,
    "duration": 1,
    "pid": 14384,
    "index": 40
  },
  {
    "name": "Require(33) node_modules/egg/app/extend/context.js",
    "start": 1629269673594,
    "end": 1629269673595,
    "duration": 1,
    "pid": 14384,
    "index": 41
  },
  {
    "name": "Require(34) app/extend/context.js",
    "start": 1629269673595,
    "end": 1629269673596,
    "duration": 1,
    "pid": 14384,
    "index": 42
  },
  {
    "name": "Load extend/helper.js",
    "start": 1629269673600,
    "end": 1629269673626,
    "duration": 26,
    "pid": 14384,
    "index": 43
  },
  {
    "name": "Require(35) node_modules/egg-security/app/extend/helper.js",
    "start": 1629269673601,
    "end": 1629269673617,
    "duration": 16,
    "pid": 14384,
    "index": 44
  },
  {
    "name": "Require(36) node_modules/egg/app/extend/helper.js",
    "start": 1629269673621,
    "end": 1629269673622,
    "duration": 1,
    "pid": 14384,
    "index": 45
  },
  {
    "name": "Load app.js",
    "start": 1629269673627,
    "end": 1629269673666,
    "duration": 39,
    "pid": 14384,
    "index": 46
  },
  {
    "name": "Require(37) node_modules/egg-session/app.js",
    "start": 1629269673627,
    "end": 1629269673627,
    "duration": 0,
    "pid": 14384,
    "index": 47
  },
  {
    "name": "Require(38) node_modules/egg-security/app.js",
    "start": 1629269673628,
    "end": 1629269673629,
    "duration": 1,
    "pid": 14384,
    "index": 48
  },
  {
    "name": "Require(39) node_modules/egg-onerror/app.js",
    "start": 1629269673630,
    "end": 1629269673638,
    "duration": 8,
    "pid": 14384,
    "index": 49
  },
  {
    "name": "Require(40) node_modules/egg-i18n/app.js",
    "start": 1629269673638,
    "end": 1629269673655,
    "duration": 17,
    "pid": 14384,
    "index": 50
  },
  {
    "name": "Require(41) node_modules/egg-watcher/app.js",
    "start": 1629269673656,
    "end": 1629269673659,
    "duration": 3,
    "pid": 14384,
    "index": 51
  },
  {
    "name": "Require(42) node_modules/egg-schedule/app.js",
    "start": 1629269673659,
    "end": 1629269673660,
    "duration": 1,
    "pid": 14384,
    "index": 52
  },
  {
    "name": "Require(43) node_modules/egg-multipart/app.js",
    "start": 1629269673661,
    "end": 1629269673661,
    "duration": 0,
    "pid": 14384,
    "index": 53
  },
  {
    "name": "Require(44) node_modules/egg-logrotator/app.js",
    "start": 1629269673661,
    "end": 1629269673662,
    "duration": 1,
    "pid": 14384,
    "index": 54
  },
  {
    "name": "Require(45) node_modules/egg-static/app.js",
    "start": 1629269673662,
    "end": 1629269673662,
    "duration": 0,
    "pid": 14384,
    "index": 55
  },
  {
    "name": "Require(46) node_modules/egg-jwt/app.js",
    "start": 1629269673663,
    "end": 1629269673663,
    "duration": 0,
    "pid": 14384,
    "index": 56
  },
  {
    "name": "Require(47) node_modules/egg-cors/app.js",
    "start": 1629269673663,
    "end": 1629269673664,
    "duration": 1,
    "pid": 14384,
    "index": 57
  },
  {
    "name": "Require(48) node_modules/egg-view-ejs/app.js",
    "start": 1629269673664,
    "end": 1629269673664,
    "duration": 0,
    "pid": 14384,
    "index": 58
  },
  {
    "name": "Require(49) app.js",
    "start": 1629269673665,
    "end": 1629269673666,
    "duration": 1,
    "pid": 14384,
    "index": 59
  },
  {
    "name": "Before Start in node_modules/egg-watcher/lib/init.js:15:14",
    "start": 1629269673677,
    "end": 1629269674900,
    "duration": 1223,
    "pid": 14384,
    "index": 60
  },
  {
    "name": "Did Load in app.js:didLoad",
    "start": 1629269673714,
    "end": 1629269674885,
    "duration": 1171,
    "pid": 14384,
    "index": 61
  },
  {
    "name": "Load Service",
    "start": 1629269673714,
    "end": 1629269673778,
    "duration": 64,
    "pid": 14384,
    "index": 62
  },
  {
    "name": "Load \"service\" to Context",
    "start": 1629269673714,
    "end": 1629269673778,
    "duration": 64,
    "pid": 14384,
    "index": 63
  },
  {
    "name": "Load Middleware",
    "start": 1629269673778,
    "end": 1629269673923,
    "duration": 145,
    "pid": 14384,
    "index": 64
  },
  {
    "name": "Load \"middlewares\" to Application",
    "start": 1629269673779,
    "end": 1629269673900,
    "duration": 121,
    "pid": 14384,
    "index": 65
  },
  {
    "name": "Load Controller",
    "start": 1629269673923,
    "end": 1629269673931,
    "duration": 8,
    "pid": 14384,
    "index": 66
  },
  {
    "name": "Load \"controller\" to Application",
    "start": 1629269673923,
    "end": 1629269673930,
    "duration": 7,
    "pid": 14384,
    "index": 67
  },
  {
    "name": "Load Router",
    "start": 1629269673931,
    "end": 1629269673939,
    "duration": 8,
    "pid": 14384,
    "index": 68
  },
  {
    "name": "Require(50) app/router/index.js",
    "start": 1629269673932,
    "end": 1629269673932,
    "duration": 0,
    "pid": 14384,
    "index": 69
  },
  {
    "name": "Before Start in node_modules/egg-core/lib/egg.js:303:10",
    "start": 1629269673933,
    "end": 1629269674885,
    "duration": 952,
    "pid": 14384,
    "index": 70
  },
  {
    "name": "Will Ready in app.js:willReady",
    "start": 1629269674901,
    "end": 1629269674901,
    "duration": 0,
    "pid": 14384,
    "index": 71
  }
]