[
  {
    "name": "Process Start",
    "start": 1629269297971,
    "end": 1629269298899,
    "duration": 928,
    "pid": 31476,
    "index": 0
  },
  {
    "name": "Application Start",
    "start": 1629269298899,
    "end": 1629269300440,
    "duration": 1541,
    "pid": 31476,
    "index": 1
  },
  {
    "name": "Load Plugin",
    "start": 1629269298906,
    "end": 1629269298926,
    "duration": 20,
    "pid": 31476,
    "index": 2
  },
  {
    "name": "Load Config",
    "start": 1629269298926,
    "end": 1629269298987,
    "duration": 61,
    "pid": 31476,
    "index": 3
  },
  {
    "name": "Require(0) config/config.default.js",
    "start": 1629269298927,
    "end": 1629269298961,
    "duration": 34,
    "pid": 31476,
    "index": 4
  },
  {
    "name": "Require(1) config/config.prod.js",
    "start": 1629269298963,
    "end": 1629269298964,
    "duration": 1,
    "pid": 31476,
    "index": 5
  },
  {
    "name": "Require(2) node_modules/egg-session/config/config.default.js",
    "start": 1629269298965,
    "end": 1629269298965,
    "duration": 0,
    "pid": 31476,
    "index": 6
  },
  {
    "name": "Require(3) node_modules/egg-security/config/config.default.js",
    "start": 1629269298966,
    "end": 1629269298966,
    "duration": 0,
    "pid": 31476,
    "index": 7
  },
  {
    "name": "Require(4) node_modules/egg-jsonp/config/config.default.js",
    "start": 1629269298968,
    "end": 1629269298968,
    "duration": 0,
    "pid": 31476,
    "index": 8
  },
  {
    "name": "Require(5) node_modules/egg-onerror/config/config.default.js",
    "start": 1629269298968,
    "end": 1629269298969,
    "duration": 1,
    "pid": 31476,
    "index": 9
  },
  {
    "name": "Require(6) node_modules/egg-i18n/config/config.default.js",
    "start": 1629269298969,
    "end": 1629269298969,
    "duration": 0,
    "pid": 31476,
    "index": 10
  },
  {
    "name": "Require(7) node_modules/egg-watcher/config/config.default.js",
    "start": 1629269298970,
    "end": 1629269298970,
    "duration": 0,
    "pid": 31476,
    "index": 11
  },
  {
    "name": "Require(8) node_modules/egg-schedule/config/config.default.js",
    "start": 1629269298971,
    "end": 1629269298971,
    "duration": 0,
    "pid": 31476,
    "index": 12
  },
  {
    "name": "Require(9) node_modules/egg-multipart/config/config.default.js",
    "start": 1629269298972,
    "end": 1629269298972,
    "duration": 0,
    "pid": 31476,
    "index": 13
  },
  {
    "name": "Require(10) node_modules/egg-logrotator/config/config.default.js",
    "start": 1629269298972,
    "end": 1629269298973,
    "duration": 1,
    "pid": 31476,
    "index": 14
  },
  {
    "name": "Require(11) node_modules/egg-static/config/config.default.js",
    "start": 1629269298973,
    "end": 1629269298974,
    "duration": 1,
    "pid": 31476,
    "index": 15
  },
  {
    "name": "Require(12) node_modules/egg-view/config/config.default.js",
    "start": 1629269298974,
    "end": 1629269298975,
    "duration": 1,
    "pid": 31476,
    "index": 16
  },
  {
    "name": "Require(13) node_modules/egg-jwt/config/config.default.js",
    "start": 1629269298976,
    "end": 1629269298976,
    "duration": 0,
    "pid": 31476,
    "index": 17
  },
  {
    "name": "Require(14) node_modules/egg-cors/config/config.default.js",
    "start": 1629269298976,
    "end": 1629269298977,
    "duration": 1,
    "pid": 31476,
    "index": 18
  },
  {
    "name": "Require(15) node_modules/egg-view-ejs/config/config.default.js",
    "start": 1629269298977,
    "end": 1629269298978,
    "duration": 1,
    "pid": 31476,
    "index": 19
  },
  {
    "name": "Require(16) node_modules/egg/config/config.default.js",
    "start": 1629269298978,
    "end": 1629269298978,
    "duration": 0,
    "pid": 31476,
    "index": 20
  },
  {
    "name": "Require(17) config/config.default.js",
    "start": 1629269298980,
    "end": 1629269298980,
    "duration": 0,
    "pid": 31476,
    "index": 21
  },
  {
    "name": "Require(18) node_modules/egg-static/config/config.prod.js",
    "start": 1629269298985,
    "end": 1629269298986,
    "duration": 1,
    "pid": 31476,
    "index": 22
  },
  {
    "name": "Require(19) config/config.prod.js",
    "start": 1629269298987,
    "end": 1629269298987,
    "duration": 0,
    "pid": 31476,
    "index": 23
  },
  {
    "name": "Load extend/application.js",
    "start": 1629269298993,
    "end": 1629269299063,
    "duration": 70,
    "pid": 31476,
    "index": 24
  },
  {
    "name": "Require(20) node_modules/egg-session/app/extend/application.js",
    "start": 1629269298994,
    "end": 1629269298994,
    "duration": 0,
    "pid": 31476,
    "index": 25
  },
  {
    "name": "Require(21) node_modules/egg-security/app/extend/application.js",
    "start": 1629269298995,
    "end": 1629269298996,
    "duration": 1,
    "pid": 31476,
    "index": 26
  },
  {
    "name": "Require(22) node_modules/egg-jsonp/app/extend/application.js",
    "start": 1629269298998,
    "end": 1629269299000,
    "duration": 2,
    "pid": 31476,
    "index": 27
  },
  {
    "name": "Require(23) node_modules/egg-logrotator/app/extend/application.js",
    "start": 1629269299004,
    "end": 1629269299006,
    "duration": 2,
    "pid": 31476,
    "index": 28
  },
  {
    "name": "Require(24) node_modules/egg-view/app/extend/application.js",
    "start": 1629269299007,
    "end": 1629269299008,
    "duration": 1,
    "pid": 31476,
    "index": 29
  },
  {
    "name": "Require(25) node_modules/egg-jwt/app/extend/application.js",
    "start": 1629269299009,
    "end": 1629269299056,
    "duration": 47,
    "pid": 31476,
    "index": 30
  },
  {
    "name": "Load extend/request.js",
    "start": 1629269299063,
    "end": 1629269299078,
    "duration": 15,
    "pid": 31476,
    "index": 31
  },
  {
    "name": "Require(26) node_modules/egg/app/extend/request.js",
    "start": 1629269299070,
    "end": 1629269299071,
    "duration": 1,
    "pid": 31476,
    "index": 32
  },
  {
    "name": "Load extend/response.js",
    "start": 1629269299079,
    "end": 1629269299095,
    "duration": 16,
    "pid": 31476,
    "index": 33
  },
  {
    "name": "Require(27) node_modules/egg/app/extend/response.js",
    "start": 1629269299086,
    "end": 1629269299088,
    "duration": 2,
    "pid": 31476,
    "index": 34
  },
  {
    "name": "Load extend/context.js",
    "start": 1629269299095,
    "end": 1629269299165,
    "duration": 70,
    "pid": 31476,
    "index": 35
  },
  {
    "name": "Require(28) node_modules/egg-security/app/extend/context.js",
    "start": 1629269299096,
    "end": 1629269299110,
    "duration": 14,
    "pid": 31476,
    "index": 36
  },
  {
    "name": "Require(29) node_modules/egg-jsonp/app/extend/context.js",
    "start": 1629269299110,
    "end": 1629269299112,
    "duration": 2,
    "pid": 31476,
    "index": 37
  },
  {
    "name": "Require(30) node_modules/egg-i18n/app/extend/context.js",
    "start": 1629269299112,
    "end": 1629269299113,
    "duration": 1,
    "pid": 31476,
    "index": 38
  },
  {
    "name": "Require(31) node_modules/egg-multipart/app/extend/context.js",
    "start": 1629269299114,
    "end": 1629269299155,
    "duration": 41,
    "pid": 31476,
    "index": 39
  },
  {
    "name": "Require(32) node_modules/egg-view/app/extend/context.js",
    "start": 1629269299156,
    "end": 1629269299157,
    "duration": 1,
    "pid": 31476,
    "index": 40
  },
  {
    "name": "Require(33) node_modules/egg/app/extend/context.js",
    "start": 1629269299158,
    "end": 1629269299159,
    "duration": 1,
    "pid": 31476,
    "index": 41
  },
  {
    "name": "Require(34) app/extend/context.js",
    "start": 1629269299159,
    "end": 1629269299160,
    "duration": 1,
    "pid": 31476,
    "index": 42
  },
  {
    "name": "Load extend/helper.js",
    "start": 1629269299165,
    "end": 1629269299195,
    "duration": 30,
    "pid": 31476,
    "index": 43
  },
  {
    "name": "Require(35) node_modules/egg-security/app/extend/helper.js",
    "start": 1629269299166,
    "end": 1629269299186,
    "duration": 20,
    "pid": 31476,
    "index": 44
  },
  {
    "name": "Require(36) node_modules/egg/app/extend/helper.js",
    "start": 1629269299190,
    "end": 1629269299190,
    "duration": 0,
    "pid": 31476,
    "index": 45
  },
  {
    "name": "Load app.js",
    "start": 1629269299195,
    "end": 1629269299237,
    "duration": 42,
    "pid": 31476,
    "index": 46
  },
  {
    "name": "Require(37) node_modules/egg-session/app.js",
    "start": 1629269299196,
    "end": 1629269299196,
    "duration": 0,
    "pid": 31476,
    "index": 47
  },
  {
    "name": "Require(38) node_modules/egg-security/app.js",
    "start": 1629269299196,
    "end": 1629269299199,
    "duration": 3,
    "pid": 31476,
    "index": 48
  },
  {
    "name": "Require(39) node_modules/egg-onerror/app.js",
    "start": 1629269299200,
    "end": 1629269299207,
    "duration": 7,
    "pid": 31476,
    "index": 49
  },
  {
    "name": "Require(40) node_modules/egg-i18n/app.js",
    "start": 1629269299207,
    "end": 1629269299225,
    "duration": 18,
    "pid": 31476,
    "index": 50
  },
  {
    "name": "Require(41) node_modules/egg-watcher/app.js",
    "start": 1629269299225,
    "end": 1629269299229,
    "duration": 4,
    "pid": 31476,
    "index": 51
  },
  {
    "name": "Require(42) node_modules/egg-schedule/app.js",
    "start": 1629269299230,
    "end": 1629269299231,
    "duration": 1,
    "pid": 31476,
    "index": 52
  },
  {
    "name": "Require(43) node_modules/egg-multipart/app.js",
    "start": 1629269299232,
    "end": 1629269299232,
    "duration": 0,
    "pid": 31476,
    "index": 53
  },
  {
    "name": "Require(44) node_modules/egg-logrotator/app.js",
    "start": 1629269299232,
    "end": 1629269299233,
    "duration": 1,
    "pid": 31476,
    "index": 54
  },
  {
    "name": "Require(45) node_modules/egg-static/app.js",
    "start": 1629269299233,
    "end": 1629269299233,
    "duration": 0,
    "pid": 31476,
    "index": 55
  },
  {
    "name": "Require(46) node_modules/egg-jwt/app.js",
    "start": 1629269299234,
    "end": 1629269299234,
    "duration": 0,
    "pid": 31476,
    "index": 56
  },
  {
    "name": "Require(47) node_modules/egg-cors/app.js",
    "start": 1629269299235,
    "end": 1629269299235,
    "duration": 0,
    "pid": 31476,
    "index": 57
  },
  {
    "name": "Require(48) node_modules/egg-view-ejs/app.js",
    "start": 1629269299235,
    "end": 1629269299235,
    "duration": 0,
    "pid": 31476,
    "index": 58
  },
  {
    "name": "Require(49) app.js",
    "start": 1629269299236,
    "end": 1629269299237,
    "duration": 1,
    "pid": 31476,
    "index": 59
  },
  {
    "name": "Before Start in node_modules/egg-watcher/lib/init.js:15:14",
    "start": 1629269299247,
    "end": 1629269300438,
    "duration": 1191,
    "pid": 31476,
    "index": 60
  },
  {
    "name": "Did Load in app.js:didLoad",
    "start": 1629269299284,
    "end": 1629269300427,
    "duration": 1143,
    "pid": 31476,
    "index": 61
  },
  {
    "name": "Load Service",
    "start": 1629269299284,
    "end": 1629269299344,
    "duration": 60,
    "pid": 31476,
    "index": 62
  },
  {
    "name": "Load \"service\" to Context",
    "start": 1629269299284,
    "end": 1629269299344,
    "duration": 60,
    "pid": 31476,
    "index": 63
  },
  {
    "name": "Load Middleware",
    "start": 1629269299344,
    "end": 1629269299483,
    "duration": 139,
    "pid": 31476,
    "index": 64
  },
  {
    "name": "Load \"middlewares\" to Application",
    "start": 1629269299344,
    "end": 1629269299459,
    "duration": 115,
    "pid": 31476,
    "index": 65
  },
  {
    "name": "Load Controller",
    "start": 1629269299483,
    "end": 1629269299489,
    "duration": 6,
    "pid": 31476,
    "index": 66
  },
  {
    "name": "Load \"controller\" to Application",
    "start": 1629269299483,
    "end": 1629269299488,
    "duration": 5,
    "pid": 31476,
    "index": 67
  },
  {
    "name": "Load Router",
    "start": 1629269299489,
    "end": 1629269299494,
    "duration": 5,
    "pid": 31476,
    "index": 68
  },
  {
    "name": "Require(50) app/router/index.js",
    "start": 1629269299490,
    "end": 1629269299490,
    "duration": 0,
    "pid": 31476,
    "index": 69
  },
  {
    "name": "Before Start in node_modules/egg-core/lib/egg.js:303:10",
    "start": 1629269299490,
    "end": 1629269300427,
    "duration": 937,
    "pid": 31476,
    "index": 70
  },
  {
    "name": "Will Ready in app.js:willReady",
    "start": 1629269300439,
    "end": 1629269300439,
    "duration": 0,
    "pid": 31476,
    "index": 71
  }
]