[
  {
    "name": "Process Start",
    "start": 1627611297769,
    "end": 1627611298727,
    "duration": 958,
    "pid": 5996,
    "index": 0
  },
  {
    "name": "Application Start",
    "start": 1627611298728,
    "end": 1627611300591,
    "duration": 1863,
    "pid": 5996,
    "index": 1
  },
  {
    "name": "Load Plugin",
    "start": 1627611298734,
    "end": 1627611298763,
    "duration": 29,
    "pid": 5996,
    "index": 2
  },
  {
    "name": "Load Config",
    "start": 1627611298763,
    "end": 1627611298850,
    "duration": 87,
    "pid": 5996,
    "index": 3
  },
  {
    "name": "Require(0) config/config.default.js",
    "start": 1627611298764,
    "end": 1627611298813,
    "duration": 49,
    "pid": 5996,
    "index": 4
  },
  {
    "name": "Require(1) config/config.prod.js",
    "start": 1627611298815,
    "end": 1627611298816,
    "duration": 1,
    "pid": 5996,
    "index": 5
  },
  {
    "name": "Require(2) node_modules/egg-session/config/config.default.js",
    "start": 1627611298817,
    "end": 1627611298817,
    "duration": 0,
    "pid": 5996,
    "index": 6
  },
  {
    "name": "Require(3) node_modules/egg-security/config/config.default.js",
    "start": 1627611298818,
    "end": 1627611298818,
    "duration": 0,
    "pid": 5996,
    "index": 7
  },
  {
    "name": "Require(4) node_modules/egg-jsonp/config/config.default.js",
    "start": 1627611298820,
    "end": 1627611298820,
    "duration": 0,
    "pid": 5996,
    "index": 8
  },
  {
    "name": "Require(5) node_modules/egg-onerror/config/config.default.js",
    "start": 1627611298821,
    "end": 1627611298821,
    "duration": 0,
    "pid": 5996,
    "index": 9
  },
  {
    "name": "Require(6) node_modules/egg-i18n/config/config.default.js",
    "start": 1627611298822,
    "end": 1627611298822,
    "duration": 0,
    "pid": 5996,
    "index": 10
  },
  {
    "name": "Require(7) node_modules/egg-watcher/config/config.default.js",
    "start": 1627611298823,
    "end": 1627611298824,
    "duration": 1,
    "pid": 5996,
    "index": 11
  },
  {
    "name": "Require(8) node_modules/egg-schedule/config/config.default.js",
    "start": 1627611298825,
    "end": 1627611298825,
    "duration": 0,
    "pid": 5996,
    "index": 12
  },
  {
    "name": "Require(9) node_modules/egg-multipart/config/config.default.js",
    "start": 1627611298826,
    "end": 1627611298826,
    "duration": 0,
    "pid": 5996,
    "index": 13
  },
  {
    "name": "Require(10) node_modules/egg-logrotator/config/config.default.js",
    "start": 1627611298827,
    "end": 1627611298827,
    "duration": 0,
    "pid": 5996,
    "index": 14
  },
  {
    "name": "Require(11) node_modules/egg-static/config/config.default.js",
    "start": 1627611298828,
    "end": 1627611298828,
    "duration": 0,
    "pid": 5996,
    "index": 15
  },
  {
    "name": "Require(12) node_modules/egg-view/config/config.default.js",
    "start": 1627611298829,
    "end": 1627611298830,
    "duration": 1,
    "pid": 5996,
    "index": 16
  },
  {
    "name": "Require(13) node_modules/egg-jwt/config/config.default.js",
    "start": 1627611298830,
    "end": 1627611298831,
    "duration": 1,
    "pid": 5996,
    "index": 17
  },
  {
    "name": "Require(14) node_modules/egg-cors/config/config.default.js",
    "start": 1627611298831,
    "end": 1627611298832,
    "duration": 1,
    "pid": 5996,
    "index": 18
  },
  {
    "name": "Require(15) node_modules/egg-view-ejs/config/config.default.js",
    "start": 1627611298832,
    "end": 1627611298833,
    "duration": 1,
    "pid": 5996,
    "index": 19
  },
  {
    "name": "Require(16) node_modules/egg/config/config.default.js",
    "start": 1627611298834,
    "end": 1627611298835,
    "duration": 1,
    "pid": 5996,
    "index": 20
  },
  {
    "name": "Require(17) config/config.default.js",
    "start": 1627611298838,
    "end": 1627611298838,
    "duration": 0,
    "pid": 5996,
    "index": 21
  },
  {
    "name": "Require(18) node_modules/egg-static/config/config.prod.js",
    "start": 1627611298847,
    "end": 1627611298847,
    "duration": 0,
    "pid": 5996,
    "index": 22
  },
  {
    "name": "Require(19) config/config.prod.js",
    "start": 1627611298849,
    "end": 1627611298850,
    "duration": 1,
    "pid": 5996,
    "index": 23
  },
  {
    "name": "Load extend/application.js",
    "start": 1627611298858,
    "end": 1627611298948,
    "duration": 90,
    "pid": 5996,
    "index": 24
  },
  {
    "name": "Require(20) node_modules/egg-session/app/extend/application.js",
    "start": 1627611298859,
    "end": 1627611298860,
    "duration": 1,
    "pid": 5996,
    "index": 25
  },
  {
    "name": "Require(21) node_modules/egg-security/app/extend/application.js",
    "start": 1627611298861,
    "end": 1627611298863,
    "duration": 2,
    "pid": 5996,
    "index": 26
  },
  {
    "name": "Require(22) node_modules/egg-jsonp/app/extend/application.js",
    "start": 1627611298864,
    "end": 1627611298865,
    "duration": 1,
    "pid": 5996,
    "index": 27
  },
  {
    "name": "Require(23) node_modules/egg-logrotator/app/extend/application.js",
    "start": 1627611298870,
    "end": 1627611298873,
    "duration": 3,
    "pid": 5996,
    "index": 28
  },
  {
    "name": "Require(24) node_modules/egg-view/app/extend/application.js",
    "start": 1627611298874,
    "end": 1627611298876,
    "duration": 2,
    "pid": 5996,
    "index": 29
  },
  {
    "name": "Require(25) node_modules/egg-jwt/app/extend/application.js",
    "start": 1627611298876,
    "end": 1627611298939,
    "duration": 63,
    "pid": 5996,
    "index": 30
  },
  {
    "name": "Load extend/request.js",
    "start": 1627611298948,
    "end": 1627611298970,
    "duration": 22,
    "pid": 5996,
    "index": 31
  },
  {
    "name": "Require(26) node_modules/egg/app/extend/request.js",
    "start": 1627611298955,
    "end": 1627611298956,
    "duration": 1,
    "pid": 5996,
    "index": 32
  },
  {
    "name": "Load extend/response.js",
    "start": 1627611298970,
    "end": 1627611298988,
    "duration": 18,
    "pid": 5996,
    "index": 33
  },
  {
    "name": "Require(27) node_modules/egg/app/extend/response.js",
    "start": 1627611298978,
    "end": 1627611298981,
    "duration": 3,
    "pid": 5996,
    "index": 34
  },
  {
    "name": "Load extend/context.js",
    "start": 1627611298989,
    "end": 1627611299073,
    "duration": 84,
    "pid": 5996,
    "index": 35
  },
  {
    "name": "Require(28) node_modules/egg-security/app/extend/context.js",
    "start": 1627611298990,
    "end": 1627611299005,
    "duration": 15,
    "pid": 5996,
    "index": 36
  },
  {
    "name": "Require(29) node_modules/egg-jsonp/app/extend/context.js",
    "start": 1627611299005,
    "end": 1627611299007,
    "duration": 2,
    "pid": 5996,
    "index": 37
  },
  {
    "name": "Require(30) node_modules/egg-i18n/app/extend/context.js",
    "start": 1627611299008,
    "end": 1627611299009,
    "duration": 1,
    "pid": 5996,
    "index": 38
  },
  {
    "name": "Require(31) node_modules/egg-multipart/app/extend/context.js",
    "start": 1627611299010,
    "end": 1627611299059,
    "duration": 49,
    "pid": 5996,
    "index": 39
  },
  {
    "name": "Require(32) node_modules/egg-view/app/extend/context.js",
    "start": 1627611299061,
    "end": 1627611299062,
    "duration": 1,
    "pid": 5996,
    "index": 40
  },
  {
    "name": "Require(33) node_modules/egg/app/extend/context.js",
    "start": 1627611299064,
    "end": 1627611299065,
    "duration": 1,
    "pid": 5996,
    "index": 41
  },
  {
    "name": "Require(34) app/extend/context.js",
    "start": 1627611299065,
    "end": 1627611299066,
    "duration": 1,
    "pid": 5996,
    "index": 42
  },
  {
    "name": "Load extend/helper.js",
    "start": 1627611299073,
    "end": 1627611299118,
    "duration": 45,
    "pid": 5996,
    "index": 43
  },
  {
    "name": "Require(35) node_modules/egg-security/app/extend/helper.js",
    "start": 1627611299075,
    "end": 1627611299101,
    "duration": 26,
    "pid": 5996,
    "index": 44
  },
  {
    "name": "Require(36) node_modules/egg/app/extend/helper.js",
    "start": 1627611299108,
    "end": 1627611299109,
    "duration": 1,
    "pid": 5996,
    "index": 45
  },
  {
    "name": "Load app.js",
    "start": 1627611299119,
    "end": 1627611299177,
    "duration": 58,
    "pid": 5996,
    "index": 46
  },
  {
    "name": "Require(37) node_modules/egg-session/app.js",
    "start": 1627611299120,
    "end": 1627611299120,
    "duration": 0,
    "pid": 5996,
    "index": 47
  },
  {
    "name": "Require(38) node_modules/egg-security/app.js",
    "start": 1627611299121,
    "end": 1627611299123,
    "duration": 2,
    "pid": 5996,
    "index": 48
  },
  {
    "name": "Require(39) node_modules/egg-onerror/app.js",
    "start": 1627611299124,
    "end": 1627611299135,
    "duration": 11,
    "pid": 5996,
    "index": 49
  },
  {
    "name": "Require(40) node_modules/egg-i18n/app.js",
    "start": 1627611299137,
    "end": 1627611299161,
    "duration": 24,
    "pid": 5996,
    "index": 50
  },
  {
    "name": "Require(41) node_modules/egg-watcher/app.js",
    "start": 1627611299161,
    "end": 1627611299166,
    "duration": 5,
    "pid": 5996,
    "index": 51
  },
  {
    "name": "Require(42) node_modules/egg-schedule/app.js",
    "start": 1627611299166,
    "end": 1627611299168,
    "duration": 2,
    "pid": 5996,
    "index": 52
  },
  {
    "name": "Require(43) node_modules/egg-multipart/app.js",
    "start": 1627611299169,
    "end": 1627611299170,
    "duration": 1,
    "pid": 5996,
    "index": 53
  },
  {
    "name": "Require(44) node_modules/egg-logrotator/app.js",
    "start": 1627611299170,
    "end": 1627611299170,
    "duration": 0,
    "pid": 5996,
    "index": 54
  },
  {
    "name": "Require(45) node_modules/egg-static/app.js",
    "start": 1627611299171,
    "end": 1627611299171,
    "duration": 0,
    "pid": 5996,
    "index": 55
  },
  {
    "name": "Require(46) node_modules/egg-jwt/app.js",
    "start": 1627611299173,
    "end": 1627611299173,
    "duration": 0,
    "pid": 5996,
    "index": 56
  },
  {
    "name": "Require(47) node_modules/egg-cors/app.js",
    "start": 1627611299173,
    "end": 1627611299174,
    "duration": 1,
    "pid": 5996,
    "index": 57
  },
  {
    "name": "Require(48) node_modules/egg-view-ejs/app.js",
    "start": 1627611299174,
    "end": 1627611299174,
    "duration": 0,
    "pid": 5996,
    "index": 58
  },
  {
    "name": "Require(49) app.js",
    "start": 1627611299176,
    "end": 1627611299177,
    "duration": 1,
    "pid": 5996,
    "index": 59
  },
  {
    "name": "Before Start in node_modules/egg-watcher/lib/init.js:15:14",
    "start": 1627611299191,
    "end": 1627611300586,
    "duration": 1395,
    "pid": 5996,
    "index": 60
  },
  {
    "name": "Did Load in app.js:didLoad",
    "start": 1627611299248,
    "end": 1627611300534,
    "duration": 1286,
    "pid": 5996,
    "index": 61
  },
  {
    "name": "Load Service",
    "start": 1627611299249,
    "end": 1627611299349,
    "duration": 100,
    "pid": 5996,
    "index": 62
  },
  {
    "name": "Load \"service\" to Context",
    "start": 1627611299249,
    "end": 1627611299349,
    "duration": 100,
    "pid": 5996,
    "index": 63
  },
  {
    "name": "Load Middleware",
    "start": 1627611299349,
    "end": 1627611299559,
    "duration": 210,
    "pid": 5996,
    "index": 64
  },
  {
    "name": "Load \"middlewares\" to Application",
    "start": 1627611299349,
    "end": 1627611299527,
    "duration": 178,
    "pid": 5996,
    "index": 65
  },
  {
    "name": "Load Controller",
    "start": 1627611299560,
    "end": 1627611299570,
    "duration": 10,
    "pid": 5996,
    "index": 66
  },
  {
    "name": "Load \"controller\" to Application",
    "start": 1627611299560,
    "end": 1627611299570,
    "duration": 10,
    "pid": 5996,
    "index": 67
  },
  {
    "name": "Load Router",
    "start": 1627611299570,
    "end": 1627611299578,
    "duration": 8,
    "pid": 5996,
    "index": 68
  },
  {
    "name": "Require(50) app/router/index.js",
    "start": 1627611299572,
    "end": 1627611299573,
    "duration": 1,
    "pid": 5996,
    "index": 69
  },
  {
    "name": "Before Start in node_modules/egg-core/lib/egg.js:303:10",
    "start": 1627611299574,
    "end": 1627611300534,
    "duration": 960,
    "pid": 5996,
    "index": 70
  },
  {
    "name": "Will Ready in app.js:willReady",
    "start": 1627611300589,
    "end": 1627611300589,
    "duration": 0,
    "pid": 5996,
    "index": 71
  }
]