[
  {
    "name": "Process Start",
    "start": 1629269978902,
    "end": 1629269979772,
    "duration": 870,
    "pid": 28732,
    "index": 0
  },
  {
    "name": "Application Start",
    "start": 1629269979772,
    "end": 1629269981307,
    "duration": 1535,
    "pid": 28732,
    "index": 1
  },
  {
    "name": "Load Plugin",
    "start": 1629269979779,
    "end": 1629269979799,
    "duration": 20,
    "pid": 28732,
    "index": 2
  },
  {
    "name": "Load Config",
    "start": 1629269979799,
    "end": 1629269979857,
    "duration": 58,
    "pid": 28732,
    "index": 3
  },
  {
    "name": "Require(0) config/config.default.js",
    "start": 1629269979800,
    "end": 1629269979834,
    "duration": 34,
    "pid": 28732,
    "index": 4
  },
  {
    "name": "Require(1) config/config.prod.js",
    "start": 1629269979836,
    "end": 1629269979836,
    "duration": 0,
    "pid": 28732,
    "index": 5
  },
  {
    "name": "Require(2) node_modules/egg-session/config/config.default.js",
    "start": 1629269979837,
    "end": 1629269979837,
    "duration": 0,
    "pid": 28732,
    "index": 6
  },
  {
    "name": "Require(3) node_modules/egg-security/config/config.default.js",
    "start": 1629269979838,
    "end": 1629269979838,
    "duration": 0,
    "pid": 28732,
    "index": 7
  },
  {
    "name": "Require(4) node_modules/egg-jsonp/config/config.default.js",
    "start": 1629269979839,
    "end": 1629269979839,
    "duration": 0,
    "pid": 28732,
    "index": 8
  },
  {
    "name": "Require(5) node_modules/egg-onerror/config/config.default.js",
    "start": 1629269979840,
    "end": 1629269979840,
    "duration": 0,
    "pid": 28732,
    "index": 9
  },
  {
    "name": "Require(6) node_modules/egg-i18n/config/config.default.js",
    "start": 1629269979840,
    "end": 1629269979841,
    "duration": 1,
    "pid": 28732,
    "index": 10
  },
  {
    "name": "Require(7) node_modules/egg-watcher/config/config.default.js",
    "start": 1629269979841,
    "end": 1629269979841,
    "duration": 0,
    "pid": 28732,
    "index": 11
  },
  {
    "name": "Require(8) node_modules/egg-schedule/config/config.default.js",
    "start": 1629269979842,
    "end": 1629269979842,
    "duration": 0,
    "pid": 28732,
    "index": 12
  },
  {
    "name": "Require(9) node_modules/egg-multipart/config/config.default.js",
    "start": 1629269979843,
    "end": 1629269979843,
    "duration": 0,
    "pid": 28732,
    "index": 13
  },
  {
    "name": "Require(10) node_modules/egg-logrotator/config/config.default.js",
    "start": 1629269979844,
    "end": 1629269979844,
    "duration": 0,
    "pid": 28732,
    "index": 14
  },
  {
    "name": "Require(11) node_modules/egg-static/config/config.default.js",
    "start": 1629269979845,
    "end": 1629269979845,
    "duration": 0,
    "pid": 28732,
    "index": 15
  },
  {
    "name": "Require(12) node_modules/egg-view/config/config.default.js",
    "start": 1629269979846,
    "end": 1629269979846,
    "duration": 0,
    "pid": 28732,
    "index": 16
  },
  {
    "name": "Require(13) node_modules/egg-jwt/config/config.default.js",
    "start": 1629269979847,
    "end": 1629269979847,
    "duration": 0,
    "pid": 28732,
    "index": 17
  },
  {
    "name": "Require(14) node_modules/egg-cors/config/config.default.js",
    "start": 1629269979848,
    "end": 1629269979848,
    "duration": 0,
    "pid": 28732,
    "index": 18
  },
  {
    "name": "Require(15) node_modules/egg-view-ejs/config/config.default.js",
    "start": 1629269979848,
    "end": 1629269979849,
    "duration": 1,
    "pid": 28732,
    "index": 19
  },
  {
    "name": "Require(16) node_modules/egg/config/config.default.js",
    "start": 1629269979849,
    "end": 1629269979849,
    "duration": 0,
    "pid": 28732,
    "index": 20
  },
  {
    "name": "Require(17) config/config.default.js",
    "start": 1629269979851,
    "end": 1629269979851,
    "duration": 0,
    "pid": 28732,
    "index": 21
  },
  {
    "name": "Require(18) node_modules/egg-static/config/config.prod.js",
    "start": 1629269979855,
    "end": 1629269979855,
    "duration": 0,
    "pid": 28732,
    "index": 22
  },
  {
    "name": "Require(19) config/config.prod.js",
    "start": 1629269979857,
    "end": 1629269979857,
    "duration": 0,
    "pid": 28732,
    "index": 23
  },
  {
    "name": "Load extend/application.js",
    "start": 1629269979863,
    "end": 1629269979935,
    "duration": 72,
    "pid": 28732,
    "index": 24
  },
  {
    "name": "Require(20) node_modules/egg-session/app/extend/application.js",
    "start": 1629269979864,
    "end": 1629269979865,
    "duration": 1,
    "pid": 28732,
    "index": 25
  },
  {
    "name": "Require(21) node_modules/egg-security/app/extend/application.js",
    "start": 1629269979867,
    "end": 1629269979870,
    "duration": 3,
    "pid": 28732,
    "index": 26
  },
  {
    "name": "Require(22) node_modules/egg-jsonp/app/extend/application.js",
    "start": 1629269979871,
    "end": 1629269979874,
    "duration": 3,
    "pid": 28732,
    "index": 27
  },
  {
    "name": "Require(23) node_modules/egg-logrotator/app/extend/application.js",
    "start": 1629269979877,
    "end": 1629269979879,
    "duration": 2,
    "pid": 28732,
    "index": 28
  },
  {
    "name": "Require(24) node_modules/egg-view/app/extend/application.js",
    "start": 1629269979880,
    "end": 1629269979883,
    "duration": 3,
    "pid": 28732,
    "index": 29
  },
  {
    "name": "Require(25) node_modules/egg-jwt/app/extend/application.js",
    "start": 1629269979884,
    "end": 1629269979929,
    "duration": 45,
    "pid": 28732,
    "index": 30
  },
  {
    "name": "Load extend/request.js",
    "start": 1629269979935,
    "end": 1629269979948,
    "duration": 13,
    "pid": 28732,
    "index": 31
  },
  {
    "name": "Require(26) node_modules/egg/app/extend/request.js",
    "start": 1629269979940,
    "end": 1629269979942,
    "duration": 2,
    "pid": 28732,
    "index": 32
  },
  {
    "name": "Load extend/response.js",
    "start": 1629269979948,
    "end": 1629269979960,
    "duration": 12,
    "pid": 28732,
    "index": 33
  },
  {
    "name": "Require(27) node_modules/egg/app/extend/response.js",
    "start": 1629269979953,
    "end": 1629269979955,
    "duration": 2,
    "pid": 28732,
    "index": 34
  },
  {
    "name": "Load extend/context.js",
    "start": 1629269979960,
    "end": 1629269980025,
    "duration": 65,
    "pid": 28732,
    "index": 35
  },
  {
    "name": "Require(28) node_modules/egg-security/app/extend/context.js",
    "start": 1629269979961,
    "end": 1629269979973,
    "duration": 12,
    "pid": 28732,
    "index": 36
  },
  {
    "name": "Require(29) node_modules/egg-jsonp/app/extend/context.js",
    "start": 1629269979973,
    "end": 1629269979975,
    "duration": 2,
    "pid": 28732,
    "index": 37
  },
  {
    "name": "Require(30) node_modules/egg-i18n/app/extend/context.js",
    "start": 1629269979975,
    "end": 1629269979976,
    "duration": 1,
    "pid": 28732,
    "index": 38
  },
  {
    "name": "Require(31) node_modules/egg-multipart/app/extend/context.js",
    "start": 1629269979977,
    "end": 1629269980016,
    "duration": 39,
    "pid": 28732,
    "index": 39
  },
  {
    "name": "Require(32) node_modules/egg-view/app/extend/context.js",
    "start": 1629269980017,
    "end": 1629269980018,
    "duration": 1,
    "pid": 28732,
    "index": 40
  },
  {
    "name": "Require(33) node_modules/egg/app/extend/context.js",
    "start": 1629269980019,
    "end": 1629269980020,
    "duration": 1,
    "pid": 28732,
    "index": 41
  },
  {
    "name": "Require(34) app/extend/context.js",
    "start": 1629269980020,
    "end": 1629269980020,
    "duration": 0,
    "pid": 28732,
    "index": 42
  },
  {
    "name": "Load extend/helper.js",
    "start": 1629269980025,
    "end": 1629269980052,
    "duration": 27,
    "pid": 28732,
    "index": 43
  },
  {
    "name": "Require(35) node_modules/egg-security/app/extend/helper.js",
    "start": 1629269980025,
    "end": 1629269980042,
    "duration": 17,
    "pid": 28732,
    "index": 44
  },
  {
    "name": "Require(36) node_modules/egg/app/extend/helper.js",
    "start": 1629269980047,
    "end": 1629269980047,
    "duration": 0,
    "pid": 28732,
    "index": 45
  },
  {
    "name": "Load app.js",
    "start": 1629269980053,
    "end": 1629269980093,
    "duration": 40,
    "pid": 28732,
    "index": 46
  },
  {
    "name": "Require(37) node_modules/egg-session/app.js",
    "start": 1629269980053,
    "end": 1629269980053,
    "duration": 0,
    "pid": 28732,
    "index": 47
  },
  {
    "name": "Require(38) node_modules/egg-security/app.js",
    "start": 1629269980054,
    "end": 1629269980055,
    "duration": 1,
    "pid": 28732,
    "index": 48
  },
  {
    "name": "Require(39) node_modules/egg-onerror/app.js",
    "start": 1629269980056,
    "end": 1629269980063,
    "duration": 7,
    "pid": 28732,
    "index": 49
  },
  {
    "name": "Require(40) node_modules/egg-i18n/app.js",
    "start": 1629269980064,
    "end": 1629269980080,
    "duration": 16,
    "pid": 28732,
    "index": 50
  },
  {
    "name": "Require(41) node_modules/egg-watcher/app.js",
    "start": 1629269980081,
    "end": 1629269980085,
    "duration": 4,
    "pid": 28732,
    "index": 51
  },
  {
    "name": "Require(42) node_modules/egg-schedule/app.js",
    "start": 1629269980085,
    "end": 1629269980086,
    "duration": 1,
    "pid": 28732,
    "index": 52
  },
  {
    "name": "Require(43) node_modules/egg-multipart/app.js",
    "start": 1629269980087,
    "end": 1629269980087,
    "duration": 0,
    "pid": 28732,
    "index": 53
  },
  {
    "name": "Require(44) node_modules/egg-logrotator/app.js",
    "start": 1629269980087,
    "end": 1629269980087,
    "duration": 0,
    "pid": 28732,
    "index": 54
  },
  {
    "name": "Require(45) node_modules/egg-static/app.js",
    "start": 1629269980088,
    "end": 1629269980088,
    "duration": 0,
    "pid": 28732,
    "index": 55
  },
  {
    "name": "Require(46) node_modules/egg-jwt/app.js",
    "start": 1629269980089,
    "end": 1629269980089,
    "duration": 0,
    "pid": 28732,
    "index": 56
  },
  {
    "name": "Require(47) node_modules/egg-cors/app.js",
    "start": 1629269980089,
    "end": 1629269980090,
    "duration": 1,
    "pid": 28732,
    "index": 57
  },
  {
    "name": "Require(48) node_modules/egg-view-ejs/app.js",
    "start": 1629269980090,
    "end": 1629269980091,
    "duration": 1,
    "pid": 28732,
    "index": 58
  },
  {
    "name": "Require(49) app.js",
    "start": 1629269980092,
    "end": 1629269980093,
    "duration": 1,
    "pid": 28732,
    "index": 59
  },
  {
    "name": "Before Start in node_modules/egg-watcher/lib/init.js:15:14",
    "start": 1629269980103,
    "end": 1629269981305,
    "duration": 1202,
    "pid": 28732,
    "index": 60
  },
  {
    "name": "Did Load in app.js:didLoad",
    "start": 1629269980137,
    "end": 1629269981294,
    "duration": 1157,
    "pid": 28732,
    "index": 61
  },
  {
    "name": "Load Service",
    "start": 1629269980137,
    "end": 1629269980195,
    "duration": 58,
    "pid": 28732,
    "index": 62
  },
  {
    "name": "Load \"service\" to Context",
    "start": 1629269980137,
    "end": 1629269980195,
    "duration": 58,
    "pid": 28732,
    "index": 63
  },
  {
    "name": "Load Middleware",
    "start": 1629269980195,
    "end": 1629269980342,
    "duration": 147,
    "pid": 28732,
    "index": 64
  },
  {
    "name": "Load \"middlewares\" to Application",
    "start": 1629269980196,
    "end": 1629269980318,
    "duration": 122,
    "pid": 28732,
    "index": 65
  },
  {
    "name": "Load Controller",
    "start": 1629269980342,
    "end": 1629269980351,
    "duration": 9,
    "pid": 28732,
    "index": 66
  },
  {
    "name": "Load \"controller\" to Application",
    "start": 1629269980342,
    "end": 1629269980349,
    "duration": 7,
    "pid": 28732,
    "index": 67
  },
  {
    "name": "Load Router",
    "start": 1629269980351,
    "end": 1629269980358,
    "duration": 7,
    "pid": 28732,
    "index": 68
  },
  {
    "name": "Require(50) app/router/index.js",
    "start": 1629269980354,
    "end": 1629269980355,
    "duration": 1,
    "pid": 28732,
    "index": 69
  },
  {
    "name": "Before Start in node_modules/egg-core/lib/egg.js:303:10",
    "start": 1629269980355,
    "end": 1629269981294,
    "duration": 939,
    "pid": 28732,
    "index": 70
  },
  {
    "name": "Will Ready in app.js:willReady",
    "start": 1629269981306,
    "end": 1629269981306,
    "duration": 0,
    "pid": 28732,
    "index": 71
  }
]