[
  {
    "name": "Process Start",
    "start": 1629271505773,
    "end": 1629271506663,
    "duration": 890,
    "pid": 2500,
    "index": 0
  },
  {
    "name": "Application Start",
    "start": 1629271506664,
    "end": 1629271508254,
    "duration": 1590,
    "pid": 2500,
    "index": 1
  },
  {
    "name": "Load Plugin",
    "start": 1629271506672,
    "end": 1629271506693,
    "duration": 21,
    "pid": 2500,
    "index": 2
  },
  {
    "name": "Load Config",
    "start": 1629271506693,
    "end": 1629271506760,
    "duration": 67,
    "pid": 2500,
    "index": 3
  },
  {
    "name": "Require(0) config/config.default.js",
    "start": 1629271506694,
    "end": 1629271506731,
    "duration": 37,
    "pid": 2500,
    "index": 4
  },
  {
    "name": "Require(1) config/config.prod.js",
    "start": 1629271506733,
    "end": 1629271506733,
    "duration": 0,
    "pid": 2500,
    "index": 5
  },
  {
    "name": "Require(2) node_modules/egg-session/config/config.default.js",
    "start": 1629271506734,
    "end": 1629271506734,
    "duration": 0,
    "pid": 2500,
    "index": 6
  },
  {
    "name": "Require(3) node_modules/egg-security/config/config.default.js",
    "start": 1629271506735,
    "end": 1629271506735,
    "duration": 0,
    "pid": 2500,
    "index": 7
  },
  {
    "name": "Require(4) node_modules/egg-jsonp/config/config.default.js",
    "start": 1629271506736,
    "end": 1629271506736,
    "duration": 0,
    "pid": 2500,
    "index": 8
  },
  {
    "name": "Require(5) node_modules/egg-onerror/config/config.default.js",
    "start": 1629271506737,
    "end": 1629271506737,
    "duration": 0,
    "pid": 2500,
    "index": 9
  },
  {
    "name": "Require(6) node_modules/egg-i18n/config/config.default.js",
    "start": 1629271506738,
    "end": 1629271506738,
    "duration": 0,
    "pid": 2500,
    "index": 10
  },
  {
    "name": "Require(7) node_modules/egg-watcher/config/config.default.js",
    "start": 1629271506738,
    "end": 1629271506739,
    "duration": 1,
    "pid": 2500,
    "index": 11
  },
  {
    "name": "Require(8) node_modules/egg-schedule/config/config.default.js",
    "start": 1629271506739,
    "end": 1629271506739,
    "duration": 0,
    "pid": 2500,
    "index": 12
  },
  {
    "name": "Require(9) node_modules/egg-multipart/config/config.default.js",
    "start": 1629271506740,
    "end": 1629271506740,
    "duration": 0,
    "pid": 2500,
    "index": 13
  },
  {
    "name": "Require(10) node_modules/egg-logrotator/config/config.default.js",
    "start": 1629271506741,
    "end": 1629271506741,
    "duration": 0,
    "pid": 2500,
    "index": 14
  },
  {
    "name": "Require(11) node_modules/egg-static/config/config.default.js",
    "start": 1629271506741,
    "end": 1629271506742,
    "duration": 1,
    "pid": 2500,
    "index": 15
  },
  {
    "name": "Require(12) node_modules/egg-view/config/config.default.js",
    "start": 1629271506743,
    "end": 1629271506743,
    "duration": 0,
    "pid": 2500,
    "index": 16
  },
  {
    "name": "Require(13) node_modules/egg-jwt/config/config.default.js",
    "start": 1629271506745,
    "end": 1629271506745,
    "duration": 0,
    "pid": 2500,
    "index": 17
  },
  {
    "name": "Require(14) node_modules/egg-cors/config/config.default.js",
    "start": 1629271506746,
    "end": 1629271506746,
    "duration": 0,
    "pid": 2500,
    "index": 18
  },
  {
    "name": "Require(15) node_modules/egg-view-ejs/config/config.default.js",
    "start": 1629271506747,
    "end": 1629271506747,
    "duration": 0,
    "pid": 2500,
    "index": 19
  },
  {
    "name": "Require(16) node_modules/egg/config/config.default.js",
    "start": 1629271506748,
    "end": 1629271506748,
    "duration": 0,
    "pid": 2500,
    "index": 20
  },
  {
    "name": "Require(17) config/config.default.js",
    "start": 1629271506751,
    "end": 1629271506751,
    "duration": 0,
    "pid": 2500,
    "index": 21
  },
  {
    "name": "Require(18) node_modules/egg-static/config/config.prod.js",
    "start": 1629271506757,
    "end": 1629271506758,
    "duration": 1,
    "pid": 2500,
    "index": 22
  },
  {
    "name": "Require(19) config/config.prod.js",
    "start": 1629271506760,
    "end": 1629271506760,
    "duration": 0,
    "pid": 2500,
    "index": 23
  },
  {
    "name": "Load extend/application.js",
    "start": 1629271506767,
    "end": 1629271506840,
    "duration": 73,
    "pid": 2500,
    "index": 24
  },
  {
    "name": "Require(20) node_modules/egg-session/app/extend/application.js",
    "start": 1629271506769,
    "end": 1629271506769,
    "duration": 0,
    "pid": 2500,
    "index": 25
  },
  {
    "name": "Require(21) node_modules/egg-security/app/extend/application.js",
    "start": 1629271506770,
    "end": 1629271506771,
    "duration": 1,
    "pid": 2500,
    "index": 26
  },
  {
    "name": "Require(22) node_modules/egg-jsonp/app/extend/application.js",
    "start": 1629271506771,
    "end": 1629271506774,
    "duration": 3,
    "pid": 2500,
    "index": 27
  },
  {
    "name": "Require(23) node_modules/egg-logrotator/app/extend/application.js",
    "start": 1629271506776,
    "end": 1629271506778,
    "duration": 2,
    "pid": 2500,
    "index": 28
  },
  {
    "name": "Require(24) node_modules/egg-view/app/extend/application.js",
    "start": 1629271506779,
    "end": 1629271506780,
    "duration": 1,
    "pid": 2500,
    "index": 29
  },
  {
    "name": "Require(25) node_modules/egg-jwt/app/extend/application.js",
    "start": 1629271506781,
    "end": 1629271506832,
    "duration": 51,
    "pid": 2500,
    "index": 30
  },
  {
    "name": "Load extend/request.js",
    "start": 1629271506840,
    "end": 1629271506856,
    "duration": 16,
    "pid": 2500,
    "index": 31
  },
  {
    "name": "Require(26) node_modules/egg/app/extend/request.js",
    "start": 1629271506845,
    "end": 1629271506847,
    "duration": 2,
    "pid": 2500,
    "index": 32
  },
  {
    "name": "Load extend/response.js",
    "start": 1629271506856,
    "end": 1629271506870,
    "duration": 14,
    "pid": 2500,
    "index": 33
  },
  {
    "name": "Require(27) node_modules/egg/app/extend/response.js",
    "start": 1629271506861,
    "end": 1629271506863,
    "duration": 2,
    "pid": 2500,
    "index": 34
  },
  {
    "name": "Load extend/context.js",
    "start": 1629271506870,
    "end": 1629271506950,
    "duration": 80,
    "pid": 2500,
    "index": 35
  },
  {
    "name": "Require(28) node_modules/egg-security/app/extend/context.js",
    "start": 1629271506871,
    "end": 1629271506886,
    "duration": 15,
    "pid": 2500,
    "index": 36
  },
  {
    "name": "Require(29) node_modules/egg-jsonp/app/extend/context.js",
    "start": 1629271506886,
    "end": 1629271506888,
    "duration": 2,
    "pid": 2500,
    "index": 37
  },
  {
    "name": "Require(30) node_modules/egg-i18n/app/extend/context.js",
    "start": 1629271506890,
    "end": 1629271506890,
    "duration": 0,
    "pid": 2500,
    "index": 38
  },
  {
    "name": "Require(31) node_modules/egg-multipart/app/extend/context.js",
    "start": 1629271506892,
    "end": 1629271506939,
    "duration": 47,
    "pid": 2500,
    "index": 39
  },
  {
    "name": "Require(32) node_modules/egg-view/app/extend/context.js",
    "start": 1629271506940,
    "end": 1629271506941,
    "duration": 1,
    "pid": 2500,
    "index": 40
  },
  {
    "name": "Require(33) node_modules/egg/app/extend/context.js",
    "start": 1629271506942,
    "end": 1629271506944,
    "duration": 2,
    "pid": 2500,
    "index": 41
  },
  {
    "name": "Require(34) app/extend/context.js",
    "start": 1629271506944,
    "end": 1629271506944,
    "duration": 0,
    "pid": 2500,
    "index": 42
  },
  {
    "name": "Load extend/helper.js",
    "start": 1629271506950,
    "end": 1629271506975,
    "duration": 25,
    "pid": 2500,
    "index": 43
  },
  {
    "name": "Require(35) node_modules/egg-security/app/extend/helper.js",
    "start": 1629271506950,
    "end": 1629271506966,
    "duration": 16,
    "pid": 2500,
    "index": 44
  },
  {
    "name": "Require(36) node_modules/egg/app/extend/helper.js",
    "start": 1629271506970,
    "end": 1629271506970,
    "duration": 0,
    "pid": 2500,
    "index": 45
  },
  {
    "name": "Load app.js",
    "start": 1629271506976,
    "end": 1629271507018,
    "duration": 42,
    "pid": 2500,
    "index": 46
  },
  {
    "name": "Require(37) node_modules/egg-session/app.js",
    "start": 1629271506976,
    "end": 1629271506977,
    "duration": 1,
    "pid": 2500,
    "index": 47
  },
  {
    "name": "Require(38) node_modules/egg-security/app.js",
    "start": 1629271506977,
    "end": 1629271506978,
    "duration": 1,
    "pid": 2500,
    "index": 48
  },
  {
    "name": "Require(39) node_modules/egg-onerror/app.js",
    "start": 1629271506979,
    "end": 1629271506987,
    "duration": 8,
    "pid": 2500,
    "index": 49
  },
  {
    "name": "Require(40) node_modules/egg-i18n/app.js",
    "start": 1629271506988,
    "end": 1629271507005,
    "duration": 17,
    "pid": 2500,
    "index": 50
  },
  {
    "name": "Require(41) node_modules/egg-watcher/app.js",
    "start": 1629271507006,
    "end": 1629271507010,
    "duration": 4,
    "pid": 2500,
    "index": 51
  },
  {
    "name": "Require(42) node_modules/egg-schedule/app.js",
    "start": 1629271507010,
    "end": 1629271507011,
    "duration": 1,
    "pid": 2500,
    "index": 52
  },
  {
    "name": "Require(43) node_modules/egg-multipart/app.js",
    "start": 1629271507012,
    "end": 1629271507012,
    "duration": 0,
    "pid": 2500,
    "index": 53
  },
  {
    "name": "Require(44) node_modules/egg-logrotator/app.js",
    "start": 1629271507012,
    "end": 1629271507013,
    "duration": 1,
    "pid": 2500,
    "index": 54
  },
  {
    "name": "Require(45) node_modules/egg-static/app.js",
    "start": 1629271507013,
    "end": 1629271507013,
    "duration": 0,
    "pid": 2500,
    "index": 55
  },
  {
    "name": "Require(46) node_modules/egg-jwt/app.js",
    "start": 1629271507014,
    "end": 1629271507015,
    "duration": 1,
    "pid": 2500,
    "index": 56
  },
  {
    "name": "Require(47) node_modules/egg-cors/app.js",
    "start": 1629271507015,
    "end": 1629271507015,
    "duration": 0,
    "pid": 2500,
    "index": 57
  },
  {
    "name": "Require(48) node_modules/egg-view-ejs/app.js",
    "start": 1629271507016,
    "end": 1629271507016,
    "duration": 0,
    "pid": 2500,
    "index": 58
  },
  {
    "name": "Require(49) app.js",
    "start": 1629271507017,
    "end": 1629271507018,
    "duration": 1,
    "pid": 2500,
    "index": 59
  },
  {
    "name": "Before Start in node_modules/egg-watcher/lib/init.js:15:14",
    "start": 1629271507028,
    "end": 1629271508252,
    "duration": 1224,
    "pid": 2500,
    "index": 60
  },
  {
    "name": "Did Load in app.js:didLoad",
    "start": 1629271507063,
    "end": 1629271508240,
    "duration": 1177,
    "pid": 2500,
    "index": 61
  },
  {
    "name": "Load Service",
    "start": 1629271507063,
    "end": 1629271507132,
    "duration": 69,
    "pid": 2500,
    "index": 62
  },
  {
    "name": "Load \"service\" to Context",
    "start": 1629271507064,
    "end": 1629271507132,
    "duration": 68,
    "pid": 2500,
    "index": 63
  },
  {
    "name": "Load Middleware",
    "start": 1629271507132,
    "end": 1629271507284,
    "duration": 152,
    "pid": 2500,
    "index": 64
  },
  {
    "name": "Load \"middlewares\" to Application",
    "start": 1629271507133,
    "end": 1629271507256,
    "duration": 123,
    "pid": 2500,
    "index": 65
  },
  {
    "name": "Load Controller",
    "start": 1629271507285,
    "end": 1629271507295,
    "duration": 10,
    "pid": 2500,
    "index": 66
  },
  {
    "name": "Load \"controller\" to Application",
    "start": 1629271507285,
    "end": 1629271507294,
    "duration": 9,
    "pid": 2500,
    "index": 67
  },
  {
    "name": "Load Router",
    "start": 1629271507295,
    "end": 1629271507302,
    "duration": 7,
    "pid": 2500,
    "index": 68
  },
  {
    "name": "Require(50) app/router/index.js",
    "start": 1629271507296,
    "end": 1629271507297,
    "duration": 1,
    "pid": 2500,
    "index": 69
  },
  {
    "name": "Before Start in node_modules/egg-core/lib/egg.js:303:10",
    "start": 1629271507298,
    "end": 1629271508240,
    "duration": 942,
    "pid": 2500,
    "index": 70
  },
  {
    "name": "Will Ready in app.js:willReady",
    "start": 1629271508253,
    "end": 1629271508253,
    "duration": 0,
    "pid": 2500,
    "index": 71
  }
]