[
  {
    "name": "Process Start",
    "start": 1629269480768,
    "end": 1629269481686,
    "duration": 918,
    "pid": 21636,
    "index": 0
  },
  {
    "name": "Application Start",
    "start": 1629269481687,
    "end": 1629269483243,
    "duration": 1556,
    "pid": 21636,
    "index": 1
  },
  {
    "name": "Load Plugin",
    "start": 1629269481695,
    "end": 1629269481714,
    "duration": 19,
    "pid": 21636,
    "index": 2
  },
  {
    "name": "Load Config",
    "start": 1629269481715,
    "end": 1629269481775,
    "duration": 60,
    "pid": 21636,
    "index": 3
  },
  {
    "name": "Require(0) config/config.default.js",
    "start": 1629269481715,
    "end": 1629269481749,
    "duration": 34,
    "pid": 21636,
    "index": 4
  },
  {
    "name": "Require(1) config/config.prod.js",
    "start": 1629269481751,
    "end": 1629269481751,
    "duration": 0,
    "pid": 21636,
    "index": 5
  },
  {
    "name": "Require(2) node_modules/egg-session/config/config.default.js",
    "start": 1629269481752,
    "end": 1629269481753,
    "duration": 1,
    "pid": 21636,
    "index": 6
  },
  {
    "name": "Require(3) node_modules/egg-security/config/config.default.js",
    "start": 1629269481754,
    "end": 1629269481754,
    "duration": 0,
    "pid": 21636,
    "index": 7
  },
  {
    "name": "Require(4) node_modules/egg-jsonp/config/config.default.js",
    "start": 1629269481755,
    "end": 1629269481755,
    "duration": 0,
    "pid": 21636,
    "index": 8
  },
  {
    "name": "Require(5) node_modules/egg-onerror/config/config.default.js",
    "start": 1629269481756,
    "end": 1629269481756,
    "duration": 0,
    "pid": 21636,
    "index": 9
  },
  {
    "name": "Require(6) node_modules/egg-i18n/config/config.default.js",
    "start": 1629269481756,
    "end": 1629269481757,
    "duration": 1,
    "pid": 21636,
    "index": 10
  },
  {
    "name": "Require(7) node_modules/egg-watcher/config/config.default.js",
    "start": 1629269481757,
    "end": 1629269481758,
    "duration": 1,
    "pid": 21636,
    "index": 11
  },
  {
    "name": "Require(8) node_modules/egg-schedule/config/config.default.js",
    "start": 1629269481758,
    "end": 1629269481758,
    "duration": 0,
    "pid": 21636,
    "index": 12
  },
  {
    "name": "Require(9) node_modules/egg-multipart/config/config.default.js",
    "start": 1629269481759,
    "end": 1629269481759,
    "duration": 0,
    "pid": 21636,
    "index": 13
  },
  {
    "name": "Require(10) node_modules/egg-logrotator/config/config.default.js",
    "start": 1629269481760,
    "end": 1629269481760,
    "duration": 0,
    "pid": 21636,
    "index": 14
  },
  {
    "name": "Require(11) node_modules/egg-static/config/config.default.js",
    "start": 1629269481760,
    "end": 1629269481761,
    "duration": 1,
    "pid": 21636,
    "index": 15
  },
  {
    "name": "Require(12) node_modules/egg-view/config/config.default.js",
    "start": 1629269481761,
    "end": 1629269481762,
    "duration": 1,
    "pid": 21636,
    "index": 16
  },
  {
    "name": "Require(13) node_modules/egg-jwt/config/config.default.js",
    "start": 1629269481762,
    "end": 1629269481763,
    "duration": 1,
    "pid": 21636,
    "index": 17
  },
  {
    "name": "Require(14) node_modules/egg-cors/config/config.default.js",
    "start": 1629269481763,
    "end": 1629269481764,
    "duration": 1,
    "pid": 21636,
    "index": 18
  },
  {
    "name": "Require(15) node_modules/egg-view-ejs/config/config.default.js",
    "start": 1629269481764,
    "end": 1629269481764,
    "duration": 0,
    "pid": 21636,
    "index": 19
  },
  {
    "name": "Require(16) node_modules/egg/config/config.default.js",
    "start": 1629269481765,
    "end": 1629269481765,
    "duration": 0,
    "pid": 21636,
    "index": 20
  },
  {
    "name": "Require(17) config/config.default.js",
    "start": 1629269481766,
    "end": 1629269481766,
    "duration": 0,
    "pid": 21636,
    "index": 21
  },
  {
    "name": "Require(18) node_modules/egg-static/config/config.prod.js",
    "start": 1629269481773,
    "end": 1629269481773,
    "duration": 0,
    "pid": 21636,
    "index": 22
  },
  {
    "name": "Require(19) config/config.prod.js",
    "start": 1629269481775,
    "end": 1629269481775,
    "duration": 0,
    "pid": 21636,
    "index": 23
  },
  {
    "name": "Load extend/application.js",
    "start": 1629269481781,
    "end": 1629269481846,
    "duration": 65,
    "pid": 21636,
    "index": 24
  },
  {
    "name": "Require(20) node_modules/egg-session/app/extend/application.js",
    "start": 1629269481782,
    "end": 1629269481782,
    "duration": 0,
    "pid": 21636,
    "index": 25
  },
  {
    "name": "Require(21) node_modules/egg-security/app/extend/application.js",
    "start": 1629269481783,
    "end": 1629269481784,
    "duration": 1,
    "pid": 21636,
    "index": 26
  },
  {
    "name": "Require(22) node_modules/egg-jsonp/app/extend/application.js",
    "start": 1629269481785,
    "end": 1629269481787,
    "duration": 2,
    "pid": 21636,
    "index": 27
  },
  {
    "name": "Require(23) node_modules/egg-logrotator/app/extend/application.js",
    "start": 1629269481789,
    "end": 1629269481791,
    "duration": 2,
    "pid": 21636,
    "index": 28
  },
  {
    "name": "Require(24) node_modules/egg-view/app/extend/application.js",
    "start": 1629269481793,
    "end": 1629269481795,
    "duration": 2,
    "pid": 21636,
    "index": 29
  },
  {
    "name": "Require(25) node_modules/egg-jwt/app/extend/application.js",
    "start": 1629269481796,
    "end": 1629269481839,
    "duration": 43,
    "pid": 21636,
    "index": 30
  },
  {
    "name": "Load extend/request.js",
    "start": 1629269481846,
    "end": 1629269481860,
    "duration": 14,
    "pid": 21636,
    "index": 31
  },
  {
    "name": "Require(26) node_modules/egg/app/extend/request.js",
    "start": 1629269481851,
    "end": 1629269481852,
    "duration": 1,
    "pid": 21636,
    "index": 32
  },
  {
    "name": "Load extend/response.js",
    "start": 1629269481860,
    "end": 1629269481874,
    "duration": 14,
    "pid": 21636,
    "index": 33
  },
  {
    "name": "Require(27) node_modules/egg/app/extend/response.js",
    "start": 1629269481866,
    "end": 1629269481868,
    "duration": 2,
    "pid": 21636,
    "index": 34
  },
  {
    "name": "Load extend/context.js",
    "start": 1629269481874,
    "end": 1629269481939,
    "duration": 65,
    "pid": 21636,
    "index": 35
  },
  {
    "name": "Require(28) node_modules/egg-security/app/extend/context.js",
    "start": 1629269481875,
    "end": 1629269481886,
    "duration": 11,
    "pid": 21636,
    "index": 36
  },
  {
    "name": "Require(29) node_modules/egg-jsonp/app/extend/context.js",
    "start": 1629269481886,
    "end": 1629269481888,
    "duration": 2,
    "pid": 21636,
    "index": 37
  },
  {
    "name": "Require(30) node_modules/egg-i18n/app/extend/context.js",
    "start": 1629269481889,
    "end": 1629269481889,
    "duration": 0,
    "pid": 21636,
    "index": 38
  },
  {
    "name": "Require(31) node_modules/egg-multipart/app/extend/context.js",
    "start": 1629269481890,
    "end": 1629269481929,
    "duration": 39,
    "pid": 21636,
    "index": 39
  },
  {
    "name": "Require(32) node_modules/egg-view/app/extend/context.js",
    "start": 1629269481930,
    "end": 1629269481930,
    "duration": 0,
    "pid": 21636,
    "index": 40
  },
  {
    "name": "Require(33) node_modules/egg/app/extend/context.js",
    "start": 1629269481932,
    "end": 1629269481932,
    "duration": 0,
    "pid": 21636,
    "index": 41
  },
  {
    "name": "Require(34) app/extend/context.js",
    "start": 1629269481933,
    "end": 1629269481933,
    "duration": 0,
    "pid": 21636,
    "index": 42
  },
  {
    "name": "Load extend/helper.js",
    "start": 1629269481939,
    "end": 1629269481966,
    "duration": 27,
    "pid": 21636,
    "index": 43
  },
  {
    "name": "Require(35) node_modules/egg-security/app/extend/helper.js",
    "start": 1629269481940,
    "end": 1629269481957,
    "duration": 17,
    "pid": 21636,
    "index": 44
  },
  {
    "name": "Require(36) node_modules/egg/app/extend/helper.js",
    "start": 1629269481961,
    "end": 1629269481961,
    "duration": 0,
    "pid": 21636,
    "index": 45
  },
  {
    "name": "Load app.js",
    "start": 1629269481966,
    "end": 1629269482009,
    "duration": 43,
    "pid": 21636,
    "index": 46
  },
  {
    "name": "Require(37) node_modules/egg-session/app.js",
    "start": 1629269481967,
    "end": 1629269481967,
    "duration": 0,
    "pid": 21636,
    "index": 47
  },
  {
    "name": "Require(38) node_modules/egg-security/app.js",
    "start": 1629269481967,
    "end": 1629269481969,
    "duration": 2,
    "pid": 21636,
    "index": 48
  },
  {
    "name": "Require(39) node_modules/egg-onerror/app.js",
    "start": 1629269481971,
    "end": 1629269481979,
    "duration": 8,
    "pid": 21636,
    "index": 49
  },
  {
    "name": "Require(40) node_modules/egg-i18n/app.js",
    "start": 1629269481980,
    "end": 1629269481997,
    "duration": 17,
    "pid": 21636,
    "index": 50
  },
  {
    "name": "Require(41) node_modules/egg-watcher/app.js",
    "start": 1629269481997,
    "end": 1629269482001,
    "duration": 4,
    "pid": 21636,
    "index": 51
  },
  {
    "name": "Require(42) node_modules/egg-schedule/app.js",
    "start": 1629269482002,
    "end": 1629269482003,
    "duration": 1,
    "pid": 21636,
    "index": 52
  },
  {
    "name": "Require(43) node_modules/egg-multipart/app.js",
    "start": 1629269482004,
    "end": 1629269482004,
    "duration": 0,
    "pid": 21636,
    "index": 53
  },
  {
    "name": "Require(44) node_modules/egg-logrotator/app.js",
    "start": 1629269482004,
    "end": 1629269482004,
    "duration": 0,
    "pid": 21636,
    "index": 54
  },
  {
    "name": "Require(45) node_modules/egg-static/app.js",
    "start": 1629269482005,
    "end": 1629269482005,
    "duration": 0,
    "pid": 21636,
    "index": 55
  },
  {
    "name": "Require(46) node_modules/egg-jwt/app.js",
    "start": 1629269482006,
    "end": 1629269482006,
    "duration": 0,
    "pid": 21636,
    "index": 56
  },
  {
    "name": "Require(47) node_modules/egg-cors/app.js",
    "start": 1629269482006,
    "end": 1629269482007,
    "duration": 1,
    "pid": 21636,
    "index": 57
  },
  {
    "name": "Require(48) node_modules/egg-view-ejs/app.js",
    "start": 1629269482007,
    "end": 1629269482007,
    "duration": 0,
    "pid": 21636,
    "index": 58
  },
  {
    "name": "Require(49) app.js",
    "start": 1629269482008,
    "end": 1629269482009,
    "duration": 1,
    "pid": 21636,
    "index": 59
  },
  {
    "name": "Before Start in node_modules/egg-watcher/lib/init.js:15:14",
    "start": 1629269482018,
    "end": 1629269483241,
    "duration": 1223,
    "pid": 21636,
    "index": 60
  },
  {
    "name": "Did Load in app.js:didLoad",
    "start": 1629269482057,
    "end": 1629269483226,
    "duration": 1169,
    "pid": 21636,
    "index": 61
  },
  {
    "name": "Load Service",
    "start": 1629269482057,
    "end": 1629269482122,
    "duration": 65,
    "pid": 21636,
    "index": 62
  },
  {
    "name": "Load \"service\" to Context",
    "start": 1629269482057,
    "end": 1629269482122,
    "duration": 65,
    "pid": 21636,
    "index": 63
  },
  {
    "name": "Load Middleware",
    "start": 1629269482122,
    "end": 1629269482265,
    "duration": 143,
    "pid": 21636,
    "index": 64
  },
  {
    "name": "Load \"middlewares\" to Application",
    "start": 1629269482122,
    "end": 1629269482243,
    "duration": 121,
    "pid": 21636,
    "index": 65
  },
  {
    "name": "Load Controller",
    "start": 1629269482265,
    "end": 1629269482276,
    "duration": 11,
    "pid": 21636,
    "index": 66
  },
  {
    "name": "Load \"controller\" to Application",
    "start": 1629269482266,
    "end": 1629269482276,
    "duration": 10,
    "pid": 21636,
    "index": 67
  },
  {
    "name": "Load Router",
    "start": 1629269482277,
    "end": 1629269482282,
    "duration": 5,
    "pid": 21636,
    "index": 68
  },
  {
    "name": "Require(50) app/router/index.js",
    "start": 1629269482278,
    "end": 1629269482278,
    "duration": 0,
    "pid": 21636,
    "index": 69
  },
  {
    "name": "Before Start in node_modules/egg-core/lib/egg.js:303:10",
    "start": 1629269482278,
    "end": 1629269483226,
    "duration": 948,
    "pid": 21636,
    "index": 70
  },
  {
    "name": "Will Ready in app.js:willReady",
    "start": 1629269483242,
    "end": 1629269483242,
    "duration": 0,
    "pid": 21636,
    "index": 71
  }
]