[
  {
    "name": "Process Start",
    "start": 1629257449434,
    "end": 1629257450277,
    "duration": 843,
    "pid": 30568,
    "index": 0
  },
  {
    "name": "Application Start",
    "start": 1629257450278,
    "end": 1629257451969,
    "duration": 1691,
    "pid": 30568,
    "index": 1
  },
  {
    "name": "Load Plugin",
    "start": 1629257450285,
    "end": 1629257450306,
    "duration": 21,
    "pid": 30568,
    "index": 2
  },
  {
    "name": "Load Config",
    "start": 1629257450306,
    "end": 1629257450366,
    "duration": 60,
    "pid": 30568,
    "index": 3
  },
  {
    "name": "Require(0) config/config.default.js",
    "start": 1629257450307,
    "end": 1629257450339,
    "duration": 32,
    "pid": 30568,
    "index": 4
  },
  {
    "name": "Require(1) config/config.prod.js",
    "start": 1629257450342,
    "end": 1629257450342,
    "duration": 0,
    "pid": 30568,
    "index": 5
  },
  {
    "name": "Require(2) node_modules/egg-session/config/config.default.js",
    "start": 1629257450343,
    "end": 1629257450343,
    "duration": 0,
    "pid": 30568,
    "index": 6
  },
  {
    "name": "Require(3) node_modules/egg-security/config/config.default.js",
    "start": 1629257450344,
    "end": 1629257450344,
    "duration": 0,
    "pid": 30568,
    "index": 7
  },
  {
    "name": "Require(4) node_modules/egg-jsonp/config/config.default.js",
    "start": 1629257450345,
    "end": 1629257450346,
    "duration": 1,
    "pid": 30568,
    "index": 8
  },
  {
    "name": "Require(5) node_modules/egg-onerror/config/config.default.js",
    "start": 1629257450346,
    "end": 1629257450346,
    "duration": 0,
    "pid": 30568,
    "index": 9
  },
  {
    "name": "Require(6) node_modules/egg-i18n/config/config.default.js",
    "start": 1629257450347,
    "end": 1629257450347,
    "duration": 0,
    "pid": 30568,
    "index": 10
  },
  {
    "name": "Require(7) node_modules/egg-watcher/config/config.default.js",
    "start": 1629257450348,
    "end": 1629257450348,
    "duration": 0,
    "pid": 30568,
    "index": 11
  },
  {
    "name": "Require(8) node_modules/egg-schedule/config/config.default.js",
    "start": 1629257450348,
    "end": 1629257450349,
    "duration": 1,
    "pid": 30568,
    "index": 12
  },
  {
    "name": "Require(9) node_modules/egg-multipart/config/config.default.js",
    "start": 1629257450349,
    "end": 1629257450349,
    "duration": 0,
    "pid": 30568,
    "index": 13
  },
  {
    "name": "Require(10) node_modules/egg-logrotator/config/config.default.js",
    "start": 1629257450350,
    "end": 1629257450351,
    "duration": 1,
    "pid": 30568,
    "index": 14
  },
  {
    "name": "Require(11) node_modules/egg-static/config/config.default.js",
    "start": 1629257450352,
    "end": 1629257450352,
    "duration": 0,
    "pid": 30568,
    "index": 15
  },
  {
    "name": "Require(12) node_modules/egg-view/config/config.default.js",
    "start": 1629257450353,
    "end": 1629257450353,
    "duration": 0,
    "pid": 30568,
    "index": 16
  },
  {
    "name": "Require(13) node_modules/egg-jwt/config/config.default.js",
    "start": 1629257450354,
    "end": 1629257450354,
    "duration": 0,
    "pid": 30568,
    "index": 17
  },
  {
    "name": "Require(14) node_modules/egg-cors/config/config.default.js",
    "start": 1629257450355,
    "end": 1629257450356,
    "duration": 1,
    "pid": 30568,
    "index": 18
  },
  {
    "name": "Require(15) node_modules/egg-view-ejs/config/config.default.js",
    "start": 1629257450357,
    "end": 1629257450357,
    "duration": 0,
    "pid": 30568,
    "index": 19
  },
  {
    "name": "Require(16) node_modules/egg/config/config.default.js",
    "start": 1629257450358,
    "end": 1629257450358,
    "duration": 0,
    "pid": 30568,
    "index": 20
  },
  {
    "name": "Require(17) config/config.default.js",
    "start": 1629257450359,
    "end": 1629257450359,
    "duration": 0,
    "pid": 30568,
    "index": 21
  },
  {
    "name": "Require(18) node_modules/egg-static/config/config.prod.js",
    "start": 1629257450364,
    "end": 1629257450364,
    "duration": 0,
    "pid": 30568,
    "index": 22
  },
  {
    "name": "Require(19) config/config.prod.js",
    "start": 1629257450366,
    "end": 1629257450366,
    "duration": 0,
    "pid": 30568,
    "index": 23
  },
  {
    "name": "Load extend/application.js",
    "start": 1629257450374,
    "end": 1629257450461,
    "duration": 87,
    "pid": 30568,
    "index": 24
  },
  {
    "name": "Require(20) node_modules/egg-session/app/extend/application.js",
    "start": 1629257450375,
    "end": 1629257450378,
    "duration": 3,
    "pid": 30568,
    "index": 25
  },
  {
    "name": "Require(21) node_modules/egg-security/app/extend/application.js",
    "start": 1629257450379,
    "end": 1629257450381,
    "duration": 2,
    "pid": 30568,
    "index": 26
  },
  {
    "name": "Require(22) node_modules/egg-jsonp/app/extend/application.js",
    "start": 1629257450381,
    "end": 1629257450383,
    "duration": 2,
    "pid": 30568,
    "index": 27
  },
  {
    "name": "Require(23) node_modules/egg-logrotator/app/extend/application.js",
    "start": 1629257450387,
    "end": 1629257450389,
    "duration": 2,
    "pid": 30568,
    "index": 28
  },
  {
    "name": "Require(24) node_modules/egg-view/app/extend/application.js",
    "start": 1629257450391,
    "end": 1629257450393,
    "duration": 2,
    "pid": 30568,
    "index": 29
  },
  {
    "name": "Require(25) node_modules/egg-jwt/app/extend/application.js",
    "start": 1629257450394,
    "end": 1629257450452,
    "duration": 58,
    "pid": 30568,
    "index": 30
  },
  {
    "name": "Load extend/request.js",
    "start": 1629257450461,
    "end": 1629257450478,
    "duration": 17,
    "pid": 30568,
    "index": 31
  },
  {
    "name": "Require(26) node_modules/egg/app/extend/request.js",
    "start": 1629257450467,
    "end": 1629257450469,
    "duration": 2,
    "pid": 30568,
    "index": 32
  },
  {
    "name": "Load extend/response.js",
    "start": 1629257450478,
    "end": 1629257450493,
    "duration": 15,
    "pid": 30568,
    "index": 33
  },
  {
    "name": "Require(27) node_modules/egg/app/extend/response.js",
    "start": 1629257450484,
    "end": 1629257450487,
    "duration": 3,
    "pid": 30568,
    "index": 34
  },
  {
    "name": "Load extend/context.js",
    "start": 1629257450493,
    "end": 1629257450555,
    "duration": 62,
    "pid": 30568,
    "index": 35
  },
  {
    "name": "Require(28) node_modules/egg-security/app/extend/context.js",
    "start": 1629257450494,
    "end": 1629257450505,
    "duration": 11,
    "pid": 30568,
    "index": 36
  },
  {
    "name": "Require(29) node_modules/egg-jsonp/app/extend/context.js",
    "start": 1629257450506,
    "end": 1629257450507,
    "duration": 1,
    "pid": 30568,
    "index": 37
  },
  {
    "name": "Require(30) node_modules/egg-i18n/app/extend/context.js",
    "start": 1629257450508,
    "end": 1629257450508,
    "duration": 0,
    "pid": 30568,
    "index": 38
  },
  {
    "name": "Require(31) node_modules/egg-multipart/app/extend/context.js",
    "start": 1629257450509,
    "end": 1629257450545,
    "duration": 36,
    "pid": 30568,
    "index": 39
  },
  {
    "name": "Require(32) node_modules/egg-view/app/extend/context.js",
    "start": 1629257450546,
    "end": 1629257450547,
    "duration": 1,
    "pid": 30568,
    "index": 40
  },
  {
    "name": "Require(33) node_modules/egg/app/extend/context.js",
    "start": 1629257450548,
    "end": 1629257450549,
    "duration": 1,
    "pid": 30568,
    "index": 41
  },
  {
    "name": "Require(34) app/extend/context.js",
    "start": 1629257450549,
    "end": 1629257450550,
    "duration": 1,
    "pid": 30568,
    "index": 42
  },
  {
    "name": "Load extend/helper.js",
    "start": 1629257450555,
    "end": 1629257450592,
    "duration": 37,
    "pid": 30568,
    "index": 43
  },
  {
    "name": "Require(35) node_modules/egg-security/app/extend/helper.js",
    "start": 1629257450556,
    "end": 1629257450581,
    "duration": 25,
    "pid": 30568,
    "index": 44
  },
  {
    "name": "Require(36) node_modules/egg/app/extend/helper.js",
    "start": 1629257450586,
    "end": 1629257450587,
    "duration": 1,
    "pid": 30568,
    "index": 45
  },
  {
    "name": "Load app.js",
    "start": 1629257450592,
    "end": 1629257450675,
    "duration": 83,
    "pid": 30568,
    "index": 46
  },
  {
    "name": "Require(37) node_modules/egg-session/app.js",
    "start": 1629257450593,
    "end": 1629257450593,
    "duration": 0,
    "pid": 30568,
    "index": 47
  },
  {
    "name": "Require(38) node_modules/egg-security/app.js",
    "start": 1629257450594,
    "end": 1629257450598,
    "duration": 4,
    "pid": 30568,
    "index": 48
  },
  {
    "name": "Require(39) node_modules/egg-onerror/app.js",
    "start": 1629257450621,
    "end": 1629257450636,
    "duration": 15,
    "pid": 30568,
    "index": 49
  },
  {
    "name": "Require(40) node_modules/egg-i18n/app.js",
    "start": 1629257450637,
    "end": 1629257450661,
    "duration": 24,
    "pid": 30568,
    "index": 50
  },
  {
    "name": "Require(41) node_modules/egg-watcher/app.js",
    "start": 1629257450661,
    "end": 1629257450665,
    "duration": 4,
    "pid": 30568,
    "index": 51
  },
  {
    "name": "Require(42) node_modules/egg-schedule/app.js",
    "start": 1629257450665,
    "end": 1629257450666,
    "duration": 1,
    "pid": 30568,
    "index": 52
  },
  {
    "name": "Require(43) node_modules/egg-multipart/app.js",
    "start": 1629257450667,
    "end": 1629257450667,
    "duration": 0,
    "pid": 30568,
    "index": 53
  },
  {
    "name": "Require(44) node_modules/egg-logrotator/app.js",
    "start": 1629257450668,
    "end": 1629257450668,
    "duration": 0,
    "pid": 30568,
    "index": 54
  },
  {
    "name": "Require(45) node_modules/egg-static/app.js",
    "start": 1629257450669,
    "end": 1629257450669,
    "duration": 0,
    "pid": 30568,
    "index": 55
  },
  {
    "name": "Require(46) node_modules/egg-jwt/app.js",
    "start": 1629257450670,
    "end": 1629257450670,
    "duration": 0,
    "pid": 30568,
    "index": 56
  },
  {
    "name": "Require(47) node_modules/egg-cors/app.js",
    "start": 1629257450671,
    "end": 1629257450672,
    "duration": 1,
    "pid": 30568,
    "index": 57
  },
  {
    "name": "Require(48) node_modules/egg-view-ejs/app.js",
    "start": 1629257450673,
    "end": 1629257450673,
    "duration": 0,
    "pid": 30568,
    "index": 58
  },
  {
    "name": "Require(49) app.js",
    "start": 1629257450674,
    "end": 1629257450675,
    "duration": 1,
    "pid": 30568,
    "index": 59
  },
  {
    "name": "Before Start in node_modules/egg-watcher/lib/init.js:15:14",
    "start": 1629257450684,
    "end": 1629257451968,
    "duration": 1284,
    "pid": 30568,
    "index": 60
  },
  {
    "name": "Did Load in app.js:didLoad",
    "start": 1629257450721,
    "end": 1629257451945,
    "duration": 1224,
    "pid": 30568,
    "index": 61
  },
  {
    "name": "Load Service",
    "start": 1629257450722,
    "end": 1629257450795,
    "duration": 73,
    "pid": 30568,
    "index": 62
  },
  {
    "name": "Load \"service\" to Context",
    "start": 1629257450722,
    "end": 1629257450795,
    "duration": 73,
    "pid": 30568,
    "index": 63
  },
  {
    "name": "Load Middleware",
    "start": 1629257450795,
    "end": 1629257450986,
    "duration": 191,
    "pid": 30568,
    "index": 64
  },
  {
    "name": "Load \"middlewares\" to Application",
    "start": 1629257450796,
    "end": 1629257450963,
    "duration": 167,
    "pid": 30568,
    "index": 65
  },
  {
    "name": "Load Controller",
    "start": 1629257450986,
    "end": 1629257450995,
    "duration": 9,
    "pid": 30568,
    "index": 66
  },
  {
    "name": "Load \"controller\" to Application",
    "start": 1629257450986,
    "end": 1629257450994,
    "duration": 8,
    "pid": 30568,
    "index": 67
  },
  {
    "name": "Load Router",
    "start": 1629257450995,
    "end": 1629257451002,
    "duration": 7,
    "pid": 30568,
    "index": 68
  },
  {
    "name": "Require(50) app/router/index.js",
    "start": 1629257450996,
    "end": 1629257450997,
    "duration": 1,
    "pid": 30568,
    "index": 69
  },
  {
    "name": "Before Start in node_modules/egg-core/lib/egg.js:303:10",
    "start": 1629257450998,
    "end": 1629257451945,
    "duration": 947,
    "pid": 30568,
    "index": 70
  },
  {
    "name": "Will Ready in app.js:willReady",
    "start": 1629257451968,
    "end": 1629257451969,
    "duration": 1,
    "pid": 30568,
    "index": 71
  }
]