[
  {
    "name": "Process Start",
    "start": 1629271873408,
    "end": 1629271874363,
    "duration": 955,
    "pid": 5428,
    "index": 0
  },
  {
    "name": "Application Start",
    "start": 1629271874364,
    "end": 1629271875962,
    "duration": 1598,
    "pid": 5428,
    "index": 1
  },
  {
    "name": "Load Plugin",
    "start": 1629271874370,
    "end": 1629271874395,
    "duration": 25,
    "pid": 5428,
    "index": 2
  },
  {
    "name": "Load Config",
    "start": 1629271874396,
    "end": 1629271874461,
    "duration": 65,
    "pid": 5428,
    "index": 3
  },
  {
    "name": "Require(0) config/config.default.js",
    "start": 1629271874397,
    "end": 1629271874432,
    "duration": 35,
    "pid": 5428,
    "index": 4
  },
  {
    "name": "Require(1) config/config.prod.js",
    "start": 1629271874433,
    "end": 1629271874434,
    "duration": 1,
    "pid": 5428,
    "index": 5
  },
  {
    "name": "Require(2) node_modules/egg-session/config/config.default.js",
    "start": 1629271874435,
    "end": 1629271874435,
    "duration": 0,
    "pid": 5428,
    "index": 6
  },
  {
    "name": "Require(3) node_modules/egg-security/config/config.default.js",
    "start": 1629271874436,
    "end": 1629271874436,
    "duration": 0,
    "pid": 5428,
    "index": 7
  },
  {
    "name": "Require(4) node_modules/egg-jsonp/config/config.default.js",
    "start": 1629271874437,
    "end": 1629271874438,
    "duration": 1,
    "pid": 5428,
    "index": 8
  },
  {
    "name": "Require(5) node_modules/egg-onerror/config/config.default.js",
    "start": 1629271874438,
    "end": 1629271874438,
    "duration": 0,
    "pid": 5428,
    "index": 9
  },
  {
    "name": "Require(6) node_modules/egg-i18n/config/config.default.js",
    "start": 1629271874439,
    "end": 1629271874439,
    "duration": 0,
    "pid": 5428,
    "index": 10
  },
  {
    "name": "Require(7) node_modules/egg-watcher/config/config.default.js",
    "start": 1629271874440,
    "end": 1629271874441,
    "duration": 1,
    "pid": 5428,
    "index": 11
  },
  {
    "name": "Require(8) node_modules/egg-schedule/config/config.default.js",
    "start": 1629271874442,
    "end": 1629271874442,
    "duration": 0,
    "pid": 5428,
    "index": 12
  },
  {
    "name": "Require(9) node_modules/egg-multipart/config/config.default.js",
    "start": 1629271874443,
    "end": 1629271874443,
    "duration": 0,
    "pid": 5428,
    "index": 13
  },
  {
    "name": "Require(10) node_modules/egg-logrotator/config/config.default.js",
    "start": 1629271874444,
    "end": 1629271874445,
    "duration": 1,
    "pid": 5428,
    "index": 14
  },
  {
    "name": "Require(11) node_modules/egg-static/config/config.default.js",
    "start": 1629271874445,
    "end": 1629271874446,
    "duration": 1,
    "pid": 5428,
    "index": 15
  },
  {
    "name": "Require(12) node_modules/egg-view/config/config.default.js",
    "start": 1629271874446,
    "end": 1629271874447,
    "duration": 1,
    "pid": 5428,
    "index": 16
  },
  {
    "name": "Require(13) node_modules/egg-jwt/config/config.default.js",
    "start": 1629271874447,
    "end": 1629271874448,
    "duration": 1,
    "pid": 5428,
    "index": 17
  },
  {
    "name": "Require(14) node_modules/egg-cors/config/config.default.js",
    "start": 1629271874448,
    "end": 1629271874449,
    "duration": 1,
    "pid": 5428,
    "index": 18
  },
  {
    "name": "Require(15) node_modules/egg-view-ejs/config/config.default.js",
    "start": 1629271874449,
    "end": 1629271874450,
    "duration": 1,
    "pid": 5428,
    "index": 19
  },
  {
    "name": "Require(16) node_modules/egg/config/config.default.js",
    "start": 1629271874451,
    "end": 1629271874452,
    "duration": 1,
    "pid": 5428,
    "index": 20
  },
  {
    "name": "Require(17) config/config.default.js",
    "start": 1629271874454,
    "end": 1629271874454,
    "duration": 0,
    "pid": 5428,
    "index": 21
  },
  {
    "name": "Require(18) node_modules/egg-static/config/config.prod.js",
    "start": 1629271874459,
    "end": 1629271874459,
    "duration": 0,
    "pid": 5428,
    "index": 22
  },
  {
    "name": "Require(19) config/config.prod.js",
    "start": 1629271874461,
    "end": 1629271874461,
    "duration": 0,
    "pid": 5428,
    "index": 23
  },
  {
    "name": "Load extend/application.js",
    "start": 1629271874467,
    "end": 1629271874535,
    "duration": 68,
    "pid": 5428,
    "index": 24
  },
  {
    "name": "Require(20) node_modules/egg-session/app/extend/application.js",
    "start": 1629271874468,
    "end": 1629271874468,
    "duration": 0,
    "pid": 5428,
    "index": 25
  },
  {
    "name": "Require(21) node_modules/egg-security/app/extend/application.js",
    "start": 1629271874469,
    "end": 1629271874470,
    "duration": 1,
    "pid": 5428,
    "index": 26
  },
  {
    "name": "Require(22) node_modules/egg-jsonp/app/extend/application.js",
    "start": 1629271874470,
    "end": 1629271874471,
    "duration": 1,
    "pid": 5428,
    "index": 27
  },
  {
    "name": "Require(23) node_modules/egg-logrotator/app/extend/application.js",
    "start": 1629271874475,
    "end": 1629271874476,
    "duration": 1,
    "pid": 5428,
    "index": 28
  },
  {
    "name": "Require(24) node_modules/egg-view/app/extend/application.js",
    "start": 1629271874477,
    "end": 1629271874479,
    "duration": 2,
    "pid": 5428,
    "index": 29
  },
  {
    "name": "Require(25) node_modules/egg-jwt/app/extend/application.js",
    "start": 1629271874479,
    "end": 1629271874529,
    "duration": 50,
    "pid": 5428,
    "index": 30
  },
  {
    "name": "Load extend/request.js",
    "start": 1629271874535,
    "end": 1629271874550,
    "duration": 15,
    "pid": 5428,
    "index": 31
  },
  {
    "name": "Require(26) node_modules/egg/app/extend/request.js",
    "start": 1629271874541,
    "end": 1629271874543,
    "duration": 2,
    "pid": 5428,
    "index": 32
  },
  {
    "name": "Load extend/response.js",
    "start": 1629271874550,
    "end": 1629271874565,
    "duration": 15,
    "pid": 5428,
    "index": 33
  },
  {
    "name": "Require(27) node_modules/egg/app/extend/response.js",
    "start": 1629271874555,
    "end": 1629271874559,
    "duration": 4,
    "pid": 5428,
    "index": 34
  },
  {
    "name": "Load extend/context.js",
    "start": 1629271874565,
    "end": 1629271874636,
    "duration": 71,
    "pid": 5428,
    "index": 35
  },
  {
    "name": "Require(28) node_modules/egg-security/app/extend/context.js",
    "start": 1629271874566,
    "end": 1629271874578,
    "duration": 12,
    "pid": 5428,
    "index": 36
  },
  {
    "name": "Require(29) node_modules/egg-jsonp/app/extend/context.js",
    "start": 1629271874578,
    "end": 1629271874579,
    "duration": 1,
    "pid": 5428,
    "index": 37
  },
  {
    "name": "Require(30) node_modules/egg-i18n/app/extend/context.js",
    "start": 1629271874580,
    "end": 1629271874580,
    "duration": 0,
    "pid": 5428,
    "index": 38
  },
  {
    "name": "Require(31) node_modules/egg-multipart/app/extend/context.js",
    "start": 1629271874581,
    "end": 1629271874626,
    "duration": 45,
    "pid": 5428,
    "index": 39
  },
  {
    "name": "Require(32) node_modules/egg-view/app/extend/context.js",
    "start": 1629271874627,
    "end": 1629271874628,
    "duration": 1,
    "pid": 5428,
    "index": 40
  },
  {
    "name": "Require(33) node_modules/egg/app/extend/context.js",
    "start": 1629271874630,
    "end": 1629271874630,
    "duration": 0,
    "pid": 5428,
    "index": 41
  },
  {
    "name": "Require(34) app/extend/context.js",
    "start": 1629271874631,
    "end": 1629271874631,
    "duration": 0,
    "pid": 5428,
    "index": 42
  },
  {
    "name": "Load extend/helper.js",
    "start": 1629271874637,
    "end": 1629271874664,
    "duration": 27,
    "pid": 5428,
    "index": 43
  },
  {
    "name": "Require(35) node_modules/egg-security/app/extend/helper.js",
    "start": 1629271874637,
    "end": 1629271874654,
    "duration": 17,
    "pid": 5428,
    "index": 44
  },
  {
    "name": "Require(36) node_modules/egg/app/extend/helper.js",
    "start": 1629271874659,
    "end": 1629271874659,
    "duration": 0,
    "pid": 5428,
    "index": 45
  },
  {
    "name": "Load app.js",
    "start": 1629271874664,
    "end": 1629271874710,
    "duration": 46,
    "pid": 5428,
    "index": 46
  },
  {
    "name": "Require(37) node_modules/egg-session/app.js",
    "start": 1629271874665,
    "end": 1629271874665,
    "duration": 0,
    "pid": 5428,
    "index": 47
  },
  {
    "name": "Require(38) node_modules/egg-security/app.js",
    "start": 1629271874666,
    "end": 1629271874667,
    "duration": 1,
    "pid": 5428,
    "index": 48
  },
  {
    "name": "Require(39) node_modules/egg-onerror/app.js",
    "start": 1629271874668,
    "end": 1629271874676,
    "duration": 8,
    "pid": 5428,
    "index": 49
  },
  {
    "name": "Require(40) node_modules/egg-i18n/app.js",
    "start": 1629271874677,
    "end": 1629271874695,
    "duration": 18,
    "pid": 5428,
    "index": 50
  },
  {
    "name": "Require(41) node_modules/egg-watcher/app.js",
    "start": 1629271874696,
    "end": 1629271874700,
    "duration": 4,
    "pid": 5428,
    "index": 51
  },
  {
    "name": "Require(42) node_modules/egg-schedule/app.js",
    "start": 1629271874700,
    "end": 1629271874701,
    "duration": 1,
    "pid": 5428,
    "index": 52
  },
  {
    "name": "Require(43) node_modules/egg-multipart/app.js",
    "start": 1629271874702,
    "end": 1629271874702,
    "duration": 0,
    "pid": 5428,
    "index": 53
  },
  {
    "name": "Require(44) node_modules/egg-logrotator/app.js",
    "start": 1629271874702,
    "end": 1629271874703,
    "duration": 1,
    "pid": 5428,
    "index": 54
  },
  {
    "name": "Require(45) node_modules/egg-static/app.js",
    "start": 1629271874703,
    "end": 1629271874703,
    "duration": 0,
    "pid": 5428,
    "index": 55
  },
  {
    "name": "Require(46) node_modules/egg-jwt/app.js",
    "start": 1629271874705,
    "end": 1629271874705,
    "duration": 0,
    "pid": 5428,
    "index": 56
  },
  {
    "name": "Require(47) node_modules/egg-cors/app.js",
    "start": 1629271874706,
    "end": 1629271874706,
    "duration": 0,
    "pid": 5428,
    "index": 57
  },
  {
    "name": "Require(48) node_modules/egg-view-ejs/app.js",
    "start": 1629271874707,
    "end": 1629271874707,
    "duration": 0,
    "pid": 5428,
    "index": 58
  },
  {
    "name": "Require(49) app.js",
    "start": 1629271874709,
    "end": 1629271874710,
    "duration": 1,
    "pid": 5428,
    "index": 59
  },
  {
    "name": "Before Start in node_modules/egg-watcher/lib/init.js:15:14",
    "start": 1629271874721,
    "end": 1629271875960,
    "duration": 1239,
    "pid": 5428,
    "index": 60
  },
  {
    "name": "Did Load in app.js:didLoad",
    "start": 1629271874763,
    "end": 1629271875940,
    "duration": 1177,
    "pid": 5428,
    "index": 61
  },
  {
    "name": "Load Service",
    "start": 1629271874763,
    "end": 1629271874826,
    "duration": 63,
    "pid": 5428,
    "index": 62
  },
  {
    "name": "Load \"service\" to Context",
    "start": 1629271874763,
    "end": 1629271874826,
    "duration": 63,
    "pid": 5428,
    "index": 63
  },
  {
    "name": "Load Middleware",
    "start": 1629271874826,
    "end": 1629271874970,
    "duration": 144,
    "pid": 5428,
    "index": 64
  },
  {
    "name": "Load \"middlewares\" to Application",
    "start": 1629271874826,
    "end": 1629271874947,
    "duration": 121,
    "pid": 5428,
    "index": 65
  },
  {
    "name": "Load Controller",
    "start": 1629271874970,
    "end": 1629271874980,
    "duration": 10,
    "pid": 5428,
    "index": 66
  },
  {
    "name": "Load \"controller\" to Application",
    "start": 1629271874970,
    "end": 1629271874979,
    "duration": 9,
    "pid": 5428,
    "index": 67
  },
  {
    "name": "Load Router",
    "start": 1629271874980,
    "end": 1629271874984,
    "duration": 4,
    "pid": 5428,
    "index": 68
  },
  {
    "name": "Require(50) app/router/index.js",
    "start": 1629271874981,
    "end": 1629271874981,
    "duration": 0,
    "pid": 5428,
    "index": 69
  },
  {
    "name": "Before Start in node_modules/egg-core/lib/egg.js:303:10",
    "start": 1629271874982,
    "end": 1629271875940,
    "duration": 958,
    "pid": 5428,
    "index": 70
  },
  {
    "name": "Will Ready in app.js:willReady",
    "start": 1629271875961,
    "end": 1629271875961,
    "duration": 0,
    "pid": 5428,
    "index": 71
  }
]