[
  {
    "name": "Process Start",
    "start": 1629269281652,
    "end": 1629269282762,
    "duration": 1110,
    "pid": 30712,
    "index": 0
  },
  {
    "name": "Application Start",
    "start": 1629269282763,
    "end": 1629269284500,
    "duration": 1737,
    "pid": 30712,
    "index": 1
  },
  {
    "name": "Load Plugin",
    "start": 1629269282772,
    "end": 1629269282793,
    "duration": 21,
    "pid": 30712,
    "index": 2
  },
  {
    "name": "Load Config",
    "start": 1629269282793,
    "end": 1629269282858,
    "duration": 65,
    "pid": 30712,
    "index": 3
  },
  {
    "name": "Require(0) config/config.default.js",
    "start": 1629269282794,
    "end": 1629269282831,
    "duration": 37,
    "pid": 30712,
    "index": 4
  },
  {
    "name": "Require(1) config/config.prod.js",
    "start": 1629269282833,
    "end": 1629269282834,
    "duration": 1,
    "pid": 30712,
    "index": 5
  },
  {
    "name": "Require(2) node_modules/egg-session/config/config.default.js",
    "start": 1629269282834,
    "end": 1629269282835,
    "duration": 1,
    "pid": 30712,
    "index": 6
  },
  {
    "name": "Require(3) node_modules/egg-security/config/config.default.js",
    "start": 1629269282835,
    "end": 1629269282836,
    "duration": 1,
    "pid": 30712,
    "index": 7
  },
  {
    "name": "Require(4) node_modules/egg-jsonp/config/config.default.js",
    "start": 1629269282837,
    "end": 1629269282838,
    "duration": 1,
    "pid": 30712,
    "index": 8
  },
  {
    "name": "Require(5) node_modules/egg-onerror/config/config.default.js",
    "start": 1629269282838,
    "end": 1629269282838,
    "duration": 0,
    "pid": 30712,
    "index": 9
  },
  {
    "name": "Require(6) node_modules/egg-i18n/config/config.default.js",
    "start": 1629269282839,
    "end": 1629269282839,
    "duration": 0,
    "pid": 30712,
    "index": 10
  },
  {
    "name": "Require(7) node_modules/egg-watcher/config/config.default.js",
    "start": 1629269282840,
    "end": 1629269282840,
    "duration": 0,
    "pid": 30712,
    "index": 11
  },
  {
    "name": "Require(8) node_modules/egg-schedule/config/config.default.js",
    "start": 1629269282841,
    "end": 1629269282841,
    "duration": 0,
    "pid": 30712,
    "index": 12
  },
  {
    "name": "Require(9) node_modules/egg-multipart/config/config.default.js",
    "start": 1629269282842,
    "end": 1629269282842,
    "duration": 0,
    "pid": 30712,
    "index": 13
  },
  {
    "name": "Require(10) node_modules/egg-logrotator/config/config.default.js",
    "start": 1629269282844,
    "end": 1629269282844,
    "duration": 0,
    "pid": 30712,
    "index": 14
  },
  {
    "name": "Require(11) node_modules/egg-static/config/config.default.js",
    "start": 1629269282844,
    "end": 1629269282845,
    "duration": 1,
    "pid": 30712,
    "index": 15
  },
  {
    "name": "Require(12) node_modules/egg-view/config/config.default.js",
    "start": 1629269282845,
    "end": 1629269282845,
    "duration": 0,
    "pid": 30712,
    "index": 16
  },
  {
    "name": "Require(13) node_modules/egg-jwt/config/config.default.js",
    "start": 1629269282846,
    "end": 1629269282846,
    "duration": 0,
    "pid": 30712,
    "index": 17
  },
  {
    "name": "Require(14) node_modules/egg-cors/config/config.default.js",
    "start": 1629269282847,
    "end": 1629269282847,
    "duration": 0,
    "pid": 30712,
    "index": 18
  },
  {
    "name": "Require(15) node_modules/egg-view-ejs/config/config.default.js",
    "start": 1629269282848,
    "end": 1629269282848,
    "duration": 0,
    "pid": 30712,
    "index": 19
  },
  {
    "name": "Require(16) node_modules/egg/config/config.default.js",
    "start": 1629269282849,
    "end": 1629269282849,
    "duration": 0,
    "pid": 30712,
    "index": 20
  },
  {
    "name": "Require(17) config/config.default.js",
    "start": 1629269282851,
    "end": 1629269282851,
    "duration": 0,
    "pid": 30712,
    "index": 21
  },
  {
    "name": "Require(18) node_modules/egg-static/config/config.prod.js",
    "start": 1629269282855,
    "end": 1629269282855,
    "duration": 0,
    "pid": 30712,
    "index": 22
  },
  {
    "name": "Require(19) config/config.prod.js",
    "start": 1629269282858,
    "end": 1629269282858,
    "duration": 0,
    "pid": 30712,
    "index": 23
  },
  {
    "name": "Load extend/application.js",
    "start": 1629269282867,
    "end": 1629269282942,
    "duration": 75,
    "pid": 30712,
    "index": 24
  },
  {
    "name": "Require(20) node_modules/egg-session/app/extend/application.js",
    "start": 1629269282868,
    "end": 1629269282869,
    "duration": 1,
    "pid": 30712,
    "index": 25
  },
  {
    "name": "Require(21) node_modules/egg-security/app/extend/application.js",
    "start": 1629269282869,
    "end": 1629269282873,
    "duration": 4,
    "pid": 30712,
    "index": 26
  },
  {
    "name": "Require(22) node_modules/egg-jsonp/app/extend/application.js",
    "start": 1629269282873,
    "end": 1629269282875,
    "duration": 2,
    "pid": 30712,
    "index": 27
  },
  {
    "name": "Require(23) node_modules/egg-logrotator/app/extend/application.js",
    "start": 1629269282877,
    "end": 1629269282879,
    "duration": 2,
    "pid": 30712,
    "index": 28
  },
  {
    "name": "Require(24) node_modules/egg-view/app/extend/application.js",
    "start": 1629269282880,
    "end": 1629269282882,
    "duration": 2,
    "pid": 30712,
    "index": 29
  },
  {
    "name": "Require(25) node_modules/egg-jwt/app/extend/application.js",
    "start": 1629269282882,
    "end": 1629269282934,
    "duration": 52,
    "pid": 30712,
    "index": 30
  },
  {
    "name": "Load extend/request.js",
    "start": 1629269282942,
    "end": 1629269282957,
    "duration": 15,
    "pid": 30712,
    "index": 31
  },
  {
    "name": "Require(26) node_modules/egg/app/extend/request.js",
    "start": 1629269282947,
    "end": 1629269282949,
    "duration": 2,
    "pid": 30712,
    "index": 32
  },
  {
    "name": "Load extend/response.js",
    "start": 1629269282957,
    "end": 1629269282973,
    "duration": 16,
    "pid": 30712,
    "index": 33
  },
  {
    "name": "Require(27) node_modules/egg/app/extend/response.js",
    "start": 1629269282963,
    "end": 1629269282966,
    "duration": 3,
    "pid": 30712,
    "index": 34
  },
  {
    "name": "Load extend/context.js",
    "start": 1629269282973,
    "end": 1629269283044,
    "duration": 71,
    "pid": 30712,
    "index": 35
  },
  {
    "name": "Require(28) node_modules/egg-security/app/extend/context.js",
    "start": 1629269282974,
    "end": 1629269282987,
    "duration": 13,
    "pid": 30712,
    "index": 36
  },
  {
    "name": "Require(29) node_modules/egg-jsonp/app/extend/context.js",
    "start": 1629269282988,
    "end": 1629269282989,
    "duration": 1,
    "pid": 30712,
    "index": 37
  },
  {
    "name": "Require(30) node_modules/egg-i18n/app/extend/context.js",
    "start": 1629269282990,
    "end": 1629269282990,
    "duration": 0,
    "pid": 30712,
    "index": 38
  },
  {
    "name": "Require(31) node_modules/egg-multipart/app/extend/context.js",
    "start": 1629269282991,
    "end": 1629269283033,
    "duration": 42,
    "pid": 30712,
    "index": 39
  },
  {
    "name": "Require(32) node_modules/egg-view/app/extend/context.js",
    "start": 1629269283034,
    "end": 1629269283035,
    "duration": 1,
    "pid": 30712,
    "index": 40
  },
  {
    "name": "Require(33) node_modules/egg/app/extend/context.js",
    "start": 1629269283037,
    "end": 1629269283037,
    "duration": 0,
    "pid": 30712,
    "index": 41
  },
  {
    "name": "Require(34) app/extend/context.js",
    "start": 1629269283038,
    "end": 1629269283038,
    "duration": 0,
    "pid": 30712,
    "index": 42
  },
  {
    "name": "Load extend/helper.js",
    "start": 1629269283044,
    "end": 1629269283073,
    "duration": 29,
    "pid": 30712,
    "index": 43
  },
  {
    "name": "Require(35) node_modules/egg-security/app/extend/helper.js",
    "start": 1629269283045,
    "end": 1629269283062,
    "duration": 17,
    "pid": 30712,
    "index": 44
  },
  {
    "name": "Require(36) node_modules/egg/app/extend/helper.js",
    "start": 1629269283066,
    "end": 1629269283067,
    "duration": 1,
    "pid": 30712,
    "index": 45
  },
  {
    "name": "Load app.js",
    "start": 1629269283073,
    "end": 1629269283118,
    "duration": 45,
    "pid": 30712,
    "index": 46
  },
  {
    "name": "Require(37) node_modules/egg-session/app.js",
    "start": 1629269283074,
    "end": 1629269283074,
    "duration": 0,
    "pid": 30712,
    "index": 47
  },
  {
    "name": "Require(38) node_modules/egg-security/app.js",
    "start": 1629269283074,
    "end": 1629269283076,
    "duration": 2,
    "pid": 30712,
    "index": 48
  },
  {
    "name": "Require(39) node_modules/egg-onerror/app.js",
    "start": 1629269283077,
    "end": 1629269283084,
    "duration": 7,
    "pid": 30712,
    "index": 49
  },
  {
    "name": "Require(40) node_modules/egg-i18n/app.js",
    "start": 1629269283085,
    "end": 1629269283105,
    "duration": 20,
    "pid": 30712,
    "index": 50
  },
  {
    "name": "Require(41) node_modules/egg-watcher/app.js",
    "start": 1629269283106,
    "end": 1629269283109,
    "duration": 3,
    "pid": 30712,
    "index": 51
  },
  {
    "name": "Require(42) node_modules/egg-schedule/app.js",
    "start": 1629269283110,
    "end": 1629269283111,
    "duration": 1,
    "pid": 30712,
    "index": 52
  },
  {
    "name": "Require(43) node_modules/egg-multipart/app.js",
    "start": 1629269283111,
    "end": 1629269283112,
    "duration": 1,
    "pid": 30712,
    "index": 53
  },
  {
    "name": "Require(44) node_modules/egg-logrotator/app.js",
    "start": 1629269283112,
    "end": 1629269283112,
    "duration": 0,
    "pid": 30712,
    "index": 54
  },
  {
    "name": "Require(45) node_modules/egg-static/app.js",
    "start": 1629269283113,
    "end": 1629269283113,
    "duration": 0,
    "pid": 30712,
    "index": 55
  },
  {
    "name": "Require(46) node_modules/egg-jwt/app.js",
    "start": 1629269283114,
    "end": 1629269283114,
    "duration": 0,
    "pid": 30712,
    "index": 56
  },
  {
    "name": "Require(47) node_modules/egg-cors/app.js",
    "start": 1629269283115,
    "end": 1629269283115,
    "duration": 0,
    "pid": 30712,
    "index": 57
  },
  {
    "name": "Require(48) node_modules/egg-view-ejs/app.js",
    "start": 1629269283115,
    "end": 1629269283115,
    "duration": 0,
    "pid": 30712,
    "index": 58
  },
  {
    "name": "Require(49) app.js",
    "start": 1629269283116,
    "end": 1629269283117,
    "duration": 1,
    "pid": 30712,
    "index": 59
  },
  {
    "name": "Before Start in node_modules/egg-watcher/lib/init.js:15:14",
    "start": 1629269283130,
    "end": 1629269284498,
    "duration": 1368,
    "pid": 30712,
    "index": 60
  },
  {
    "name": "Did Load in app.js:didLoad",
    "start": 1629269283176,
    "end": 1629269284476,
    "duration": 1300,
    "pid": 30712,
    "index": 61
  },
  {
    "name": "Load Service",
    "start": 1629269283176,
    "end": 1629269283270,
    "duration": 94,
    "pid": 30712,
    "index": 62
  },
  {
    "name": "Load \"service\" to Context",
    "start": 1629269283176,
    "end": 1629269283270,
    "duration": 94,
    "pid": 30712,
    "index": 63
  },
  {
    "name": "Load Middleware",
    "start": 1629269283270,
    "end": 1629269283466,
    "duration": 196,
    "pid": 30712,
    "index": 64
  },
  {
    "name": "Load \"middlewares\" to Application",
    "start": 1629269283270,
    "end": 1629269283421,
    "duration": 151,
    "pid": 30712,
    "index": 65
  },
  {
    "name": "Load Controller",
    "start": 1629269283466,
    "end": 1629269283478,
    "duration": 12,
    "pid": 30712,
    "index": 66
  },
  {
    "name": "Load \"controller\" to Application",
    "start": 1629269283466,
    "end": 1629269283477,
    "duration": 11,
    "pid": 30712,
    "index": 67
  },
  {
    "name": "Load Router",
    "start": 1629269283478,
    "end": 1629269283487,
    "duration": 9,
    "pid": 30712,
    "index": 68
  },
  {
    "name": "Require(50) app/router/index.js",
    "start": 1629269283479,
    "end": 1629269283480,
    "duration": 1,
    "pid": 30712,
    "index": 69
  },
  {
    "name": "Before Start in node_modules/egg-core/lib/egg.js:303:10",
    "start": 1629269283480,
    "end": 1629269284476,
    "duration": 996,
    "pid": 30712,
    "index": 70
  },
  {
    "name": "Will Ready in app.js:willReady",
    "start": 1629269284498,
    "end": 1629269284499,
    "duration": 1,
    "pid": 30712,
    "index": 71
  }
]