[
  {
    "name": "Process Start",
    "start": 1629270882664,
    "end": 1629270883663,
    "duration": 999,
    "pid": 31732,
    "index": 0
  },
  {
    "name": "Application Start",
    "start": 1629270883664,
    "end": 1629270885412,
    "duration": 1748,
    "pid": 31732,
    "index": 1
  },
  {
    "name": "Load Plugin",
    "start": 1629270883672,
    "end": 1629270883705,
    "duration": 33,
    "pid": 31732,
    "index": 2
  },
  {
    "name": "Load Config",
    "start": 1629270883705,
    "end": 1629270883770,
    "duration": 65,
    "pid": 31732,
    "index": 3
  },
  {
    "name": "Require(0) config/config.default.js",
    "start": 1629270883706,
    "end": 1629270883747,
    "duration": 41,
    "pid": 31732,
    "index": 4
  },
  {
    "name": "Require(1) config/config.prod.js",
    "start": 1629270883749,
    "end": 1629270883749,
    "duration": 0,
    "pid": 31732,
    "index": 5
  },
  {
    "name": "Require(2) node_modules/egg-session/config/config.default.js",
    "start": 1629270883750,
    "end": 1629270883750,
    "duration": 0,
    "pid": 31732,
    "index": 6
  },
  {
    "name": "Require(3) node_modules/egg-security/config/config.default.js",
    "start": 1629270883751,
    "end": 1629270883751,
    "duration": 0,
    "pid": 31732,
    "index": 7
  },
  {
    "name": "Require(4) node_modules/egg-jsonp/config/config.default.js",
    "start": 1629270883752,
    "end": 1629270883752,
    "duration": 0,
    "pid": 31732,
    "index": 8
  },
  {
    "name": "Require(5) node_modules/egg-onerror/config/config.default.js",
    "start": 1629270883753,
    "end": 1629270883753,
    "duration": 0,
    "pid": 31732,
    "index": 9
  },
  {
    "name": "Require(6) node_modules/egg-i18n/config/config.default.js",
    "start": 1629270883754,
    "end": 1629270883754,
    "duration": 0,
    "pid": 31732,
    "index": 10
  },
  {
    "name": "Require(7) node_modules/egg-watcher/config/config.default.js",
    "start": 1629270883754,
    "end": 1629270883755,
    "duration": 1,
    "pid": 31732,
    "index": 11
  },
  {
    "name": "Require(8) node_modules/egg-schedule/config/config.default.js",
    "start": 1629270883755,
    "end": 1629270883755,
    "duration": 0,
    "pid": 31732,
    "index": 12
  },
  {
    "name": "Require(9) node_modules/egg-multipart/config/config.default.js",
    "start": 1629270883756,
    "end": 1629270883756,
    "duration": 0,
    "pid": 31732,
    "index": 13
  },
  {
    "name": "Require(10) node_modules/egg-logrotator/config/config.default.js",
    "start": 1629270883757,
    "end": 1629270883757,
    "duration": 0,
    "pid": 31732,
    "index": 14
  },
  {
    "name": "Require(11) node_modules/egg-static/config/config.default.js",
    "start": 1629270883758,
    "end": 1629270883758,
    "duration": 0,
    "pid": 31732,
    "index": 15
  },
  {
    "name": "Require(12) node_modules/egg-view/config/config.default.js",
    "start": 1629270883759,
    "end": 1629270883759,
    "duration": 0,
    "pid": 31732,
    "index": 16
  },
  {
    "name": "Require(13) node_modules/egg-jwt/config/config.default.js",
    "start": 1629270883759,
    "end": 1629270883760,
    "duration": 1,
    "pid": 31732,
    "index": 17
  },
  {
    "name": "Require(14) node_modules/egg-cors/config/config.default.js",
    "start": 1629270883760,
    "end": 1629270883760,
    "duration": 0,
    "pid": 31732,
    "index": 18
  },
  {
    "name": "Require(15) node_modules/egg-view-ejs/config/config.default.js",
    "start": 1629270883761,
    "end": 1629270883762,
    "duration": 1,
    "pid": 31732,
    "index": 19
  },
  {
    "name": "Require(16) node_modules/egg/config/config.default.js",
    "start": 1629270883762,
    "end": 1629270883763,
    "duration": 1,
    "pid": 31732,
    "index": 20
  },
  {
    "name": "Require(17) config/config.default.js",
    "start": 1629270883764,
    "end": 1629270883764,
    "duration": 0,
    "pid": 31732,
    "index": 21
  },
  {
    "name": "Require(18) node_modules/egg-static/config/config.prod.js",
    "start": 1629270883768,
    "end": 1629270883768,
    "duration": 0,
    "pid": 31732,
    "index": 22
  },
  {
    "name": "Require(19) config/config.prod.js",
    "start": 1629270883770,
    "end": 1629270883770,
    "duration": 0,
    "pid": 31732,
    "index": 23
  },
  {
    "name": "Load extend/application.js",
    "start": 1629270883776,
    "end": 1629270883850,
    "duration": 74,
    "pid": 31732,
    "index": 24
  },
  {
    "name": "Require(20) node_modules/egg-session/app/extend/application.js",
    "start": 1629270883777,
    "end": 1629270883778,
    "duration": 1,
    "pid": 31732,
    "index": 25
  },
  {
    "name": "Require(21) node_modules/egg-security/app/extend/application.js",
    "start": 1629270883779,
    "end": 1629270883782,
    "duration": 3,
    "pid": 31732,
    "index": 26
  },
  {
    "name": "Require(22) node_modules/egg-jsonp/app/extend/application.js",
    "start": 1629270883783,
    "end": 1629270883785,
    "duration": 2,
    "pid": 31732,
    "index": 27
  },
  {
    "name": "Require(23) node_modules/egg-logrotator/app/extend/application.js",
    "start": 1629270883789,
    "end": 1629270883791,
    "duration": 2,
    "pid": 31732,
    "index": 28
  },
  {
    "name": "Require(24) node_modules/egg-view/app/extend/application.js",
    "start": 1629270883792,
    "end": 1629270883794,
    "duration": 2,
    "pid": 31732,
    "index": 29
  },
  {
    "name": "Require(25) node_modules/egg-jwt/app/extend/application.js",
    "start": 1629270883794,
    "end": 1629270883843,
    "duration": 49,
    "pid": 31732,
    "index": 30
  },
  {
    "name": "Load extend/request.js",
    "start": 1629270883850,
    "end": 1629270883868,
    "duration": 18,
    "pid": 31732,
    "index": 31
  },
  {
    "name": "Require(26) node_modules/egg/app/extend/request.js",
    "start": 1629270883857,
    "end": 1629270883859,
    "duration": 2,
    "pid": 31732,
    "index": 32
  },
  {
    "name": "Load extend/response.js",
    "start": 1629270883868,
    "end": 1629270883884,
    "duration": 16,
    "pid": 31732,
    "index": 33
  },
  {
    "name": "Require(27) node_modules/egg/app/extend/response.js",
    "start": 1629270883874,
    "end": 1629270883876,
    "duration": 2,
    "pid": 31732,
    "index": 34
  },
  {
    "name": "Load extend/context.js",
    "start": 1629270883884,
    "end": 1629270883973,
    "duration": 89,
    "pid": 31732,
    "index": 35
  },
  {
    "name": "Require(28) node_modules/egg-security/app/extend/context.js",
    "start": 1629270883886,
    "end": 1629270883897,
    "duration": 11,
    "pid": 31732,
    "index": 36
  },
  {
    "name": "Require(29) node_modules/egg-jsonp/app/extend/context.js",
    "start": 1629270883897,
    "end": 1629270883900,
    "duration": 3,
    "pid": 31732,
    "index": 37
  },
  {
    "name": "Require(30) node_modules/egg-i18n/app/extend/context.js",
    "start": 1629270883901,
    "end": 1629270883902,
    "duration": 1,
    "pid": 31732,
    "index": 38
  },
  {
    "name": "Require(31) node_modules/egg-multipart/app/extend/context.js",
    "start": 1629270883903,
    "end": 1629270883960,
    "duration": 57,
    "pid": 31732,
    "index": 39
  },
  {
    "name": "Require(32) node_modules/egg-view/app/extend/context.js",
    "start": 1629270883962,
    "end": 1629270883963,
    "duration": 1,
    "pid": 31732,
    "index": 40
  },
  {
    "name": "Require(33) node_modules/egg/app/extend/context.js",
    "start": 1629270883965,
    "end": 1629270883966,
    "duration": 1,
    "pid": 31732,
    "index": 41
  },
  {
    "name": "Require(34) app/extend/context.js",
    "start": 1629270883967,
    "end": 1629270883967,
    "duration": 0,
    "pid": 31732,
    "index": 42
  },
  {
    "name": "Load extend/helper.js",
    "start": 1629270883973,
    "end": 1629270884009,
    "duration": 36,
    "pid": 31732,
    "index": 43
  },
  {
    "name": "Require(35) node_modules/egg-security/app/extend/helper.js",
    "start": 1629270883973,
    "end": 1629270883995,
    "duration": 22,
    "pid": 31732,
    "index": 44
  },
  {
    "name": "Require(36) node_modules/egg/app/extend/helper.js",
    "start": 1629270884000,
    "end": 1629270884000,
    "duration": 0,
    "pid": 31732,
    "index": 45
  },
  {
    "name": "Load app.js",
    "start": 1629270884009,
    "end": 1629270884053,
    "duration": 44,
    "pid": 31732,
    "index": 46
  },
  {
    "name": "Require(37) node_modules/egg-session/app.js",
    "start": 1629270884010,
    "end": 1629270884010,
    "duration": 0,
    "pid": 31732,
    "index": 47
  },
  {
    "name": "Require(38) node_modules/egg-security/app.js",
    "start": 1629270884010,
    "end": 1629270884012,
    "duration": 2,
    "pid": 31732,
    "index": 48
  },
  {
    "name": "Require(39) node_modules/egg-onerror/app.js",
    "start": 1629270884013,
    "end": 1629270884021,
    "duration": 8,
    "pid": 31732,
    "index": 49
  },
  {
    "name": "Require(40) node_modules/egg-i18n/app.js",
    "start": 1629270884022,
    "end": 1629270884041,
    "duration": 19,
    "pid": 31732,
    "index": 50
  },
  {
    "name": "Require(41) node_modules/egg-watcher/app.js",
    "start": 1629270884041,
    "end": 1629270884045,
    "duration": 4,
    "pid": 31732,
    "index": 51
  },
  {
    "name": "Require(42) node_modules/egg-schedule/app.js",
    "start": 1629270884045,
    "end": 1629270884046,
    "duration": 1,
    "pid": 31732,
    "index": 52
  },
  {
    "name": "Require(43) node_modules/egg-multipart/app.js",
    "start": 1629270884047,
    "end": 1629270884047,
    "duration": 0,
    "pid": 31732,
    "index": 53
  },
  {
    "name": "Require(44) node_modules/egg-logrotator/app.js",
    "start": 1629270884048,
    "end": 1629270884048,
    "duration": 0,
    "pid": 31732,
    "index": 54
  },
  {
    "name": "Require(45) node_modules/egg-static/app.js",
    "start": 1629270884048,
    "end": 1629270884049,
    "duration": 1,
    "pid": 31732,
    "index": 55
  },
  {
    "name": "Require(46) node_modules/egg-jwt/app.js",
    "start": 1629270884050,
    "end": 1629270884050,
    "duration": 0,
    "pid": 31732,
    "index": 56
  },
  {
    "name": "Require(47) node_modules/egg-cors/app.js",
    "start": 1629270884050,
    "end": 1629270884051,
    "duration": 1,
    "pid": 31732,
    "index": 57
  },
  {
    "name": "Require(48) node_modules/egg-view-ejs/app.js",
    "start": 1629270884051,
    "end": 1629270884051,
    "duration": 0,
    "pid": 31732,
    "index": 58
  },
  {
    "name": "Require(49) app.js",
    "start": 1629270884052,
    "end": 1629270884053,
    "duration": 1,
    "pid": 31732,
    "index": 59
  },
  {
    "name": "Before Start in node_modules/egg-watcher/lib/init.js:15:14",
    "start": 1629270884064,
    "end": 1629270885409,
    "duration": 1345,
    "pid": 31732,
    "index": 60
  },
  {
    "name": "Did Load in app.js:didLoad",
    "start": 1629270884106,
    "end": 1629270885393,
    "duration": 1287,
    "pid": 31732,
    "index": 61
  },
  {
    "name": "Load Service",
    "start": 1629270884106,
    "end": 1629270884189,
    "duration": 83,
    "pid": 31732,
    "index": 62
  },
  {
    "name": "Load \"service\" to Context",
    "start": 1629270884106,
    "end": 1629270884189,
    "duration": 83,
    "pid": 31732,
    "index": 63
  },
  {
    "name": "Load Middleware",
    "start": 1629270884190,
    "end": 1629270884412,
    "duration": 222,
    "pid": 31732,
    "index": 64
  },
  {
    "name": "Load \"middlewares\" to Application",
    "start": 1629270884190,
    "end": 1629270884383,
    "duration": 193,
    "pid": 31732,
    "index": 65
  },
  {
    "name": "Load Controller",
    "start": 1629270884412,
    "end": 1629270884425,
    "duration": 13,
    "pid": 31732,
    "index": 66
  },
  {
    "name": "Load \"controller\" to Application",
    "start": 1629270884412,
    "end": 1629270884424,
    "duration": 12,
    "pid": 31732,
    "index": 67
  },
  {
    "name": "Load Router",
    "start": 1629270884425,
    "end": 1629270884430,
    "duration": 5,
    "pid": 31732,
    "index": 68
  },
  {
    "name": "Require(50) app/router/index.js",
    "start": 1629270884426,
    "end": 1629270884427,
    "duration": 1,
    "pid": 31732,
    "index": 69
  },
  {
    "name": "Before Start in node_modules/egg-core/lib/egg.js:303:10",
    "start": 1629270884427,
    "end": 1629270885393,
    "duration": 966,
    "pid": 31732,
    "index": 70
  },
  {
    "name": "Will Ready in app.js:willReady",
    "start": 1629270885411,
    "end": 1629270885412,
    "duration": 1,
    "pid": 31732,
    "index": 71
  }
]