[
  {
    "name": "Process Start",
    "start": 1625193466504,
    "end": 1625193467410,
    "duration": 906,
    "pid": 26768,
    "index": 0
  },
  {
    "name": "Application Start",
    "start": 1625193467411,
    "end": 1625193468995,
    "duration": 1584,
    "pid": 26768,
    "index": 1
  },
  {
    "name": "Load Plugin",
    "start": 1625193467420,
    "end": 1625193467437,
    "duration": 17,
    "pid": 26768,
    "index": 2
  },
  {
    "name": "Load Config",
    "start": 1625193467437,
    "end": 1625193467497,
    "duration": 60,
    "pid": 26768,
    "index": 3
  },
  {
    "name": "Require(0) config/config.default.js",
    "start": 1625193467438,
    "end": 1625193467469,
    "duration": 31,
    "pid": 26768,
    "index": 4
  },
  {
    "name": "Require(1) config/config.local.js",
    "start": 1625193467471,
    "end": 1625193467471,
    "duration": 0,
    "pid": 26768,
    "index": 5
  },
  {
    "name": "Require(2) node_modules/egg-session/config/config.default.js",
    "start": 1625193467472,
    "end": 1625193467473,
    "duration": 1,
    "pid": 26768,
    "index": 6
  },
  {
    "name": "Require(3) node_modules/egg-security/config/config.default.js",
    "start": 1625193467474,
    "end": 1625193467474,
    "duration": 0,
    "pid": 26768,
    "index": 7
  },
  {
    "name": "Require(4) node_modules/egg-jsonp/config/config.default.js",
    "start": 1625193467475,
    "end": 1625193467475,
    "duration": 0,
    "pid": 26768,
    "index": 8
  },
  {
    "name": "Require(5) node_modules/egg-onerror/config/config.default.js",
    "start": 1625193467476,
    "end": 1625193467476,
    "duration": 0,
    "pid": 26768,
    "index": 9
  },
  {
    "name": "Require(6) node_modules/egg-i18n/config/config.default.js",
    "start": 1625193467477,
    "end": 1625193467477,
    "duration": 0,
    "pid": 26768,
    "index": 10
  },
  {
    "name": "Require(7) node_modules/egg-watcher/config/config.default.js",
    "start": 1625193467478,
    "end": 1625193467478,
    "duration": 0,
    "pid": 26768,
    "index": 11
  },
  {
    "name": "Require(8) node_modules/egg-schedule/config/config.default.js",
    "start": 1625193467478,
    "end": 1625193467479,
    "duration": 1,
    "pid": 26768,
    "index": 12
  },
  {
    "name": "Require(9) node_modules/egg-multipart/config/config.default.js",
    "start": 1625193467479,
    "end": 1625193467479,
    "duration": 0,
    "pid": 26768,
    "index": 13
  },
  {
    "name": "Require(10) node_modules/egg-development/config/config.default.js",
    "start": 1625193467480,
    "end": 1625193467480,
    "duration": 0,
    "pid": 26768,
    "index": 14
  },
  {
    "name": "Require(11) node_modules/egg-logrotator/config/config.default.js",
    "start": 1625193467481,
    "end": 1625193467481,
    "duration": 0,
    "pid": 26768,
    "index": 15
  },
  {
    "name": "Require(12) node_modules/egg-static/config/config.default.js",
    "start": 1625193467482,
    "end": 1625193467482,
    "duration": 0,
    "pid": 26768,
    "index": 16
  },
  {
    "name": "Require(13) node_modules/egg-view/config/config.default.js",
    "start": 1625193467483,
    "end": 1625193467484,
    "duration": 1,
    "pid": 26768,
    "index": 17
  },
  {
    "name": "Require(14) node_modules/egg-jwt/config/config.default.js",
    "start": 1625193467484,
    "end": 1625193467484,
    "duration": 0,
    "pid": 26768,
    "index": 18
  },
  {
    "name": "Require(15) node_modules/egg-cors/config/config.default.js",
    "start": 1625193467485,
    "end": 1625193467485,
    "duration": 0,
    "pid": 26768,
    "index": 19
  },
  {
    "name": "Require(16) node_modules/egg-view-ejs/config/config.default.js",
    "start": 1625193467486,
    "end": 1625193467487,
    "duration": 1,
    "pid": 26768,
    "index": 20
  },
  {
    "name": "Require(17) node_modules/egg/config/config.default.js",
    "start": 1625193467488,
    "end": 1625193467488,
    "duration": 0,
    "pid": 26768,
    "index": 21
  },
  {
    "name": "Require(18) config/config.default.js",
    "start": 1625193467489,
    "end": 1625193467489,
    "duration": 0,
    "pid": 26768,
    "index": 22
  },
  {
    "name": "Require(19) node_modules/egg-security/config/config.local.js",
    "start": 1625193467490,
    "end": 1625193467490,
    "duration": 0,
    "pid": 26768,
    "index": 23
  },
  {
    "name": "Require(20) node_modules/egg-watcher/config/config.local.js",
    "start": 1625193467492,
    "end": 1625193467492,
    "duration": 0,
    "pid": 26768,
    "index": 24
  },
  {
    "name": "Require(21) node_modules/egg-view/config/config.local.js",
    "start": 1625193467495,
    "end": 1625193467495,
    "duration": 0,
    "pid": 26768,
    "index": 25
  },
  {
    "name": "Require(22) node_modules/egg-view-ejs/config/config.local.js",
    "start": 1625193467496,
    "end": 1625193467497,
    "duration": 1,
    "pid": 26768,
    "index": 26
  },
  {
    "name": "Require(23) node_modules/egg/config/config.local.js",
    "start": 1625193467497,
    "end": 1625193467497,
    "duration": 0,
    "pid": 26768,
    "index": 27
  },
  {
    "name": "Require(24) config/config.local.js",
    "start": 1625193467497,
    "end": 1625193467497,
    "duration": 0,
    "pid": 26768,
    "index": 28
  },
  {
    "name": "Load extend/application.js",
    "start": 1625193467503,
    "end": 1625193467564,
    "duration": 61,
    "pid": 26768,
    "index": 29
  },
  {
    "name": "Require(25) node_modules/egg-session/app/extend/application.js",
    "start": 1625193467504,
    "end": 1625193467504,
    "duration": 0,
    "pid": 26768,
    "index": 30
  },
  {
    "name": "Require(26) node_modules/egg-security/app/extend/application.js",
    "start": 1625193467505,
    "end": 1625193467506,
    "duration": 1,
    "pid": 26768,
    "index": 31
  },
  {
    "name": "Require(27) node_modules/egg-jsonp/app/extend/application.js",
    "start": 1625193467506,
    "end": 1625193467508,
    "duration": 2,
    "pid": 26768,
    "index": 32
  },
  {
    "name": "Require(28) node_modules/egg-logrotator/app/extend/application.js",
    "start": 1625193467510,
    "end": 1625193467512,
    "duration": 2,
    "pid": 26768,
    "index": 33
  },
  {
    "name": "Require(29) node_modules/egg-view/app/extend/application.js",
    "start": 1625193467513,
    "end": 1625193467514,
    "duration": 1,
    "pid": 26768,
    "index": 34
  },
  {
    "name": "Require(30) node_modules/egg-jwt/app/extend/application.js",
    "start": 1625193467514,
    "end": 1625193467556,
    "duration": 42,
    "pid": 26768,
    "index": 35
  },
  {
    "name": "Load extend/request.js",
    "start": 1625193467564,
    "end": 1625193467579,
    "duration": 15,
    "pid": 26768,
    "index": 36
  },
  {
    "name": "Require(31) node_modules/egg/app/extend/request.js",
    "start": 1625193467569,
    "end": 1625193467571,
    "duration": 2,
    "pid": 26768,
    "index": 37
  },
  {
    "name": "Load extend/response.js",
    "start": 1625193467579,
    "end": 1625193467592,
    "duration": 13,
    "pid": 26768,
    "index": 38
  },
  {
    "name": "Require(32) node_modules/egg/app/extend/response.js",
    "start": 1625193467585,
    "end": 1625193467587,
    "duration": 2,
    "pid": 26768,
    "index": 39
  },
  {
    "name": "Load extend/context.js",
    "start": 1625193467592,
    "end": 1625193467666,
    "duration": 74,
    "pid": 26768,
    "index": 40
  },
  {
    "name": "Require(33) node_modules/egg-security/app/extend/context.js",
    "start": 1625193467593,
    "end": 1625193467604,
    "duration": 11,
    "pid": 26768,
    "index": 41
  },
  {
    "name": "Require(34) node_modules/egg-jsonp/app/extend/context.js",
    "start": 1625193467604,
    "end": 1625193467606,
    "duration": 2,
    "pid": 26768,
    "index": 42
  },
  {
    "name": "Require(35) node_modules/egg-i18n/app/extend/context.js",
    "start": 1625193467606,
    "end": 1625193467607,
    "duration": 1,
    "pid": 26768,
    "index": 43
  },
  {
    "name": "Require(36) node_modules/egg-multipart/app/extend/context.js",
    "start": 1625193467608,
    "end": 1625193467652,
    "duration": 44,
    "pid": 26768,
    "index": 44
  },
  {
    "name": "Require(37) node_modules/egg-view/app/extend/context.js",
    "start": 1625193467653,
    "end": 1625193467654,
    "duration": 1,
    "pid": 26768,
    "index": 45
  },
  {
    "name": "Require(38) node_modules/egg/app/extend/context.js",
    "start": 1625193467655,
    "end": 1625193467656,
    "duration": 1,
    "pid": 26768,
    "index": 46
  },
  {
    "name": "Require(39) app/extend/context.js",
    "start": 1625193467657,
    "end": 1625193467657,
    "duration": 0,
    "pid": 26768,
    "index": 47
  },
  {
    "name": "Load extend/helper.js",
    "start": 1625193467666,
    "end": 1625193467698,
    "duration": 32,
    "pid": 26768,
    "index": 48
  },
  {
    "name": "Require(40) node_modules/egg-security/app/extend/helper.js",
    "start": 1625193467667,
    "end": 1625193467686,
    "duration": 19,
    "pid": 26768,
    "index": 49
  },
  {
    "name": "Require(41) node_modules/egg/app/extend/helper.js",
    "start": 1625193467691,
    "end": 1625193467691,
    "duration": 0,
    "pid": 26768,
    "index": 50
  },
  {
    "name": "Load app.js",
    "start": 1625193467698,
    "end": 1625193467746,
    "duration": 48,
    "pid": 26768,
    "index": 51
  },
  {
    "name": "Require(42) node_modules/egg-session/app.js",
    "start": 1625193467698,
    "end": 1625193467699,
    "duration": 1,
    "pid": 26768,
    "index": 52
  },
  {
    "name": "Require(43) node_modules/egg-security/app.js",
    "start": 1625193467699,
    "end": 1625193467700,
    "duration": 1,
    "pid": 26768,
    "index": 53
  },
  {
    "name": "Require(44) node_modules/egg-onerror/app.js",
    "start": 1625193467701,
    "end": 1625193467712,
    "duration": 11,
    "pid": 26768,
    "index": 54
  },
  {
    "name": "Require(45) node_modules/egg-i18n/app.js",
    "start": 1625193467712,
    "end": 1625193467732,
    "duration": 20,
    "pid": 26768,
    "index": 55
  },
  {
    "name": "Require(46) node_modules/egg-watcher/app.js",
    "start": 1625193467732,
    "end": 1625193467737,
    "duration": 5,
    "pid": 26768,
    "index": 56
  },
  {
    "name": "Require(47) node_modules/egg-schedule/app.js",
    "start": 1625193467737,
    "end": 1625193467738,
    "duration": 1,
    "pid": 26768,
    "index": 57
  },
  {
    "name": "Require(48) node_modules/egg-multipart/app.js",
    "start": 1625193467739,
    "end": 1625193467739,
    "duration": 0,
    "pid": 26768,
    "index": 58
  },
  {
    "name": "Require(49) node_modules/egg-development/app.js",
    "start": 1625193467739,
    "end": 1625193467740,
    "duration": 1,
    "pid": 26768,
    "index": 59
  },
  {
    "name": "Require(50) node_modules/egg-logrotator/app.js",
    "start": 1625193467740,
    "end": 1625193467740,
    "duration": 0,
    "pid": 26768,
    "index": 60
  },
  {
    "name": "Require(51) node_modules/egg-static/app.js",
    "start": 1625193467741,
    "end": 1625193467741,
    "duration": 0,
    "pid": 26768,
    "index": 61
  },
  {
    "name": "Require(52) node_modules/egg-jwt/app.js",
    "start": 1625193467742,
    "end": 1625193467742,
    "duration": 0,
    "pid": 26768,
    "index": 62
  },
  {
    "name": "Require(53) node_modules/egg-cors/app.js",
    "start": 1625193467743,
    "end": 1625193467743,
    "duration": 0,
    "pid": 26768,
    "index": 63
  },
  {
    "name": "Require(54) node_modules/egg-view-ejs/app.js",
    "start": 1625193467744,
    "end": 1625193467744,
    "duration": 0,
    "pid": 26768,
    "index": 64
  },
  {
    "name": "Require(55) app.js",
    "start": 1625193467745,
    "end": 1625193467746,
    "duration": 1,
    "pid": 26768,
    "index": 65
  },
  {
    "name": "Before Start in node_modules/egg-watcher/lib/init.js:15:14",
    "start": 1625193467756,
    "end": 1625193468993,
    "duration": 1237,
    "pid": 26768,
    "index": 66
  },
  {
    "name": "Did Load in app.js:didLoad",
    "start": 1625193467790,
    "end": 1625193468977,
    "duration": 1187,
    "pid": 26768,
    "index": 67
  },
  {
    "name": "Load Service",
    "start": 1625193467790,
    "end": 1625193467852,
    "duration": 62,
    "pid": 26768,
    "index": 68
  },
  {
    "name": "Load \"service\" to Context",
    "start": 1625193467790,
    "end": 1625193467852,
    "duration": 62,
    "pid": 26768,
    "index": 69
  },
  {
    "name": "Load Middleware",
    "start": 1625193467852,
    "end": 1625193468008,
    "duration": 156,
    "pid": 26768,
    "index": 70
  },
  {
    "name": "Load \"middlewares\" to Application",
    "start": 1625193467852,
    "end": 1625193467985,
    "duration": 133,
    "pid": 26768,
    "index": 71
  },
  {
    "name": "Load Controller",
    "start": 1625193468008,
    "end": 1625193468016,
    "duration": 8,
    "pid": 26768,
    "index": 72
  },
  {
    "name": "Load \"controller\" to Application",
    "start": 1625193468008,
    "end": 1625193468016,
    "duration": 8,
    "pid": 26768,
    "index": 73
  },
  {
    "name": "Load Router",
    "start": 1625193468016,
    "end": 1625193468021,
    "duration": 5,
    "pid": 26768,
    "index": 74
  },
  {
    "name": "Require(56) app/router/index.js",
    "start": 1625193468017,
    "end": 1625193468018,
    "duration": 1,
    "pid": 26768,
    "index": 75
  },
  {
    "name": "Before Start in node_modules/egg-core/lib/egg.js:303:10",
    "start": 1625193468018,
    "end": 1625193468977,
    "duration": 959,
    "pid": 26768,
    "index": 76
  },
  {
    "name": "Will Ready in app.js:willReady",
    "start": 1625193468994,
    "end": 1625193468994,
    "duration": 0,
    "pid": 26768,
    "index": 77
  }
]