[
  {
    "name": "Process Start",
    "start": 1629270314949,
    "end": 1629270315937,
    "duration": 988,
    "pid": 30104,
    "index": 0
  },
  {
    "name": "Application Start",
    "start": 1629270315937,
    "end": 1629270317505,
    "duration": 1568,
    "pid": 30104,
    "index": 1
  },
  {
    "name": "Load Plugin",
    "start": 1629270315945,
    "end": 1629270315967,
    "duration": 22,
    "pid": 30104,
    "index": 2
  },
  {
    "name": "Load Config",
    "start": 1629270315967,
    "end": 1629270316032,
    "duration": 65,
    "pid": 30104,
    "index": 3
  },
  {
    "name": "Require(0) config/config.default.js",
    "start": 1629270315968,
    "end": 1629270316004,
    "duration": 36,
    "pid": 30104,
    "index": 4
  },
  {
    "name": "Require(1) config/config.prod.js",
    "start": 1629270316006,
    "end": 1629270316007,
    "duration": 1,
    "pid": 30104,
    "index": 5
  },
  {
    "name": "Require(2) node_modules/egg-session/config/config.default.js",
    "start": 1629270316008,
    "end": 1629270316009,
    "duration": 1,
    "pid": 30104,
    "index": 6
  },
  {
    "name": "Require(3) node_modules/egg-security/config/config.default.js",
    "start": 1629270316009,
    "end": 1629270316010,
    "duration": 1,
    "pid": 30104,
    "index": 7
  },
  {
    "name": "Require(4) node_modules/egg-jsonp/config/config.default.js",
    "start": 1629270316012,
    "end": 1629270316012,
    "duration": 0,
    "pid": 30104,
    "index": 8
  },
  {
    "name": "Require(5) node_modules/egg-onerror/config/config.default.js",
    "start": 1629270316013,
    "end": 1629270316013,
    "duration": 0,
    "pid": 30104,
    "index": 9
  },
  {
    "name": "Require(6) node_modules/egg-i18n/config/config.default.js",
    "start": 1629270316013,
    "end": 1629270316014,
    "duration": 1,
    "pid": 30104,
    "index": 10
  },
  {
    "name": "Require(7) node_modules/egg-watcher/config/config.default.js",
    "start": 1629270316014,
    "end": 1629270316014,
    "duration": 0,
    "pid": 30104,
    "index": 11
  },
  {
    "name": "Require(8) node_modules/egg-schedule/config/config.default.js",
    "start": 1629270316015,
    "end": 1629270316015,
    "duration": 0,
    "pid": 30104,
    "index": 12
  },
  {
    "name": "Require(9) node_modules/egg-multipart/config/config.default.js",
    "start": 1629270316016,
    "end": 1629270316016,
    "duration": 0,
    "pid": 30104,
    "index": 13
  },
  {
    "name": "Require(10) node_modules/egg-logrotator/config/config.default.js",
    "start": 1629270316017,
    "end": 1629270316018,
    "duration": 1,
    "pid": 30104,
    "index": 14
  },
  {
    "name": "Require(11) node_modules/egg-static/config/config.default.js",
    "start": 1629270316019,
    "end": 1629270316019,
    "duration": 0,
    "pid": 30104,
    "index": 15
  },
  {
    "name": "Require(12) node_modules/egg-view/config/config.default.js",
    "start": 1629270316020,
    "end": 1629270316020,
    "duration": 0,
    "pid": 30104,
    "index": 16
  },
  {
    "name": "Require(13) node_modules/egg-jwt/config/config.default.js",
    "start": 1629270316021,
    "end": 1629270316022,
    "duration": 1,
    "pid": 30104,
    "index": 17
  },
  {
    "name": "Require(14) node_modules/egg-cors/config/config.default.js",
    "start": 1629270316022,
    "end": 1629270316022,
    "duration": 0,
    "pid": 30104,
    "index": 18
  },
  {
    "name": "Require(15) node_modules/egg-view-ejs/config/config.default.js",
    "start": 1629270316023,
    "end": 1629270316023,
    "duration": 0,
    "pid": 30104,
    "index": 19
  },
  {
    "name": "Require(16) node_modules/egg/config/config.default.js",
    "start": 1629270316024,
    "end": 1629270316024,
    "duration": 0,
    "pid": 30104,
    "index": 20
  },
  {
    "name": "Require(17) config/config.default.js",
    "start": 1629270316026,
    "end": 1629270316026,
    "duration": 0,
    "pid": 30104,
    "index": 21
  },
  {
    "name": "Require(18) node_modules/egg-static/config/config.prod.js",
    "start": 1629270316030,
    "end": 1629270316031,
    "duration": 1,
    "pid": 30104,
    "index": 22
  },
  {
    "name": "Require(19) config/config.prod.js",
    "start": 1629270316032,
    "end": 1629270316032,
    "duration": 0,
    "pid": 30104,
    "index": 23
  },
  {
    "name": "Load extend/application.js",
    "start": 1629270316038,
    "end": 1629270316104,
    "duration": 66,
    "pid": 30104,
    "index": 24
  },
  {
    "name": "Require(20) node_modules/egg-session/app/extend/application.js",
    "start": 1629270316039,
    "end": 1629270316039,
    "duration": 0,
    "pid": 30104,
    "index": 25
  },
  {
    "name": "Require(21) node_modules/egg-security/app/extend/application.js",
    "start": 1629270316040,
    "end": 1629270316042,
    "duration": 2,
    "pid": 30104,
    "index": 26
  },
  {
    "name": "Require(22) node_modules/egg-jsonp/app/extend/application.js",
    "start": 1629270316042,
    "end": 1629270316044,
    "duration": 2,
    "pid": 30104,
    "index": 27
  },
  {
    "name": "Require(23) node_modules/egg-logrotator/app/extend/application.js",
    "start": 1629270316047,
    "end": 1629270316048,
    "duration": 1,
    "pid": 30104,
    "index": 28
  },
  {
    "name": "Require(24) node_modules/egg-view/app/extend/application.js",
    "start": 1629270316050,
    "end": 1629270316051,
    "duration": 1,
    "pid": 30104,
    "index": 29
  },
  {
    "name": "Require(25) node_modules/egg-jwt/app/extend/application.js",
    "start": 1629270316053,
    "end": 1629270316097,
    "duration": 44,
    "pid": 30104,
    "index": 30
  },
  {
    "name": "Load extend/request.js",
    "start": 1629270316104,
    "end": 1629270316118,
    "duration": 14,
    "pid": 30104,
    "index": 31
  },
  {
    "name": "Require(26) node_modules/egg/app/extend/request.js",
    "start": 1629270316109,
    "end": 1629270316110,
    "duration": 1,
    "pid": 30104,
    "index": 32
  },
  {
    "name": "Load extend/response.js",
    "start": 1629270316118,
    "end": 1629270316131,
    "duration": 13,
    "pid": 30104,
    "index": 33
  },
  {
    "name": "Require(27) node_modules/egg/app/extend/response.js",
    "start": 1629270316123,
    "end": 1629270316125,
    "duration": 2,
    "pid": 30104,
    "index": 34
  },
  {
    "name": "Load extend/context.js",
    "start": 1629270316131,
    "end": 1629270316201,
    "duration": 70,
    "pid": 30104,
    "index": 35
  },
  {
    "name": "Require(28) node_modules/egg-security/app/extend/context.js",
    "start": 1629270316132,
    "end": 1629270316144,
    "duration": 12,
    "pid": 30104,
    "index": 36
  },
  {
    "name": "Require(29) node_modules/egg-jsonp/app/extend/context.js",
    "start": 1629270316144,
    "end": 1629270316145,
    "duration": 1,
    "pid": 30104,
    "index": 37
  },
  {
    "name": "Require(30) node_modules/egg-i18n/app/extend/context.js",
    "start": 1629270316146,
    "end": 1629270316147,
    "duration": 1,
    "pid": 30104,
    "index": 38
  },
  {
    "name": "Require(31) node_modules/egg-multipart/app/extend/context.js",
    "start": 1629270316148,
    "end": 1629270316189,
    "duration": 41,
    "pid": 30104,
    "index": 39
  },
  {
    "name": "Require(32) node_modules/egg-view/app/extend/context.js",
    "start": 1629270316190,
    "end": 1629270316192,
    "duration": 2,
    "pid": 30104,
    "index": 40
  },
  {
    "name": "Require(33) node_modules/egg/app/extend/context.js",
    "start": 1629270316194,
    "end": 1629270316195,
    "duration": 1,
    "pid": 30104,
    "index": 41
  },
  {
    "name": "Require(34) app/extend/context.js",
    "start": 1629270316196,
    "end": 1629270316196,
    "duration": 0,
    "pid": 30104,
    "index": 42
  },
  {
    "name": "Load extend/helper.js",
    "start": 1629270316201,
    "end": 1629270316231,
    "duration": 30,
    "pid": 30104,
    "index": 43
  },
  {
    "name": "Require(35) node_modules/egg-security/app/extend/helper.js",
    "start": 1629270316202,
    "end": 1629270316219,
    "duration": 17,
    "pid": 30104,
    "index": 44
  },
  {
    "name": "Require(36) node_modules/egg/app/extend/helper.js",
    "start": 1629270316223,
    "end": 1629270316224,
    "duration": 1,
    "pid": 30104,
    "index": 45
  },
  {
    "name": "Load app.js",
    "start": 1629270316231,
    "end": 1629270316273,
    "duration": 42,
    "pid": 30104,
    "index": 46
  },
  {
    "name": "Require(37) node_modules/egg-session/app.js",
    "start": 1629270316232,
    "end": 1629270316232,
    "duration": 0,
    "pid": 30104,
    "index": 47
  },
  {
    "name": "Require(38) node_modules/egg-security/app.js",
    "start": 1629270316232,
    "end": 1629270316234,
    "duration": 2,
    "pid": 30104,
    "index": 48
  },
  {
    "name": "Require(39) node_modules/egg-onerror/app.js",
    "start": 1629270316235,
    "end": 1629270316243,
    "duration": 8,
    "pid": 30104,
    "index": 49
  },
  {
    "name": "Require(40) node_modules/egg-i18n/app.js",
    "start": 1629270316244,
    "end": 1629270316261,
    "duration": 17,
    "pid": 30104,
    "index": 50
  },
  {
    "name": "Require(41) node_modules/egg-watcher/app.js",
    "start": 1629270316262,
    "end": 1629270316265,
    "duration": 3,
    "pid": 30104,
    "index": 51
  },
  {
    "name": "Require(42) node_modules/egg-schedule/app.js",
    "start": 1629270316265,
    "end": 1629270316266,
    "duration": 1,
    "pid": 30104,
    "index": 52
  },
  {
    "name": "Require(43) node_modules/egg-multipart/app.js",
    "start": 1629270316267,
    "end": 1629270316267,
    "duration": 0,
    "pid": 30104,
    "index": 53
  },
  {
    "name": "Require(44) node_modules/egg-logrotator/app.js",
    "start": 1629270316268,
    "end": 1629270316268,
    "duration": 0,
    "pid": 30104,
    "index": 54
  },
  {
    "name": "Require(45) node_modules/egg-static/app.js",
    "start": 1629270316268,
    "end": 1629270316268,
    "duration": 0,
    "pid": 30104,
    "index": 55
  },
  {
    "name": "Require(46) node_modules/egg-jwt/app.js",
    "start": 1629270316269,
    "end": 1629270316269,
    "duration": 0,
    "pid": 30104,
    "index": 56
  },
  {
    "name": "Require(47) node_modules/egg-cors/app.js",
    "start": 1629270316270,
    "end": 1629270316270,
    "duration": 0,
    "pid": 30104,
    "index": 57
  },
  {
    "name": "Require(48) node_modules/egg-view-ejs/app.js",
    "start": 1629270316271,
    "end": 1629270316271,
    "duration": 0,
    "pid": 30104,
    "index": 58
  },
  {
    "name": "Require(49) app.js",
    "start": 1629270316272,
    "end": 1629270316273,
    "duration": 1,
    "pid": 30104,
    "index": 59
  },
  {
    "name": "Before Start in node_modules/egg-watcher/lib/init.js:15:14",
    "start": 1629270316285,
    "end": 1629270317503,
    "duration": 1218,
    "pid": 30104,
    "index": 60
  },
  {
    "name": "Did Load in app.js:didLoad",
    "start": 1629270316322,
    "end": 1629270317491,
    "duration": 1169,
    "pid": 30104,
    "index": 61
  },
  {
    "name": "Load Service",
    "start": 1629270316322,
    "end": 1629270316386,
    "duration": 64,
    "pid": 30104,
    "index": 62
  },
  {
    "name": "Load \"service\" to Context",
    "start": 1629270316322,
    "end": 1629270316386,
    "duration": 64,
    "pid": 30104,
    "index": 63
  },
  {
    "name": "Load Middleware",
    "start": 1629270316386,
    "end": 1629270316535,
    "duration": 149,
    "pid": 30104,
    "index": 64
  },
  {
    "name": "Load \"middlewares\" to Application",
    "start": 1629270316387,
    "end": 1629270316511,
    "duration": 124,
    "pid": 30104,
    "index": 65
  },
  {
    "name": "Load Controller",
    "start": 1629270316535,
    "end": 1629270316542,
    "duration": 7,
    "pid": 30104,
    "index": 66
  },
  {
    "name": "Load \"controller\" to Application",
    "start": 1629270316535,
    "end": 1629270316541,
    "duration": 6,
    "pid": 30104,
    "index": 67
  },
  {
    "name": "Load Router",
    "start": 1629270316542,
    "end": 1629270316551,
    "duration": 9,
    "pid": 30104,
    "index": 68
  },
  {
    "name": "Require(50) app/router/index.js",
    "start": 1629270316545,
    "end": 1629270316546,
    "duration": 1,
    "pid": 30104,
    "index": 69
  },
  {
    "name": "Before Start in node_modules/egg-core/lib/egg.js:303:10",
    "start": 1629270316546,
    "end": 1629270317491,
    "duration": 945,
    "pid": 30104,
    "index": 70
  },
  {
    "name": "Will Ready in app.js:willReady",
    "start": 1629270317504,
    "end": 1629270317504,
    "duration": 0,
    "pid": 30104,
    "index": 71
  }
]