[
  {
    "name": "Process Start",
    "start": 1627608291597,
    "end": 1627608292443,
    "duration": 846,
    "pid": 17972,
    "index": 0
  },
  {
    "name": "Application Start",
    "start": 1627608292444,
    "end": 1627608294005,
    "duration": 1561,
    "pid": 17972,
    "index": 1
  },
  {
    "name": "Load Plugin",
    "start": 1627608292447,
    "end": 1627608292469,
    "duration": 22,
    "pid": 17972,
    "index": 2
  },
  {
    "name": "Load Config",
    "start": 1627608292469,
    "end": 1627608292526,
    "duration": 57,
    "pid": 17972,
    "index": 3
  },
  {
    "name": "Require(0) config/config.default.js",
    "start": 1627608292470,
    "end": 1627608292505,
    "duration": 35,
    "pid": 17972,
    "index": 4
  },
  {
    "name": "Require(1) config/config.prod.js",
    "start": 1627608292506,
    "end": 1627608292507,
    "duration": 1,
    "pid": 17972,
    "index": 5
  },
  {
    "name": "Require(2) node_modules/egg-session/config/config.default.js",
    "start": 1627608292508,
    "end": 1627608292508,
    "duration": 0,
    "pid": 17972,
    "index": 6
  },
  {
    "name": "Require(3) node_modules/egg-security/config/config.default.js",
    "start": 1627608292508,
    "end": 1627608292509,
    "duration": 1,
    "pid": 17972,
    "index": 7
  },
  {
    "name": "Require(4) node_modules/egg-jsonp/config/config.default.js",
    "start": 1627608292510,
    "end": 1627608292510,
    "duration": 0,
    "pid": 17972,
    "index": 8
  },
  {
    "name": "Require(5) node_modules/egg-onerror/config/config.default.js",
    "start": 1627608292510,
    "end": 1627608292511,
    "duration": 1,
    "pid": 17972,
    "index": 9
  },
  {
    "name": "Require(6) node_modules/egg-i18n/config/config.default.js",
    "start": 1627608292511,
    "end": 1627608292511,
    "duration": 0,
    "pid": 17972,
    "index": 10
  },
  {
    "name": "Require(7) node_modules/egg-watcher/config/config.default.js",
    "start": 1627608292512,
    "end": 1627608292512,
    "duration": 0,
    "pid": 17972,
    "index": 11
  },
  {
    "name": "Require(8) node_modules/egg-schedule/config/config.default.js",
    "start": 1627608292513,
    "end": 1627608292513,
    "duration": 0,
    "pid": 17972,
    "index": 12
  },
  {
    "name": "Require(9) node_modules/egg-multipart/config/config.default.js",
    "start": 1627608292513,
    "end": 1627608292514,
    "duration": 1,
    "pid": 17972,
    "index": 13
  },
  {
    "name": "Require(10) node_modules/egg-logrotator/config/config.default.js",
    "start": 1627608292514,
    "end": 1627608292515,
    "duration": 1,
    "pid": 17972,
    "index": 14
  },
  {
    "name": "Require(11) node_modules/egg-static/config/config.default.js",
    "start": 1627608292515,
    "end": 1627608292515,
    "duration": 0,
    "pid": 17972,
    "index": 15
  },
  {
    "name": "Require(12) node_modules/egg-view/config/config.default.js",
    "start": 1627608292516,
    "end": 1627608292516,
    "duration": 0,
    "pid": 17972,
    "index": 16
  },
  {
    "name": "Require(13) node_modules/egg-jwt/config/config.default.js",
    "start": 1627608292517,
    "end": 1627608292517,
    "duration": 0,
    "pid": 17972,
    "index": 17
  },
  {
    "name": "Require(14) node_modules/egg-cors/config/config.default.js",
    "start": 1627608292518,
    "end": 1627608292518,
    "duration": 0,
    "pid": 17972,
    "index": 18
  },
  {
    "name": "Require(15) node_modules/egg-view-ejs/config/config.default.js",
    "start": 1627608292518,
    "end": 1627608292519,
    "duration": 1,
    "pid": 17972,
    "index": 19
  },
  {
    "name": "Require(16) node_modules/egg/config/config.default.js",
    "start": 1627608292520,
    "end": 1627608292520,
    "duration": 0,
    "pid": 17972,
    "index": 20
  },
  {
    "name": "Require(17) config/config.default.js",
    "start": 1627608292521,
    "end": 1627608292521,
    "duration": 0,
    "pid": 17972,
    "index": 21
  },
  {
    "name": "Require(18) node_modules/egg-static/config/config.prod.js",
    "start": 1627608292525,
    "end": 1627608292525,
    "duration": 0,
    "pid": 17972,
    "index": 22
  },
  {
    "name": "Require(19) config/config.prod.js",
    "start": 1627608292526,
    "end": 1627608292526,
    "duration": 0,
    "pid": 17972,
    "index": 23
  },
  {
    "name": "Load extend/application.js",
    "start": 1627608292532,
    "end": 1627608292596,
    "duration": 64,
    "pid": 17972,
    "index": 24
  },
  {
    "name": "Require(20) node_modules/egg-session/app/extend/application.js",
    "start": 1627608292533,
    "end": 1627608292534,
    "duration": 1,
    "pid": 17972,
    "index": 25
  },
  {
    "name": "Require(21) node_modules/egg-security/app/extend/application.js",
    "start": 1627608292534,
    "end": 1627608292536,
    "duration": 2,
    "pid": 17972,
    "index": 26
  },
  {
    "name": "Require(22) node_modules/egg-jsonp/app/extend/application.js",
    "start": 1627608292537,
    "end": 1627608292539,
    "duration": 2,
    "pid": 17972,
    "index": 27
  },
  {
    "name": "Require(23) node_modules/egg-logrotator/app/extend/application.js",
    "start": 1627608292541,
    "end": 1627608292542,
    "duration": 1,
    "pid": 17972,
    "index": 28
  },
  {
    "name": "Require(24) node_modules/egg-view/app/extend/application.js",
    "start": 1627608292543,
    "end": 1627608292544,
    "duration": 1,
    "pid": 17972,
    "index": 29
  },
  {
    "name": "Require(25) node_modules/egg-jwt/app/extend/application.js",
    "start": 1627608292545,
    "end": 1627608292587,
    "duration": 42,
    "pid": 17972,
    "index": 30
  },
  {
    "name": "Load extend/request.js",
    "start": 1627608292596,
    "end": 1627608292615,
    "duration": 19,
    "pid": 17972,
    "index": 31
  },
  {
    "name": "Require(26) node_modules/egg/app/extend/request.js",
    "start": 1627608292605,
    "end": 1627608292606,
    "duration": 1,
    "pid": 17972,
    "index": 32
  },
  {
    "name": "Load extend/response.js",
    "start": 1627608292615,
    "end": 1627608292629,
    "duration": 14,
    "pid": 17972,
    "index": 33
  },
  {
    "name": "Require(27) node_modules/egg/app/extend/response.js",
    "start": 1627608292622,
    "end": 1627608292624,
    "duration": 2,
    "pid": 17972,
    "index": 34
  },
  {
    "name": "Load extend/context.js",
    "start": 1627608292629,
    "end": 1627608292705,
    "duration": 76,
    "pid": 17972,
    "index": 35
  },
  {
    "name": "Require(28) node_modules/egg-security/app/extend/context.js",
    "start": 1627608292630,
    "end": 1627608292641,
    "duration": 11,
    "pid": 17972,
    "index": 36
  },
  {
    "name": "Require(29) node_modules/egg-jsonp/app/extend/context.js",
    "start": 1627608292641,
    "end": 1627608292642,
    "duration": 1,
    "pid": 17972,
    "index": 37
  },
  {
    "name": "Require(30) node_modules/egg-i18n/app/extend/context.js",
    "start": 1627608292643,
    "end": 1627608292643,
    "duration": 0,
    "pid": 17972,
    "index": 38
  },
  {
    "name": "Require(31) node_modules/egg-multipart/app/extend/context.js",
    "start": 1627608292645,
    "end": 1627608292691,
    "duration": 46,
    "pid": 17972,
    "index": 39
  },
  {
    "name": "Require(32) node_modules/egg-view/app/extend/context.js",
    "start": 1627608292692,
    "end": 1627608292693,
    "duration": 1,
    "pid": 17972,
    "index": 40
  },
  {
    "name": "Require(33) node_modules/egg/app/extend/context.js",
    "start": 1627608292695,
    "end": 1627608292696,
    "duration": 1,
    "pid": 17972,
    "index": 41
  },
  {
    "name": "Require(34) app/extend/context.js",
    "start": 1627608292697,
    "end": 1627608292697,
    "duration": 0,
    "pid": 17972,
    "index": 42
  },
  {
    "name": "Load extend/helper.js",
    "start": 1627608292705,
    "end": 1627608292732,
    "duration": 27,
    "pid": 17972,
    "index": 43
  },
  {
    "name": "Require(35) node_modules/egg-security/app/extend/helper.js",
    "start": 1627608292706,
    "end": 1627608292723,
    "duration": 17,
    "pid": 17972,
    "index": 44
  },
  {
    "name": "Require(36) node_modules/egg/app/extend/helper.js",
    "start": 1627608292726,
    "end": 1627608292727,
    "duration": 1,
    "pid": 17972,
    "index": 45
  },
  {
    "name": "Load app.js",
    "start": 1627608292732,
    "end": 1627608292776,
    "duration": 44,
    "pid": 17972,
    "index": 46
  },
  {
    "name": "Require(37) node_modules/egg-session/app.js",
    "start": 1627608292732,
    "end": 1627608292733,
    "duration": 1,
    "pid": 17972,
    "index": 47
  },
  {
    "name": "Require(38) node_modules/egg-security/app.js",
    "start": 1627608292733,
    "end": 1627608292735,
    "duration": 2,
    "pid": 17972,
    "index": 48
  },
  {
    "name": "Require(39) node_modules/egg-onerror/app.js",
    "start": 1627608292737,
    "end": 1627608292744,
    "duration": 7,
    "pid": 17972,
    "index": 49
  },
  {
    "name": "Require(40) node_modules/egg-i18n/app.js",
    "start": 1627608292745,
    "end": 1627608292762,
    "duration": 17,
    "pid": 17972,
    "index": 50
  },
  {
    "name": "Require(41) node_modules/egg-watcher/app.js",
    "start": 1627608292762,
    "end": 1627608292765,
    "duration": 3,
    "pid": 17972,
    "index": 51
  },
  {
    "name": "Require(42) node_modules/egg-schedule/app.js",
    "start": 1627608292765,
    "end": 1627608292767,
    "duration": 2,
    "pid": 17972,
    "index": 52
  },
  {
    "name": "Require(43) node_modules/egg-multipart/app.js",
    "start": 1627608292768,
    "end": 1627608292769,
    "duration": 1,
    "pid": 17972,
    "index": 53
  },
  {
    "name": "Require(44) node_modules/egg-logrotator/app.js",
    "start": 1627608292769,
    "end": 1627608292769,
    "duration": 0,
    "pid": 17972,
    "index": 54
  },
  {
    "name": "Require(45) node_modules/egg-static/app.js",
    "start": 1627608292770,
    "end": 1627608292770,
    "duration": 0,
    "pid": 17972,
    "index": 55
  },
  {
    "name": "Require(46) node_modules/egg-jwt/app.js",
    "start": 1627608292772,
    "end": 1627608292772,
    "duration": 0,
    "pid": 17972,
    "index": 56
  },
  {
    "name": "Require(47) node_modules/egg-cors/app.js",
    "start": 1627608292773,
    "end": 1627608292773,
    "duration": 0,
    "pid": 17972,
    "index": 57
  },
  {
    "name": "Require(48) node_modules/egg-view-ejs/app.js",
    "start": 1627608292773,
    "end": 1627608292774,
    "duration": 1,
    "pid": 17972,
    "index": 58
  },
  {
    "name": "Require(49) app.js",
    "start": 1627608292775,
    "end": 1627608292775,
    "duration": 0,
    "pid": 17972,
    "index": 59
  },
  {
    "name": "Before Start in node_modules/egg-watcher/lib/init.js:15:14",
    "start": 1627608292786,
    "end": 1627608294004,
    "duration": 1218,
    "pid": 17972,
    "index": 60
  },
  {
    "name": "Did Load in app.js:didLoad",
    "start": 1627608292818,
    "end": 1627608293994,
    "duration": 1176,
    "pid": 17972,
    "index": 61
  },
  {
    "name": "Load Service",
    "start": 1627608292818,
    "end": 1627608292882,
    "duration": 64,
    "pid": 17972,
    "index": 62
  },
  {
    "name": "Load \"service\" to Context",
    "start": 1627608292819,
    "end": 1627608292882,
    "duration": 63,
    "pid": 17972,
    "index": 63
  },
  {
    "name": "Load Middleware",
    "start": 1627608292882,
    "end": 1627608293032,
    "duration": 150,
    "pid": 17972,
    "index": 64
  },
  {
    "name": "Load \"middlewares\" to Application",
    "start": 1627608292882,
    "end": 1627608293009,
    "duration": 127,
    "pid": 17972,
    "index": 65
  },
  {
    "name": "Load Controller",
    "start": 1627608293032,
    "end": 1627608293039,
    "duration": 7,
    "pid": 17972,
    "index": 66
  },
  {
    "name": "Load \"controller\" to Application",
    "start": 1627608293032,
    "end": 1627608293038,
    "duration": 6,
    "pid": 17972,
    "index": 67
  },
  {
    "name": "Load Router",
    "start": 1627608293039,
    "end": 1627608293043,
    "duration": 4,
    "pid": 17972,
    "index": 68
  },
  {
    "name": "Require(50) app/router/index.js",
    "start": 1627608293040,
    "end": 1627608293040,
    "duration": 0,
    "pid": 17972,
    "index": 69
  },
  {
    "name": "Before Start in node_modules/egg-core/lib/egg.js:303:10",
    "start": 1627608293040,
    "end": 1627608293994,
    "duration": 954,
    "pid": 17972,
    "index": 70
  },
  {
    "name": "Will Ready in app.js:willReady",
    "start": 1627608294005,
    "end": 1627608294005,
    "duration": 0,
    "pid": 17972,
    "index": 71
  }
]