[
  {
    "name": "Process Start",
    "start": 1629272352985,
    "end": 1629272353853,
    "duration": 868,
    "pid": 30020,
    "index": 0
  },
  {
    "name": "Application Start",
    "start": 1629272353853,
    "end": 1629272355423,
    "duration": 1570,
    "pid": 30020,
    "index": 1
  },
  {
    "name": "Load Plugin",
    "start": 1629272353860,
    "end": 1629272353884,
    "duration": 24,
    "pid": 30020,
    "index": 2
  },
  {
    "name": "Load Config",
    "start": 1629272353884,
    "end": 1629272353945,
    "duration": 61,
    "pid": 30020,
    "index": 3
  },
  {
    "name": "Require(0) config/config.default.js",
    "start": 1629272353885,
    "end": 1629272353922,
    "duration": 37,
    "pid": 30020,
    "index": 4
  },
  {
    "name": "Require(1) config/config.prod.js",
    "start": 1629272353923,
    "end": 1629272353924,
    "duration": 1,
    "pid": 30020,
    "index": 5
  },
  {
    "name": "Require(2) node_modules/egg-session/config/config.default.js",
    "start": 1629272353924,
    "end": 1629272353925,
    "duration": 1,
    "pid": 30020,
    "index": 6
  },
  {
    "name": "Require(3) node_modules/egg-security/config/config.default.js",
    "start": 1629272353925,
    "end": 1629272353925,
    "duration": 0,
    "pid": 30020,
    "index": 7
  },
  {
    "name": "Require(4) node_modules/egg-jsonp/config/config.default.js",
    "start": 1629272353926,
    "end": 1629272353927,
    "duration": 1,
    "pid": 30020,
    "index": 8
  },
  {
    "name": "Require(5) node_modules/egg-onerror/config/config.default.js",
    "start": 1629272353927,
    "end": 1629272353927,
    "duration": 0,
    "pid": 30020,
    "index": 9
  },
  {
    "name": "Require(6) node_modules/egg-i18n/config/config.default.js",
    "start": 1629272353928,
    "end": 1629272353928,
    "duration": 0,
    "pid": 30020,
    "index": 10
  },
  {
    "name": "Require(7) node_modules/egg-watcher/config/config.default.js",
    "start": 1629272353929,
    "end": 1629272353929,
    "duration": 0,
    "pid": 30020,
    "index": 11
  },
  {
    "name": "Require(8) node_modules/egg-schedule/config/config.default.js",
    "start": 1629272353929,
    "end": 1629272353930,
    "duration": 1,
    "pid": 30020,
    "index": 12
  },
  {
    "name": "Require(9) node_modules/egg-multipart/config/config.default.js",
    "start": 1629272353930,
    "end": 1629272353930,
    "duration": 0,
    "pid": 30020,
    "index": 13
  },
  {
    "name": "Require(10) node_modules/egg-logrotator/config/config.default.js",
    "start": 1629272353931,
    "end": 1629272353931,
    "duration": 0,
    "pid": 30020,
    "index": 14
  },
  {
    "name": "Require(11) node_modules/egg-static/config/config.default.js",
    "start": 1629272353932,
    "end": 1629272353932,
    "duration": 0,
    "pid": 30020,
    "index": 15
  },
  {
    "name": "Require(12) node_modules/egg-view/config/config.default.js",
    "start": 1629272353933,
    "end": 1629272353933,
    "duration": 0,
    "pid": 30020,
    "index": 16
  },
  {
    "name": "Require(13) node_modules/egg-jwt/config/config.default.js",
    "start": 1629272353935,
    "end": 1629272353935,
    "duration": 0,
    "pid": 30020,
    "index": 17
  },
  {
    "name": "Require(14) node_modules/egg-cors/config/config.default.js",
    "start": 1629272353936,
    "end": 1629272353936,
    "duration": 0,
    "pid": 30020,
    "index": 18
  },
  {
    "name": "Require(15) node_modules/egg-view-ejs/config/config.default.js",
    "start": 1629272353936,
    "end": 1629272353937,
    "duration": 1,
    "pid": 30020,
    "index": 19
  },
  {
    "name": "Require(16) node_modules/egg/config/config.default.js",
    "start": 1629272353937,
    "end": 1629272353937,
    "duration": 0,
    "pid": 30020,
    "index": 20
  },
  {
    "name": "Require(17) config/config.default.js",
    "start": 1629272353938,
    "end": 1629272353939,
    "duration": 1,
    "pid": 30020,
    "index": 21
  },
  {
    "name": "Require(18) node_modules/egg-static/config/config.prod.js",
    "start": 1629272353942,
    "end": 1629272353942,
    "duration": 0,
    "pid": 30020,
    "index": 22
  },
  {
    "name": "Require(19) config/config.prod.js",
    "start": 1629272353945,
    "end": 1629272353945,
    "duration": 0,
    "pid": 30020,
    "index": 23
  },
  {
    "name": "Load extend/application.js",
    "start": 1629272353951,
    "end": 1629272354017,
    "duration": 66,
    "pid": 30020,
    "index": 24
  },
  {
    "name": "Require(20) node_modules/egg-session/app/extend/application.js",
    "start": 1629272353953,
    "end": 1629272353953,
    "duration": 0,
    "pid": 30020,
    "index": 25
  },
  {
    "name": "Require(21) node_modules/egg-security/app/extend/application.js",
    "start": 1629272353954,
    "end": 1629272353956,
    "duration": 2,
    "pid": 30020,
    "index": 26
  },
  {
    "name": "Require(22) node_modules/egg-jsonp/app/extend/application.js",
    "start": 1629272353956,
    "end": 1629272353957,
    "duration": 1,
    "pid": 30020,
    "index": 27
  },
  {
    "name": "Require(23) node_modules/egg-logrotator/app/extend/application.js",
    "start": 1629272353959,
    "end": 1629272353961,
    "duration": 2,
    "pid": 30020,
    "index": 28
  },
  {
    "name": "Require(24) node_modules/egg-view/app/extend/application.js",
    "start": 1629272353962,
    "end": 1629272353964,
    "duration": 2,
    "pid": 30020,
    "index": 29
  },
  {
    "name": "Require(25) node_modules/egg-jwt/app/extend/application.js",
    "start": 1629272353965,
    "end": 1629272354010,
    "duration": 45,
    "pid": 30020,
    "index": 30
  },
  {
    "name": "Load extend/request.js",
    "start": 1629272354017,
    "end": 1629272354031,
    "duration": 14,
    "pid": 30020,
    "index": 31
  },
  {
    "name": "Require(26) node_modules/egg/app/extend/request.js",
    "start": 1629272354023,
    "end": 1629272354024,
    "duration": 1,
    "pid": 30020,
    "index": 32
  },
  {
    "name": "Load extend/response.js",
    "start": 1629272354031,
    "end": 1629272354046,
    "duration": 15,
    "pid": 30020,
    "index": 33
  },
  {
    "name": "Require(27) node_modules/egg/app/extend/response.js",
    "start": 1629272354038,
    "end": 1629272354040,
    "duration": 2,
    "pid": 30020,
    "index": 34
  },
  {
    "name": "Load extend/context.js",
    "start": 1629272354046,
    "end": 1629272354111,
    "duration": 65,
    "pid": 30020,
    "index": 35
  },
  {
    "name": "Require(28) node_modules/egg-security/app/extend/context.js",
    "start": 1629272354046,
    "end": 1629272354058,
    "duration": 12,
    "pid": 30020,
    "index": 36
  },
  {
    "name": "Require(29) node_modules/egg-jsonp/app/extend/context.js",
    "start": 1629272354058,
    "end": 1629272354060,
    "duration": 2,
    "pid": 30020,
    "index": 37
  },
  {
    "name": "Require(30) node_modules/egg-i18n/app/extend/context.js",
    "start": 1629272354060,
    "end": 1629272354061,
    "duration": 1,
    "pid": 30020,
    "index": 38
  },
  {
    "name": "Require(31) node_modules/egg-multipart/app/extend/context.js",
    "start": 1629272354062,
    "end": 1629272354099,
    "duration": 37,
    "pid": 30020,
    "index": 39
  },
  {
    "name": "Require(32) node_modules/egg-view/app/extend/context.js",
    "start": 1629272354101,
    "end": 1629272354102,
    "duration": 1,
    "pid": 30020,
    "index": 40
  },
  {
    "name": "Require(33) node_modules/egg/app/extend/context.js",
    "start": 1629272354104,
    "end": 1629272354105,
    "duration": 1,
    "pid": 30020,
    "index": 41
  },
  {
    "name": "Require(34) app/extend/context.js",
    "start": 1629272354106,
    "end": 1629272354106,
    "duration": 0,
    "pid": 30020,
    "index": 42
  },
  {
    "name": "Load extend/helper.js",
    "start": 1629272354111,
    "end": 1629272354138,
    "duration": 27,
    "pid": 30020,
    "index": 43
  },
  {
    "name": "Require(35) node_modules/egg-security/app/extend/helper.js",
    "start": 1629272354112,
    "end": 1629272354128,
    "duration": 16,
    "pid": 30020,
    "index": 44
  },
  {
    "name": "Require(36) node_modules/egg/app/extend/helper.js",
    "start": 1629272354132,
    "end": 1629272354132,
    "duration": 0,
    "pid": 30020,
    "index": 45
  },
  {
    "name": "Load app.js",
    "start": 1629272354138,
    "end": 1629272354179,
    "duration": 41,
    "pid": 30020,
    "index": 46
  },
  {
    "name": "Require(37) node_modules/egg-session/app.js",
    "start": 1629272354139,
    "end": 1629272354139,
    "duration": 0,
    "pid": 30020,
    "index": 47
  },
  {
    "name": "Require(38) node_modules/egg-security/app.js",
    "start": 1629272354139,
    "end": 1629272354141,
    "duration": 2,
    "pid": 30020,
    "index": 48
  },
  {
    "name": "Require(39) node_modules/egg-onerror/app.js",
    "start": 1629272354142,
    "end": 1629272354148,
    "duration": 6,
    "pid": 30020,
    "index": 49
  },
  {
    "name": "Require(40) node_modules/egg-i18n/app.js",
    "start": 1629272354149,
    "end": 1629272354167,
    "duration": 18,
    "pid": 30020,
    "index": 50
  },
  {
    "name": "Require(41) node_modules/egg-watcher/app.js",
    "start": 1629272354168,
    "end": 1629272354171,
    "duration": 3,
    "pid": 30020,
    "index": 51
  },
  {
    "name": "Require(42) node_modules/egg-schedule/app.js",
    "start": 1629272354172,
    "end": 1629272354173,
    "duration": 1,
    "pid": 30020,
    "index": 52
  },
  {
    "name": "Require(43) node_modules/egg-multipart/app.js",
    "start": 1629272354173,
    "end": 1629272354174,
    "duration": 1,
    "pid": 30020,
    "index": 53
  },
  {
    "name": "Require(44) node_modules/egg-logrotator/app.js",
    "start": 1629272354174,
    "end": 1629272354174,
    "duration": 0,
    "pid": 30020,
    "index": 54
  },
  {
    "name": "Require(45) node_modules/egg-static/app.js",
    "start": 1629272354174,
    "end": 1629272354175,
    "duration": 1,
    "pid": 30020,
    "index": 55
  },
  {
    "name": "Require(46) node_modules/egg-jwt/app.js",
    "start": 1629272354176,
    "end": 1629272354176,
    "duration": 0,
    "pid": 30020,
    "index": 56
  },
  {
    "name": "Require(47) node_modules/egg-cors/app.js",
    "start": 1629272354176,
    "end": 1629272354176,
    "duration": 0,
    "pid": 30020,
    "index": 57
  },
  {
    "name": "Require(48) node_modules/egg-view-ejs/app.js",
    "start": 1629272354177,
    "end": 1629272354177,
    "duration": 0,
    "pid": 30020,
    "index": 58
  },
  {
    "name": "Require(49) app.js",
    "start": 1629272354178,
    "end": 1629272354178,
    "duration": 0,
    "pid": 30020,
    "index": 59
  },
  {
    "name": "Before Start in node_modules/egg-watcher/lib/init.js:15:14",
    "start": 1629272354190,
    "end": 1629272355421,
    "duration": 1231,
    "pid": 30020,
    "index": 60
  },
  {
    "name": "Did Load in app.js:didLoad",
    "start": 1629272354228,
    "end": 1629272355396,
    "duration": 1168,
    "pid": 30020,
    "index": 61
  },
  {
    "name": "Load Service",
    "start": 1629272354228,
    "end": 1629272354297,
    "duration": 69,
    "pid": 30020,
    "index": 62
  },
  {
    "name": "Load \"service\" to Context",
    "start": 1629272354228,
    "end": 1629272354297,
    "duration": 69,
    "pid": 30020,
    "index": 63
  },
  {
    "name": "Load Middleware",
    "start": 1629272354297,
    "end": 1629272354444,
    "duration": 147,
    "pid": 30020,
    "index": 64
  },
  {
    "name": "Load \"middlewares\" to Application",
    "start": 1629272354297,
    "end": 1629272354420,
    "duration": 123,
    "pid": 30020,
    "index": 65
  },
  {
    "name": "Load Controller",
    "start": 1629272354444,
    "end": 1629272354453,
    "duration": 9,
    "pid": 30020,
    "index": 66
  },
  {
    "name": "Load \"controller\" to Application",
    "start": 1629272354444,
    "end": 1629272354453,
    "duration": 9,
    "pid": 30020,
    "index": 67
  },
  {
    "name": "Load Router",
    "start": 1629272354453,
    "end": 1629272354457,
    "duration": 4,
    "pid": 30020,
    "index": 68
  },
  {
    "name": "Require(50) app/router/index.js",
    "start": 1629272354454,
    "end": 1629272354454,
    "duration": 0,
    "pid": 30020,
    "index": 69
  },
  {
    "name": "Before Start in node_modules/egg-core/lib/egg.js:303:10",
    "start": 1629272354455,
    "end": 1629272355396,
    "duration": 941,
    "pid": 30020,
    "index": 70
  },
  {
    "name": "Will Ready in app.js:willReady",
    "start": 1629272355422,
    "end": 1629272355422,
    "duration": 0,
    "pid": 30020,
    "index": 71
  }
]