[
  {
    "name": null,
    "methods": [
      "HEAD",
      "GET"
    ],
    "paramNames": [],
    "path": "/",
    "regexp": "/^(?:\\/(?=$))?$/",
    "stack": [
      "wrappedController"
    ]
  },
  {
    "name": null,
    "methods": [
      "HEAD",
      "GET"
    ],
    "paramNames": [],
    "path": "/home",
    "regexp": "/^\\/home(?:\\/(?=$))?$/",
    "stack": [
      "wrappedController"
    ]
  },
  {
    "name": null,
    "methods": [
      "POST"
    ],
    "paramNames": [],
    "path": "/api/v1/example/openLocalDir",
    "regexp": "/^\\/api\\/v1\\/example\\/openLocalDir(?:\\/(?=$))?$/",
    "stack": [
      "wrappedController"
    ]
  },
  {
    "name": null,
    "methods": [
      "POST"
    ],
    "paramNames": [],
    "path": "/api/v1/example/executeJS",
    "regexp": "/^\\/api\\/v1\\/example\\/executeJS(?:\\/(?=$))?$/",
    "stack": [
      "wrappedController"
    ]
  },
  {
    "name": null,
    "methods": [
      "POST"
    ],
    "paramNames": [],
    "path": "/api/v1/example/uploadFile",
    "regexp": "/^\\/api\\/v1\\/example\\/uploadFile(?:\\/(?=$))?$/",
    "stack": [
      "wrappedController"
    ]
  },
  {
    "name": null,
    "methods": [
      "POST"
    ],
    "paramNames": [],
    "path": "/api/v1/example/getWsUrl",
    "regexp": "/^\\/api\\/v1\\/example\\/getWsUrl(?:\\/(?=$))?$/",
    "stack": [
      "wrappedController"
    ]
  },
  {
    "name": null,
    "methods": [
      "POST"
    ],
    "paramNames": [],
    "path": "/api/v1/example/addTestData",
    "regexp": "/^\\/api\\/v1\\/example\\/addTestData(?:\\/(?=$))?$/",
    "stack": [
      "wrappedController"
    ]
  },
  {
    "name": null,
    "methods": [
      "POST"
    ],
    "paramNames": [],
    "path": "/api/v1/example/delTestData",
    "regexp": "/^\\/api\\/v1\\/example\\/delTestData(?:\\/(?=$))?$/",
    "stack": [
      "wrappedController"
    ]
  },
  {
    "name": null,
    "methods": [
      "POST"
    ],
    "paramNames": [],
    "path": "/api/v1/example/updateTestData",
    "regexp": "/^\\/api\\/v1\\/example\\/updateTestData(?:\\/(?=$))?$/",
    "stack": [
      "wrappedController"
    ]
  },
  {
    "name": null,
    "methods": [
      "POST"
    ],
    "paramNames": [],
    "path": "/api/v1/example/getTestData",
    "regexp": "/^\\/api\\/v1\\/example\\/getTestData(?:\\/(?=$))?$/",
    "stack": [
      "wrappedController"
    ]
  },
  {
    "name": null,
    "methods": [
      "POST"
    ],
    "paramNames": [],
    "path": "/api/v1/setting/autoLaunchEnable",
    "regexp": "/^\\/api\\/v1\\/setting\\/autoLaunchEnable(?:\\/(?=$))?$/",
    "stack": [
      "wrappedController"
    ]
  },
  {
    "name": null,
    "methods": [
      "POST"
    ],
    "paramNames": [],
    "path": "/api/v1/setting/autoLaunchDisable",
    "regexp": "/^\\/api\\/v1\\/setting\\/autoLaunchDisable(?:\\/(?=$))?$/",
    "stack": [
      "wrappedController"
    ]
  },
  {
    "name": null,
    "methods": [
      "POST"
    ],
    "paramNames": [],
    "path": "/api/v1/setting/autoLaunchIsEnabled",
    "regexp": "/^\\/api\\/v1\\/setting\\/autoLaunchIsEnabled(?:\\/(?=$))?$/",
    "stack": [
      "wrappedController"
    ]
  }
]